session_id,user_id,persona,session_start,session_end,session_duration_minutes,exit_reason,is_weekend
S0000001,U04597,active_engager,2025-09-06 08:31:22,2025-09-06 09:20:22,49,interruption,True
S0000002,U00834,binge_user,2025-03-07 22:14:05,2025-03-07 22:48:05,34,fatigue,False
S0000003,U03748,active_engager,2026-03-13 19:23:30,2026-03-13 19:43:30,20,goal_completed,False
S0000004,U00937,passive_scroller,2026-02-15 22:21:13,2026-02-15 22:39:13,18,goal_completed,True
S0000005,U02430,active_engager,2026-02-10 23:47:10,2026-02-11 00:19:10,32,fatigue,False
S0000006,U00704,binge_user,2025-02-21 20:31:18,2025-02-21 22:18:18,107,boredom,False
S0000007,U04155,passive_scroller,2026-02-04 19:03:07,2026-02-04 19:12:07,9,fatigue,False
S0000008,U00564,trend_hopper,2026-02-10 22:17:16,2026-02-10 22:41:16,24,goal_completed,False
S0000009,U04803,passive_scroller,2025-08-01 21:37:44,2025-08-01 21:44:44,7,boredom,False
S0000010,U03898,active_engager,2025-04-02 19:34:05,2025-04-02 20:10:05,36,interruption,False
S0000011,U04495,trend_hopper,2025-09-11 23:46:55,2025-09-11 23:53:55,7,fatigue,False
S0000012,U02565,binge_user,2026-01-23 20:56:59,2026-01-23 21:46:59,50,fatigue,False
S0000013,U01070,passive_scroller,2025-12-03 23:01:19,2025-12-03 23:05:19,4,boredom,False
S0000014,U01210,active_engager,2026-04-29 12:33:03,2026-04-29 12:59:03,26,goal_completed,False
S0000015,U03706,active_engager,2025-07-25 21:43:57,2025-07-25 22:23:57,40,goal_completed,False
S0000016,U03635,trend_hopper,2025-12-13 19:35:51,2025-12-13 19:53:51,18,boredom,True
S0000017,U02660,passive_scroller,2025-02-13 21:18:19,2025-02-13 21:29:19,11,boredom,False
S0000018,U04123,trend_hopper,2025-02-28 00:13:32,2025-02-28 00:28:32,15,boredom,False
S0000019,U02894,binge_user,2025-09-03 01:17:41,2025-09-03 02:08:41,51,boredom,False
S0000020,U01655,trend_hopper,2025-08-22 23:29:47,2025-08-22 23:34:47,5,goal_completed,False
S0000021,U02919,passive_scroller,2025-10-22 22:40:56,2025-10-22 22:51:56,11,boredom,False
S0000022,U01862,binge_user,2025-05-18 22:56:44,2025-05-19 00:16:44,80,fatigue,True
S0000023,U01415,passive_scroller,2025-04-12 20:37:52,2025-04-12 20:51:52,14,goal_completed,True
S0000024,U03526,trend_hopper,2025-07-14 23:21:21,2025-07-14 23:27:21,6,goal_completed,False
S0000025,U03802,binge_user,2025-03-14 13:20:52,2025-03-14 14:02:52,42,boredom,False
S0000026,U01121,active_engager,2025-04-18 22:49:48,2025-04-18 23:08:48,19,boredom,False
S0000027,U03525,passive_scroller,2025-08-27 21:15:54,2025-08-27 21:20:54,5,fatigue,False
S0000028,U00997,active_engager,2025-09-17 22:13:07,2025-09-17 22:24:07,11,fatigue,False
S0000029,U00026,trend_hopper,2025-12-06 19:48:48,2025-12-06 20:01:48,13,interruption,True
S0000030,U04095,trend_hopper,2025-01-26 00:26:27,2025-01-26 00:36:27,10,interruption,True
S0000031,U04888,trend_hopper,2025-08-19 00:36:29,2025-08-19 01:01:29,25,interruption,False
S0000032,U04255,passive_scroller,2026-01-27 00:29:59,2026-01-27 00:42:59,13,boredom,False
S0000033,U04944,passive_scroller,2025-10-17 23:37:58,2025-10-17 23:46:58,9,fatigue,False
S0000034,U00277,binge_user,2026-03-27 19:55:02,2026-03-27 21:06:02,71,goal_completed,False
S0000035,U04930,active_engager,2026-01-08 21:51:40,2026-01-08 22:10:40,19,boredom,False
S0000036,U04205,binge_user,2026-01-05 21:13:02,2026-01-05 22:46:02,93,goal_completed,False
S0000037,U04374,trend_hopper,2025-05-28 21:44:24,2025-05-28 22:00:24,16,goal_completed,False
S0000038,U03293,binge_user,2026-04-04 20:02:34,2026-04-04 22:04:34,122,goal_completed,True
S0000039,U00796,active_engager,2025-11-21 01:31:24,2025-11-21 01:56:24,25,fatigue,False
S0000040,U03793,active_engager,2025-04-07 19:06:50,2025-04-07 19:45:50,39,fatigue,False
S0000041,U00831,binge_user,2025-07-12 18:22:37,2025-07-12 20:10:37,108,interruption,True
S0000042,U01930,trend_hopper,2025-03-03 22:43:05,2025-03-03 23:04:05,21,fatigue,False
S0000043,U00461,active_engager,2026-04-13 23:18:33,2026-04-13 23:44:33,26,goal_completed,False
S0000044,U01066,active_engager,2025-11-04 22:09:02,2025-11-04 22:40:02,31,interruption,False
S0000045,U03076,active_engager,2025-07-23 19:02:04,2025-07-23 19:46:04,44,fatigue,False
S0000046,U02864,trend_hopper,2025-10-03 21:04:56,2025-10-03 21:27:56,23,goal_completed,False
S0000047,U01287,binge_user,2026-01-12 20:01:25,2026-01-12 21:41:25,100,interruption,False
S0000048,U00998,trend_hopper,2026-02-23 21:10:37,2026-02-23 21:30:37,20,boredom,False
S0000049,U00016,active_engager,2025-08-25 23:49:59,2025-08-26 00:21:59,32,interruption,False
S0000050,U04426,active_engager,2025-06-13 20:31:41,2025-06-13 20:54:41,23,fatigue,False
S0000051,U03220,trend_hopper,2026-04-26 01:07:46,2026-04-26 01:17:46,10,boredom,True
S0000052,U04799,binge_user,2025-11-13 20:33:20,2025-11-13 21:19:20,46,goal_completed,False
S0000053,U02026,binge_user,2025-06-14 13:29:38,2025-06-14 14:47:38,78,boredom,True
S0000054,U00193,passive_scroller,2025-06-23 09:16:10,2025-06-23 09:18:10,2,fatigue,False
S0000055,U01833,trend_hopper,2025-05-18 18:41:33,2025-05-18 18:54:33,13,interruption,True
S0000056,U03231,active_engager,2025-03-27 21:35:17,2025-03-27 21:46:17,11,goal_completed,False
S0000057,U00754,trend_hopper,2025-10-23 23:20:54,2025-10-23 23:36:54,16,goal_completed,False
S0000058,U04859,passive_scroller,2025-06-14 20:03:43,2025-06-14 20:15:43,12,boredom,True
S0000059,U03542,active_engager,2025-01-08 20:29:13,2025-01-08 21:00:13,31,boredom,False
S0000060,U04220,binge_user,2025-10-18 21:14:11,2025-10-18 22:57:11,103,goal_completed,True
S0000061,U02309,passive_scroller,2025-04-16 00:33:31,2025-04-16 00:40:31,7,goal_completed,False
S0000062,U02342,binge_user,2025-02-13 21:07:51,2025-02-13 21:49:51,42,boredom,False
S0000063,U01220,trend_hopper,2025-07-04 00:34:55,2025-07-04 00:49:55,15,boredom,False
S0000064,U03336,passive_scroller,2026-02-03 21:11:28,2026-02-03 21:24:28,13,interruption,False
S0000065,U03298,trend_hopper,2025-12-19 20:41:04,2025-12-19 20:49:04,8,interruption,False
S0000066,U01740,trend_hopper,2025-05-07 01:34:06,2025-05-07 01:47:06,13,boredom,False
S0000067,U01110,binge_user,2025-04-27 08:16:50,2025-04-27 08:54:50,38,fatigue,True
S0000068,U04734,passive_scroller,2025-07-10 13:46:11,2025-07-10 13:49:11,3,goal_completed,False
S0000069,U04026,passive_scroller,2025-02-04 18:50:54,2025-02-04 18:57:54,7,fatigue,False
S0000070,U01994,binge_user,2025-11-28 23:37:07,2025-11-29 00:28:07,51,interruption,False
S0000071,U02533,passive_scroller,2025-06-01 22:06:49,2025-06-01 22:15:49,9,fatigue,True
S0000072,U01262,binge_user,2025-12-23 22:41:20,2025-12-23 23:47:20,66,goal_completed,False
S0000073,U02801,trend_hopper,2025-10-29 18:30:03,2025-10-29 18:46:03,16,interruption,False
S0000074,U02104,active_engager,2025-02-04 21:53:16,2025-02-04 22:35:16,42,boredom,False
S0000075,U03257,passive_scroller,2025-03-30 08:43:14,2025-03-30 08:46:14,3,goal_completed,True
S0000076,U02190,active_engager,2025-06-30 00:15:28,2025-06-30 00:51:28,36,goal_completed,False
S0000077,U00481,active_engager,2026-02-16 22:45:08,2026-02-16 23:25:08,40,goal_completed,False
S0000078,U02563,active_engager,2025-11-04 01:29:03,2025-11-04 02:08:03,39,boredom,False
S0000079,U03728,trend_hopper,2025-08-13 23:25:19,2025-08-13 23:40:19,15,fatigue,False
S0000080,U03199,binge_user,2026-02-11 00:08:36,2026-02-11 01:26:36,78,boredom,False
S0000081,U00451,passive_scroller,2025-08-21 18:09:06,2025-08-21 18:19:06,10,boredom,False
S0000082,U01012,active_engager,2025-07-04 22:04:46,2025-07-04 22:29:46,25,interruption,False
S0000083,U01562,binge_user,2025-10-17 00:52:18,2025-10-17 02:40:18,108,interruption,False
S0000084,U04013,binge_user,2025-03-15 19:26:44,2025-03-15 21:09:44,103,interruption,True
S0000085,U04902,active_engager,2025-11-27 21:54:46,2025-11-27 22:29:46,35,interruption,False
S0000086,U02654,passive_scroller,2026-01-11 18:40:26,2026-01-11 18:49:26,9,fatigue,True
S0000087,U01225,active_engager,2025-10-01 23:21:17,2025-10-01 23:31:17,10,interruption,False
S0000088,U03777,active_engager,2025-08-26 18:15:57,2025-08-26 18:25:57,10,goal_completed,False
S0000089,U00928,trend_hopper,2025-12-03 22:49:44,2025-12-03 23:05:44,16,boredom,False
S0000090,U01771,active_engager,2026-01-29 08:15:15,2026-01-29 08:44:15,29,interruption,False
S0000091,U03943,trend_hopper,2025-10-19 19:46:56,2025-10-19 20:01:56,15,interruption,True
S0000092,U04192,binge_user,2025-04-11 12:59:44,2025-04-11 13:50:44,51,boredom,False
S0000093,U03975,binge_user,2026-03-17 00:49:03,2026-03-17 02:22:03,93,interruption,False
S0000094,U01892,passive_scroller,2025-12-11 12:21:16,2025-12-11 12:35:16,14,goal_completed,False
S0000095,U04744,passive_scroller,2025-01-02 18:26:33,2025-01-02 18:38:33,12,interruption,False
S0000096,U02150,trend_hopper,2025-10-26 13:52:41,2025-10-26 14:04:41,12,interruption,True
S0000097,U01714,active_engager,2025-03-23 00:13:12,2025-03-23 00:43:12,30,goal_completed,True
S0000098,U00155,trend_hopper,2026-03-28 20:34:07,2026-03-28 20:53:07,19,fatigue,True
S0000099,U04078,passive_scroller,2025-06-18 18:30:56,2025-06-18 18:36:56,6,fatigue,False
S0000100,U01970,active_engager,2025-10-14 09:38:15,2025-10-14 10:01:15,23,interruption,False
S0000101,U02000,binge_user,2025-03-15 01:23:14,2025-03-15 03:33:14,130,interruption,True
S0000102,U04855,trend_hopper,2026-04-13 23:43:24,2026-04-13 23:57:24,14,fatigue,False
S0000103,U00061,active_engager,2025-06-05 20:25:19,2025-06-05 20:40:19,15,interruption,False
S0000104,U00474,passive_scroller,2025-01-20 21:44:39,2025-01-20 21:59:39,15,interruption,False
S0000105,U04635,trend_hopper,2026-03-17 23:49:33,2026-03-18 00:12:33,23,fatigue,False
S0000106,U00285,trend_hopper,2025-03-10 01:02:16,2025-03-10 01:13:16,11,fatigue,False
S0000107,U04332,binge_user,2025-11-03 22:27:57,2025-11-03 23:48:57,81,interruption,False
S0000108,U04638,binge_user,2025-05-15 19:37:05,2025-05-15 20:56:05,79,fatigue,False
S0000109,U03963,passive_scroller,2025-12-02 23:43:28,2025-12-02 23:46:28,3,fatigue,False
S0000110,U01066,active_engager,2025-01-02 19:11:23,2025-01-02 19:27:23,16,goal_completed,False
S0000111,U00248,active_engager,2025-12-07 19:10:34,2025-12-07 20:02:34,52,boredom,True
S0000112,U02573,active_engager,2025-05-04 13:30:05,2025-05-04 13:45:05,15,fatigue,True
S0000113,U00676,trend_hopper,2025-08-29 13:14:31,2025-08-29 13:37:31,23,goal_completed,False
S0000114,U01329,trend_hopper,2026-01-08 18:51:50,2026-01-08 19:05:50,14,interruption,False
S0000115,U03047,passive_scroller,2025-09-19 20:51:30,2025-09-19 21:05:30,14,interruption,False
S0000116,U04377,trend_hopper,2025-12-11 22:08:37,2025-12-11 22:28:37,20,interruption,False
S0000117,U00744,passive_scroller,2025-07-11 13:50:57,2025-07-11 14:02:57,12,goal_completed,False
S0000118,U00757,trend_hopper,2025-06-07 00:49:41,2025-06-07 01:14:41,25,interruption,True
S0000119,U03944,binge_user,2025-07-14 23:28:42,2025-07-15 00:38:42,70,fatigue,False
S0000120,U03675,binge_user,2025-08-20 19:50:15,2025-08-20 21:49:15,119,interruption,False
S0000121,U00033,passive_scroller,2026-03-15 21:29:45,2026-03-15 21:43:45,14,boredom,True
S0000122,U02952,trend_hopper,2025-01-13 09:01:24,2025-01-13 09:16:24,15,goal_completed,False
S0000123,U03716,binge_user,2025-04-19 01:08:19,2025-04-19 01:47:19,39,interruption,True
S0000124,U03495,active_engager,2025-05-01 01:47:13,2025-05-01 02:09:13,22,fatigue,False
S0000125,U02298,trend_hopper,2025-01-18 18:51:34,2025-01-18 19:15:34,24,interruption,True
S0000126,U00254,passive_scroller,2025-04-11 22:50:21,2025-04-11 22:52:21,2,fatigue,False
S0000127,U00500,binge_user,2025-11-07 01:29:06,2025-11-07 02:45:06,76,interruption,False
S0000128,U03984,binge_user,2025-09-01 00:36:10,2025-09-01 01:21:10,45,fatigue,False
S0000129,U01903,passive_scroller,2025-03-25 12:30:28,2025-03-25 12:39:28,9,boredom,False
S0000130,U02439,active_engager,2025-04-20 20:14:15,2025-04-20 20:48:15,34,boredom,True
S0000131,U04949,passive_scroller,2025-12-09 00:05:15,2025-12-09 00:15:15,10,goal_completed,False
S0000132,U02441,trend_hopper,2025-07-12 22:11:57,2025-07-12 22:19:57,8,fatigue,True
S0000133,U02545,binge_user,2026-03-05 23:02:10,2026-03-05 23:50:10,48,fatigue,False
S0000134,U00431,binge_user,2025-11-27 22:01:24,2025-11-27 22:44:24,43,boredom,False
S0000135,U01989,active_engager,2026-04-13 21:37:13,2026-04-13 21:57:13,20,interruption,False
S0000136,U04735,binge_user,2026-02-19 23:37:45,2026-02-20 00:08:45,31,interruption,False
S0000137,U00778,passive_scroller,2026-02-14 19:13:18,2026-02-14 19:20:18,7,interruption,True
S0000138,U03992,binge_user,2025-12-19 20:40:11,2025-12-19 21:57:11,77,goal_completed,False
S0000139,U02378,binge_user,2026-03-26 21:43:48,2026-03-26 22:29:48,46,goal_completed,False
S0000140,U01358,binge_user,2026-01-11 19:19:37,2026-01-11 20:43:37,84,fatigue,True
S0000141,U00497,binge_user,2025-11-05 21:17:52,2025-11-05 23:02:52,105,fatigue,False
S0000142,U01396,binge_user,2025-11-06 22:28:07,2025-11-06 23:19:07,51,boredom,False
S0000143,U01722,active_engager,2025-07-12 21:51:22,2025-07-12 22:07:22,16,boredom,True
S0000144,U01156,binge_user,2025-01-28 18:32:41,2025-01-28 20:01:41,89,interruption,False
S0000145,U03050,passive_scroller,2025-01-18 20:37:51,2025-01-18 20:47:51,10,goal_completed,True
S0000146,U02107,active_engager,2025-03-23 20:15:00,2025-03-23 21:04:00,49,goal_completed,True
S0000147,U00469,passive_scroller,2026-04-18 19:14:12,2026-04-18 19:22:12,8,interruption,True
S0000148,U03173,trend_hopper,2026-02-09 21:26:37,2026-02-09 21:50:37,24,interruption,False
S0000149,U01022,binge_user,2025-07-13 18:07:05,2025-07-13 19:22:05,75,interruption,True
S0000150,U03110,passive_scroller,2025-11-05 22:33:46,2025-11-05 22:48:46,15,goal_completed,False
S0000151,U00425,binge_user,2026-04-16 19:58:06,2026-04-16 20:41:06,43,goal_completed,False
S0000152,U04508,trend_hopper,2025-08-07 19:36:54,2025-08-07 20:00:54,24,goal_completed,False
S0000153,U02935,binge_user,2025-11-02 22:07:42,2025-11-03 00:19:42,132,interruption,True
S0000154,U02509,trend_hopper,2026-01-09 23:22:38,2026-01-09 23:28:38,6,interruption,False
S0000155,U00656,trend_hopper,2026-01-02 21:15:01,2026-01-02 21:25:01,10,goal_completed,False
S0000156,U02444,binge_user,2026-01-21 01:33:38,2026-01-21 03:13:38,100,boredom,False
S0000157,U04532,passive_scroller,2025-03-29 22:01:31,2025-03-29 22:05:31,4,interruption,True
S0000158,U00666,passive_scroller,2025-09-05 19:25:05,2025-09-05 19:37:05,12,boredom,False
S0000159,U04197,binge_user,2025-02-03 22:10:32,2025-02-03 23:59:32,109,boredom,False
S0000160,U03238,trend_hopper,2026-01-27 01:11:05,2026-01-27 01:21:05,10,boredom,False
S0000161,U03055,trend_hopper,2025-05-28 20:13:20,2025-05-28 20:29:20,16,fatigue,False
S0000162,U00293,binge_user,2025-04-08 00:32:18,2025-04-08 01:30:18,58,interruption,False
S0000163,U00463,active_engager,2025-02-01 08:25:18,2025-02-01 08:57:18,32,fatigue,True
S0000164,U03928,trend_hopper,2026-04-13 18:31:11,2026-04-13 18:50:11,19,interruption,False
S0000165,U04078,passive_scroller,2026-01-09 13:27:26,2026-01-09 13:41:26,14,fatigue,False
S0000166,U02408,passive_scroller,2026-04-11 09:15:09,2026-04-11 09:30:09,15,interruption,True
S0000167,U04831,passive_scroller,2025-11-28 01:43:23,2025-11-28 01:47:23,4,boredom,False
S0000168,U01037,passive_scroller,2025-03-30 01:11:37,2025-03-30 01:15:37,4,goal_completed,True
S0000169,U03328,active_engager,2026-01-25 01:27:28,2026-01-25 01:58:28,31,goal_completed,True
S0000170,U00870,binge_user,2025-11-16 21:38:04,2025-11-16 23:36:04,118,goal_completed,True
S0000171,U04770,active_engager,2025-11-14 01:24:42,2025-11-14 02:00:42,36,fatigue,False
S0000172,U03601,trend_hopper,2025-01-05 23:03:07,2025-01-05 23:16:07,13,fatigue,True
S0000173,U02877,trend_hopper,2025-10-09 13:27:47,2025-10-09 13:35:47,8,goal_completed,False
S0000174,U02208,active_engager,2025-04-14 00:33:25,2025-04-14 00:59:25,26,fatigue,False
S0000175,U02739,trend_hopper,2025-06-01 22:01:41,2025-06-01 22:28:41,27,fatigue,True
S0000176,U02850,binge_user,2025-12-24 23:27:12,2025-12-25 00:02:12,35,interruption,False
S0000177,U01288,active_engager,2025-09-04 20:05:17,2025-09-04 20:30:17,25,boredom,False
S0000178,U02415,trend_hopper,2025-07-12 18:30:51,2025-07-12 18:36:51,6,goal_completed,True
S0000179,U00731,trend_hopper,2026-03-25 22:41:41,2026-03-25 23:06:41,25,boredom,False
S0000180,U01154,passive_scroller,2025-11-17 23:41:03,2025-11-17 23:50:03,9,interruption,False
S0000181,U03685,binge_user,2025-01-09 20:07:06,2025-01-09 21:21:06,74,interruption,False
S0000182,U01352,passive_scroller,2025-10-31 01:32:37,2025-10-31 01:43:37,11,interruption,False
S0000183,U00196,trend_hopper,2025-01-02 21:56:01,2025-01-02 22:09:01,13,interruption,False
S0000184,U04214,binge_user,2025-09-04 22:13:09,2025-09-04 23:44:09,91,goal_completed,False
S0000185,U02733,trend_hopper,2025-02-06 01:12:33,2025-02-06 01:31:33,19,boredom,False
S0000186,U02722,active_engager,2026-04-24 18:26:47,2026-04-24 19:04:47,38,goal_completed,False
S0000187,U03291,trend_hopper,2026-04-07 23:36:08,2026-04-07 23:45:08,9,boredom,False
S0000188,U03790,trend_hopper,2025-06-19 20:23:03,2025-06-19 20:38:03,15,fatigue,False
S0000189,U03207,trend_hopper,2025-07-21 21:56:54,2025-07-21 22:15:54,19,goal_completed,False
S0000190,U01318,passive_scroller,2025-08-27 23:43:00,2025-08-27 23:55:00,12,goal_completed,False
S0000191,U04387,passive_scroller,2025-06-29 18:56:11,2025-06-29 19:04:11,8,interruption,True
S0000192,U02875,passive_scroller,2026-03-14 22:51:44,2026-03-14 23:01:44,10,goal_completed,True
S0000193,U04415,binge_user,2025-05-28 08:07:45,2025-05-28 09:01:45,54,interruption,False
S0000194,U03835,passive_scroller,2025-09-06 21:28:17,2025-09-06 21:38:17,10,goal_completed,True
S0000195,U02811,active_engager,2026-01-14 01:53:03,2026-01-14 02:09:03,16,boredom,False
S0000196,U04437,trend_hopper,2026-04-16 20:51:12,2026-04-16 20:56:12,5,interruption,False
S0000197,U02037,active_engager,2025-02-06 20:33:52,2025-02-06 21:07:52,34,goal_completed,False
S0000198,U00626,trend_hopper,2026-02-27 18:09:14,2026-02-27 18:34:14,25,boredom,False
S0000199,U04405,active_engager,2025-11-18 01:35:00,2025-11-18 02:06:00,31,goal_completed,False
S0000200,U02165,trend_hopper,2025-10-02 23:49:08,2025-10-03 00:07:08,18,goal_completed,False
S0000201,U03971,trend_hopper,2025-09-26 21:11:08,2025-09-26 21:36:08,25,fatigue,False
S0000202,U00287,trend_hopper,2026-04-04 00:47:17,2026-04-04 01:13:17,26,interruption,True
S0000203,U04279,active_engager,2026-04-18 22:52:01,2026-04-18 23:43:01,51,boredom,True
S0000204,U02459,trend_hopper,2026-03-07 20:14:43,2026-03-07 20:28:43,14,interruption,True
S0000205,U00452,trend_hopper,2025-03-04 01:30:43,2025-03-04 01:35:43,5,interruption,False
S0000206,U03722,active_engager,2026-01-22 21:10:24,2026-01-22 21:55:24,45,goal_completed,False
S0000207,U03970,passive_scroller,2026-01-08 08:51:11,2026-01-08 08:58:11,7,goal_completed,False
S0000208,U03208,binge_user,2025-08-09 20:29:08,2025-08-09 21:30:08,61,interruption,True
S0000209,U03887,binge_user,2025-04-25 00:38:55,2025-04-25 02:29:55,111,boredom,False
S0000210,U01726,binge_user,2025-03-07 18:02:13,2025-03-07 19:58:13,116,goal_completed,False
S0000211,U01979,active_engager,2025-09-30 22:24:27,2025-09-30 22:40:27,16,boredom,False
S0000212,U02251,trend_hopper,2025-05-14 23:51:19,2025-05-14 23:56:19,5,interruption,False
S0000213,U04164,active_engager,2025-01-13 01:19:00,2025-01-13 01:45:00,26,interruption,False
S0000214,U03177,binge_user,2026-03-15 18:58:38,2026-03-15 20:10:38,72,fatigue,True
S0000215,U04016,trend_hopper,2026-01-06 12:01:17,2026-01-06 12:19:17,18,boredom,False
S0000216,U02486,active_engager,2025-08-22 21:06:31,2025-08-22 21:50:31,44,fatigue,False
S0000217,U03836,passive_scroller,2025-04-28 21:00:28,2025-04-28 21:14:28,14,boredom,False
S0000218,U02030,active_engager,2025-04-06 22:28:12,2025-04-06 22:54:12,26,interruption,True
S0000219,U03408,passive_scroller,2025-07-27 22:30:08,2025-07-27 22:48:08,18,fatigue,True
S0000220,U03683,trend_hopper,2025-05-07 21:09:19,2025-05-07 21:26:19,17,interruption,False
S0000221,U02354,trend_hopper,2026-04-12 21:04:41,2026-04-12 21:10:41,6,goal_completed,True
S0000222,U03599,binge_user,2025-06-30 00:09:11,2025-06-30 00:57:11,48,boredom,False
S0000223,U04529,trend_hopper,2026-04-23 19:24:46,2026-04-23 19:41:46,17,boredom,False
S0000224,U04957,trend_hopper,2025-11-14 22:29:27,2025-11-14 22:51:27,22,boredom,False
S0000225,U01795,passive_scroller,2025-07-31 13:33:33,2025-07-31 13:47:33,14,interruption,False
S0000226,U02605,binge_user,2025-06-22 20:13:43,2025-06-22 21:51:43,98,fatigue,True
S0000227,U03738,passive_scroller,2026-03-07 12:02:08,2026-03-07 12:12:08,10,boredom,True
S0000228,U00998,trend_hopper,2026-04-19 20:52:13,2026-04-19 21:01:13,9,interruption,True
S0000229,U04136,trend_hopper,2025-03-18 19:17:46,2025-03-18 19:31:46,14,goal_completed,False
S0000230,U00457,trend_hopper,2025-05-22 12:56:57,2025-05-22 13:09:57,13,goal_completed,False
S0000231,U03121,active_engager,2025-03-14 18:59:33,2025-03-14 19:18:33,19,goal_completed,False
S0000232,U02505,trend_hopper,2025-02-27 19:39:46,2025-02-27 19:45:46,6,boredom,False
S0000233,U01933,passive_scroller,2025-02-01 21:33:17,2025-02-01 21:47:17,14,boredom,True
S0000234,U03649,binge_user,2025-07-17 19:52:01,2025-07-17 20:44:01,52,boredom,False
S0000235,U02472,passive_scroller,2025-11-27 22:07:19,2025-11-27 22:21:19,14,goal_completed,False
S0000236,U02202,passive_scroller,2025-07-05 21:53:52,2025-07-05 22:03:52,10,interruption,True
S0000237,U02052,binge_user,2025-05-29 21:23:16,2025-05-29 22:48:16,85,boredom,False
S0000238,U02016,active_engager,2025-02-24 00:56:04,2025-02-24 01:13:04,17,fatigue,False
S0000239,U04563,trend_hopper,2026-03-28 12:40:48,2026-03-28 12:49:48,9,interruption,True
S0000240,U00600,passive_scroller,2026-04-08 13:43:30,2026-04-08 13:47:30,4,goal_completed,False
S0000241,U03564,passive_scroller,2025-05-14 01:59:26,2025-05-14 02:02:26,3,fatigue,False
S0000242,U03269,passive_scroller,2025-08-04 01:15:00,2025-08-04 01:26:00,11,boredom,False
S0000243,U02866,active_engager,2025-03-31 21:44:18,2025-03-31 22:18:18,34,fatigue,False
S0000244,U02365,active_engager,2025-04-04 21:58:20,2025-04-04 22:32:20,34,goal_completed,False
S0000245,U04762,binge_user,2025-01-11 22:31:38,2025-01-11 23:52:38,81,fatigue,True
S0000246,U01457,active_engager,2026-01-18 21:11:49,2026-01-18 21:43:49,32,fatigue,True
S0000247,U03122,binge_user,2025-05-17 23:06:45,2025-05-17 23:42:45,36,fatigue,True
S0000248,U03003,trend_hopper,2025-08-05 00:18:28,2025-08-05 00:41:28,23,goal_completed,False
S0000249,U01686,binge_user,2025-03-06 22:41:03,2025-03-07 00:14:03,93,interruption,False
S0000250,U02605,binge_user,2025-08-30 23:40:44,2025-08-31 01:44:44,124,boredom,True
S0000251,U04239,binge_user,2025-01-31 23:05:59,2025-02-01 00:47:59,102,goal_completed,False
S0000252,U04298,active_engager,2025-07-26 19:21:23,2025-07-26 20:00:23,39,interruption,True
S0000253,U04030,active_engager,2025-08-02 18:11:01,2025-08-02 18:39:01,28,interruption,True
S0000254,U04683,binge_user,2025-08-24 19:17:52,2025-08-24 21:41:52,144,goal_completed,True
S0000255,U04372,active_engager,2025-10-15 21:03:21,2025-10-15 21:40:21,37,interruption,False
S0000256,U00594,passive_scroller,2025-05-20 19:20:06,2025-05-20 19:34:06,14,boredom,False
S0000257,U04863,trend_hopper,2025-05-22 21:28:05,2025-05-22 21:40:05,12,goal_completed,False
S0000258,U02532,trend_hopper,2026-02-14 22:57:19,2026-02-14 23:27:19,30,boredom,True
S0000259,U02984,binge_user,2025-05-07 18:33:15,2025-05-07 20:08:15,95,boredom,False
S0000260,U03051,binge_user,2025-10-29 21:23:18,2025-10-29 21:56:18,33,fatigue,False
S0000261,U02137,trend_hopper,2025-09-13 12:37:10,2025-09-13 12:45:10,8,interruption,True
S0000262,U03409,trend_hopper,2025-02-12 21:04:27,2025-02-12 21:20:27,16,interruption,False
S0000263,U02783,binge_user,2026-02-21 22:50:32,2026-02-22 00:17:32,87,boredom,True
S0000264,U04809,trend_hopper,2025-05-05 22:46:44,2025-05-05 22:59:44,13,goal_completed,False
S0000265,U02432,active_engager,2025-11-09 18:00:50,2025-11-09 18:46:50,46,goal_completed,True
S0000266,U00053,binge_user,2025-08-27 19:24:49,2025-08-27 21:11:49,107,interruption,False
S0000267,U03463,active_engager,2025-12-09 19:26:42,2025-12-09 19:53:42,27,fatigue,False
S0000268,U02922,binge_user,2026-01-31 23:31:21,2026-02-01 01:31:21,120,fatigue,True
S0000269,U04414,trend_hopper,2025-11-14 18:09:55,2025-11-14 18:18:55,9,goal_completed,False
S0000270,U01858,binge_user,2025-10-10 13:49:51,2025-10-10 15:21:51,92,boredom,False
S0000271,U04281,active_engager,2025-02-04 19:27:21,2025-02-04 19:42:21,15,interruption,False
S0000272,U00238,binge_user,2026-01-07 19:58:19,2026-01-07 21:46:19,108,fatigue,False
S0000273,U01497,active_engager,2025-07-18 19:09:57,2025-07-18 19:45:57,36,boredom,False
S0000274,U03386,passive_scroller,2025-05-19 09:34:35,2025-05-19 09:43:35,9,boredom,False
S0000275,U00168,passive_scroller,2025-11-13 22:39:37,2025-11-13 22:43:37,4,fatigue,False
S0000276,U03690,active_engager,2025-05-10 21:28:55,2025-05-10 21:53:55,25,interruption,True
S0000277,U03400,binge_user,2025-01-20 21:51:05,2025-01-20 22:49:05,58,boredom,False
S0000278,U00922,trend_hopper,2025-01-18 22:21:03,2025-01-18 22:27:03,6,goal_completed,True
S0000279,U00746,passive_scroller,2025-07-14 22:15:45,2025-07-14 22:27:45,12,interruption,False
S0000280,U02492,active_engager,2025-05-20 19:52:08,2025-05-20 20:37:08,45,interruption,False
S0000281,U04109,binge_user,2025-12-08 22:18:33,2025-12-09 00:06:33,108,fatigue,False
S0000282,U04064,passive_scroller,2026-01-06 23:49:15,2026-01-06 23:59:15,10,boredom,False
S0000283,U03374,passive_scroller,2025-11-11 20:46:25,2025-11-11 21:01:25,15,goal_completed,False
S0000284,U00416,passive_scroller,2025-12-16 22:06:12,2025-12-16 22:17:12,11,goal_completed,False
S0000285,U04972,trend_hopper,2026-05-01 00:59:00,2026-05-01 01:20:00,21,interruption,False
S0000286,U00545,binge_user,2025-02-21 22:22:12,2025-02-22 00:02:12,100,boredom,False
S0000287,U01744,binge_user,2025-05-15 18:41:03,2025-05-15 20:06:03,85,goal_completed,False
S0000288,U04500,active_engager,2025-02-01 13:34:27,2025-02-01 14:13:27,39,interruption,True
S0000289,U00512,active_engager,2026-04-15 21:08:15,2026-04-15 21:23:15,15,goal_completed,False
S0000290,U00334,passive_scroller,2025-04-12 19:13:53,2025-04-12 19:26:53,13,boredom,True
S0000291,U00511,trend_hopper,2025-10-05 19:22:50,2025-10-05 19:36:50,14,interruption,True
S0000292,U01705,passive_scroller,2025-05-26 01:53:53,2025-05-26 02:06:53,13,interruption,False
S0000293,U00910,trend_hopper,2025-06-19 13:28:30,2025-06-19 13:34:30,6,interruption,False
S0000294,U03882,trend_hopper,2025-07-01 21:37:53,2025-07-01 21:55:53,18,fatigue,False
S0000295,U02001,passive_scroller,2026-02-16 20:05:08,2026-02-16 20:15:08,10,goal_completed,False
S0000296,U04757,binge_user,2025-04-05 21:43:49,2025-04-05 23:07:49,84,fatigue,True
S0000297,U03399,binge_user,2026-03-15 22:20:20,2026-03-15 23:22:20,62,interruption,True
S0000298,U03657,passive_scroller,2025-12-12 19:11:24,2025-12-12 19:26:24,15,interruption,False
S0000299,U03674,trend_hopper,2026-03-28 13:24:47,2026-03-28 13:31:47,7,goal_completed,True
S0000300,U03232,active_engager,2025-07-21 22:06:02,2025-07-21 22:23:02,17,goal_completed,False
S0000301,U03699,active_engager,2025-04-22 22:35:08,2025-04-22 22:48:08,13,boredom,False
S0000302,U02132,binge_user,2025-11-09 23:28:44,2025-11-10 01:36:44,128,interruption,True
S0000303,U03703,active_engager,2025-11-12 00:54:41,2025-11-12 01:39:41,45,goal_completed,False
S0000304,U04449,passive_scroller,2025-07-25 21:48:06,2025-07-25 22:00:06,12,boredom,False
S0000305,U04301,active_engager,2025-04-27 21:25:33,2025-04-27 22:03:33,38,fatigue,True
S0000306,U02353,binge_user,2026-01-23 19:29:57,2026-01-23 20:59:57,90,goal_completed,False
S0000307,U01873,active_engager,2025-07-05 21:16:57,2025-07-05 21:28:57,12,goal_completed,True
S0000308,U03293,binge_user,2025-02-10 08:50:28,2025-02-10 09:53:28,63,goal_completed,False
S0000309,U03279,trend_hopper,2025-09-03 23:28:22,2025-09-03 23:43:22,15,boredom,False
S0000310,U04015,trend_hopper,2025-03-30 21:40:01,2025-03-30 22:04:01,24,fatigue,True
S0000311,U02237,binge_user,2025-06-15 20:54:51,2025-06-15 21:36:51,42,boredom,True
S0000312,U01712,passive_scroller,2025-09-08 19:59:59,2025-09-08 20:05:59,6,fatigue,False
S0000313,U01240,passive_scroller,2025-01-09 19:23:06,2025-01-09 19:33:06,10,goal_completed,False
S0000314,U01683,passive_scroller,2025-03-13 18:06:50,2025-03-13 18:17:50,11,goal_completed,False
S0000315,U00521,binge_user,2025-10-05 23:30:34,2025-10-06 01:40:34,130,fatigue,True
S0000316,U01021,active_engager,2026-02-25 00:07:59,2026-02-25 00:43:59,36,fatigue,False
S0000317,U04376,passive_scroller,2026-01-29 23:50:27,2026-01-29 23:54:27,4,interruption,False
S0000318,U00941,passive_scroller,2025-10-01 19:41:21,2025-10-01 19:46:21,5,fatigue,False
S0000319,U00397,trend_hopper,2026-04-07 09:15:15,2026-04-07 09:23:15,8,interruption,False
S0000320,U03914,trend_hopper,2025-05-26 12:08:14,2025-05-26 12:27:14,19,goal_completed,False
S0000321,U03647,passive_scroller,2025-12-01 20:13:24,2025-12-01 20:18:24,5,goal_completed,False
S0000322,U03736,passive_scroller,2026-01-01 19:34:16,2026-01-01 19:39:16,5,boredom,False
S0000323,U01200,active_engager,2026-04-14 22:37:05,2026-04-14 22:53:05,16,goal_completed,False
S0000324,U04164,active_engager,2026-03-18 20:25:25,2026-03-18 20:50:25,25,interruption,False
S0000325,U03770,active_engager,2025-10-25 09:52:13,2025-10-25 10:32:13,40,interruption,True
S0000326,U00266,passive_scroller,2025-07-02 22:49:42,2025-07-02 22:57:42,8,fatigue,False
S0000327,U03319,binge_user,2026-03-31 20:37:29,2026-03-31 21:11:29,34,interruption,False
S0000328,U03224,active_engager,2025-05-24 23:34:54,2025-05-25 00:00:54,26,interruption,True
S0000329,U03350,active_engager,2026-02-07 23:38:25,2026-02-08 00:03:25,25,boredom,True
S0000330,U03276,trend_hopper,2025-06-23 23:11:59,2025-06-23 23:23:59,12,boredom,False
S0000331,U04607,binge_user,2026-03-28 20:28:08,2026-03-28 21:37:08,69,boredom,True
S0000332,U01626,active_engager,2025-03-20 20:48:53,2025-03-20 21:22:53,34,boredom,False
S0000333,U02938,trend_hopper,2025-12-23 20:02:50,2025-12-23 20:23:50,21,boredom,False
S0000334,U04523,passive_scroller,2025-08-29 21:23:05,2025-08-29 21:33:05,10,fatigue,False
S0000335,U04335,trend_hopper,2025-08-03 08:08:20,2025-08-03 08:24:20,16,interruption,True
S0000336,U00363,trend_hopper,2026-01-29 22:50:11,2026-01-29 23:14:11,24,boredom,False
S0000337,U01971,trend_hopper,2025-02-11 09:10:38,2025-02-11 09:21:38,11,fatigue,False
S0000338,U03931,trend_hopper,2025-04-07 00:06:11,2025-04-07 00:18:11,12,fatigue,False
S0000339,U02005,binge_user,2025-04-11 22:11:00,2025-04-11 23:21:00,70,fatigue,False
S0000340,U04404,trend_hopper,2025-07-19 19:37:59,2025-07-19 19:49:59,12,fatigue,True
S0000341,U02848,active_engager,2025-12-10 20:53:24,2025-12-10 21:29:24,36,goal_completed,False
S0000342,U02774,binge_user,2025-04-19 21:33:15,2025-04-19 23:13:15,100,goal_completed,True
S0000343,U04825,binge_user,2026-04-01 20:51:14,2026-04-01 21:32:14,41,boredom,False
S0000344,U00784,active_engager,2025-10-10 23:29:42,2025-10-10 23:56:42,27,fatigue,False
S0000345,U02304,trend_hopper,2025-11-05 21:22:17,2025-11-05 21:30:17,8,goal_completed,False
S0000346,U03913,passive_scroller,2025-03-07 22:02:46,2025-03-07 22:14:46,12,goal_completed,False
S0000347,U02119,trend_hopper,2025-06-07 00:32:28,2025-06-07 00:59:28,27,fatigue,True
S0000348,U04218,trend_hopper,2026-04-06 18:27:30,2026-04-06 18:46:30,19,boredom,False
S0000349,U00074,binge_user,2025-05-23 19:45:17,2025-05-23 21:21:17,96,interruption,False
S0000350,U03847,binge_user,2025-11-16 23:16:25,2025-11-17 00:59:25,103,fatigue,True
S0000351,U01508,passive_scroller,2025-12-21 22:05:18,2025-12-21 22:13:18,8,goal_completed,True
S0000352,U04154,trend_hopper,2025-03-01 19:32:14,2025-03-01 19:47:14,15,goal_completed,True
S0000353,U03846,trend_hopper,2025-04-12 22:52:19,2025-04-12 23:13:19,21,goal_completed,True
S0000354,U01909,trend_hopper,2025-05-31 00:04:28,2025-05-31 00:24:28,20,boredom,True
S0000355,U01135,binge_user,2025-09-13 22:07:54,2025-09-14 00:29:54,142,boredom,True
S0000356,U04653,passive_scroller,2026-04-08 20:46:35,2026-04-08 20:50:35,4,interruption,False
S0000357,U04570,trend_hopper,2025-08-07 22:35:41,2025-08-07 22:47:41,12,goal_completed,False
S0000358,U03819,passive_scroller,2026-03-11 20:26:33,2026-03-11 20:40:33,14,fatigue,False
S0000359,U02349,active_engager,2025-10-15 12:26:56,2025-10-15 12:53:56,27,fatigue,False
S0000360,U02294,passive_scroller,2025-05-25 00:14:25,2025-05-25 00:29:25,15,interruption,True
S0000361,U04126,binge_user,2026-02-10 18:32:53,2026-02-10 19:33:53,61,fatigue,False
S0000362,U01173,trend_hopper,2026-03-04 00:23:08,2026-03-04 00:39:08,16,goal_completed,False
S0000363,U03052,trend_hopper,2025-11-14 22:59:40,2025-11-14 23:18:40,19,goal_completed,False
S0000364,U03596,active_engager,2025-10-12 22:00:02,2025-10-12 22:50:02,50,fatigue,True
S0000365,U01596,trend_hopper,2025-01-18 20:35:22,2025-01-18 20:48:22,13,fatigue,True
S0000366,U00082,passive_scroller,2025-05-24 21:11:26,2025-05-24 21:21:26,10,boredom,True
S0000367,U02571,trend_hopper,2025-09-26 13:15:52,2025-09-26 13:25:52,10,goal_completed,False
S0000368,U00830,passive_scroller,2026-01-07 23:57:44,2026-01-08 00:01:44,4,goal_completed,False
S0000369,U01799,binge_user,2025-10-30 22:47:29,2025-10-31 00:06:29,79,interruption,False
S0000370,U03306,binge_user,2026-03-20 00:10:45,2026-03-20 02:01:45,111,interruption,False
S0000371,U04643,trend_hopper,2025-10-19 22:32:21,2025-10-19 22:51:21,19,interruption,True
S0000372,U03463,active_engager,2026-03-09 21:13:19,2026-03-09 21:34:19,21,interruption,False
S0000373,U01011,binge_user,2025-03-19 19:02:39,2025-03-19 20:12:39,70,fatigue,False
S0000374,U04570,trend_hopper,2025-03-20 20:29:34,2025-03-20 20:40:34,11,goal_completed,False
S0000375,U04351,active_engager,2026-03-06 00:36:36,2026-03-06 00:59:36,23,fatigue,False
S0000376,U04607,binge_user,2026-02-15 22:26:03,2026-02-15 23:18:03,52,goal_completed,True
S0000377,U02452,binge_user,2025-01-22 18:03:56,2025-01-22 18:37:56,34,interruption,False
S0000378,U00942,active_engager,2025-10-27 20:31:13,2025-10-27 20:44:13,13,fatigue,False
S0000379,U00167,active_engager,2025-02-19 21:52:58,2025-02-19 22:30:58,38,boredom,False
S0000380,U02743,active_engager,2025-12-12 13:10:25,2025-12-12 13:29:25,19,boredom,False
S0000381,U00867,passive_scroller,2025-05-17 20:37:28,2025-05-17 20:51:28,14,goal_completed,True
S0000382,U02205,active_engager,2025-10-25 08:41:06,2025-10-25 09:30:06,49,interruption,True
S0000383,U02504,binge_user,2025-08-06 22:02:36,2025-08-06 23:03:36,61,interruption,False
S0000384,U03148,active_engager,2025-08-22 22:03:44,2025-08-22 22:29:44,26,goal_completed,False
S0000385,U04971,trend_hopper,2025-03-17 13:42:17,2025-03-17 13:49:17,7,goal_completed,False
S0000386,U00316,trend_hopper,2025-04-05 00:34:59,2025-04-05 01:04:59,30,interruption,True
S0000387,U02259,trend_hopper,2026-03-05 08:05:25,2026-03-05 08:26:25,21,boredom,False
S0000388,U01285,passive_scroller,2026-03-24 19:48:52,2026-03-24 19:54:52,6,interruption,False
S0000389,U04754,trend_hopper,2026-04-18 21:12:57,2026-04-18 21:28:57,16,goal_completed,True
S0000390,U01301,trend_hopper,2025-06-17 23:50:50,2025-06-18 00:14:50,24,goal_completed,False
S0000391,U00974,passive_scroller,2025-04-19 21:27:28,2025-04-19 21:29:28,2,boredom,True
S0000392,U03049,passive_scroller,2025-06-14 20:25:33,2025-06-14 20:43:33,18,fatigue,True
S0000393,U02474,active_engager,2025-09-02 21:42:01,2025-09-02 22:22:01,40,boredom,False
S0000394,U04525,trend_hopper,2026-01-30 23:59:30,2026-01-31 00:16:30,17,goal_completed,False
S0000395,U00899,passive_scroller,2025-02-04 13:38:13,2025-02-04 13:40:13,2,interruption,False
S0000396,U01342,trend_hopper,2025-10-20 19:10:50,2025-10-20 19:17:50,7,interruption,False
S0000397,U04340,active_engager,2026-04-08 20:33:12,2026-04-08 20:58:12,25,boredom,False
S0000398,U00005,active_engager,2025-06-05 01:07:54,2025-06-05 01:46:54,39,interruption,False
S0000399,U00041,trend_hopper,2025-09-13 22:06:24,2025-09-13 22:16:24,10,interruption,True
S0000400,U03827,active_engager,2025-09-29 01:19:27,2025-09-29 01:46:27,27,fatigue,False
S0000401,U00303,binge_user,2026-01-20 20:50:03,2026-01-20 22:50:03,120,fatigue,False
S0000402,U02092,passive_scroller,2025-06-04 19:49:09,2025-06-04 20:01:09,12,fatigue,False
S0000403,U01529,trend_hopper,2025-02-26 18:54:30,2025-02-26 19:01:30,7,boredom,False
S0000404,U04677,trend_hopper,2025-10-18 21:57:22,2025-10-18 22:23:22,26,boredom,True
S0000405,U01450,binge_user,2026-04-24 21:53:10,2026-04-24 22:29:10,36,fatigue,False
S0000406,U00129,active_engager,2025-08-24 20:41:08,2025-08-24 21:14:08,33,fatigue,True
S0000407,U02538,binge_user,2025-02-03 21:39:11,2025-02-03 22:59:11,80,interruption,False
S0000408,U03276,trend_hopper,2025-01-10 18:17:33,2025-01-10 18:29:33,12,fatigue,False
S0000409,U01576,passive_scroller,2025-11-24 22:43:19,2025-11-24 22:49:19,6,interruption,False
S0000410,U00057,active_engager,2026-03-01 19:04:23,2026-03-01 19:43:23,39,boredom,True
S0000411,U01858,binge_user,2025-05-20 13:27:43,2025-05-20 14:21:43,54,fatigue,False
S0000412,U04217,binge_user,2025-06-01 19:36:56,2025-06-01 21:08:56,92,interruption,True
S0000413,U03588,binge_user,2026-02-14 00:04:23,2026-02-14 01:22:23,78,fatigue,True
S0000414,U00184,active_engager,2025-03-31 12:50:20,2025-03-31 13:07:20,17,interruption,False
S0000415,U03000,binge_user,2025-03-29 09:54:27,2025-03-29 11:21:27,87,goal_completed,True
S0000416,U03020,trend_hopper,2026-03-21 21:24:47,2026-03-21 21:31:47,7,interruption,True
S0000417,U00234,trend_hopper,2025-08-30 01:56:48,2025-08-30 02:08:48,12,boredom,True
S0000418,U00367,active_engager,2025-03-30 22:35:28,2025-03-30 23:29:28,54,boredom,True
S0000419,U02734,binge_user,2025-04-06 18:09:49,2025-04-06 20:22:49,133,interruption,True
S0000420,U01372,passive_scroller,2025-04-21 19:57:57,2025-04-21 20:06:57,9,goal_completed,False
S0000421,U00654,active_engager,2025-05-18 18:49:46,2025-05-18 19:02:46,13,interruption,True
S0000422,U02289,active_engager,2026-04-25 22:22:30,2026-04-25 22:49:30,27,boredom,True
S0000423,U00680,binge_user,2025-10-17 12:46:18,2025-10-17 13:34:18,48,fatigue,False
S0000424,U04910,passive_scroller,2025-06-09 20:21:39,2025-06-09 20:31:39,10,goal_completed,False
S0000425,U02909,passive_scroller,2025-10-08 09:26:27,2025-10-08 09:40:27,14,interruption,False
S0000426,U04476,trend_hopper,2025-01-11 22:39:28,2025-01-11 22:55:28,16,boredom,True
S0000427,U00028,passive_scroller,2026-04-03 01:14:55,2026-04-03 01:24:55,10,boredom,False
S0000428,U03906,passive_scroller,2025-03-16 21:59:37,2025-03-16 22:09:37,10,goal_completed,True
S0000429,U00412,binge_user,2025-03-07 22:52:42,2025-03-08 00:12:42,80,interruption,False
S0000430,U02238,binge_user,2025-11-26 00:46:32,2025-11-26 01:30:32,44,goal_completed,False
S0000431,U01022,binge_user,2025-02-07 00:31:09,2025-02-07 02:07:09,96,goal_completed,False
S0000432,U01699,passive_scroller,2025-09-03 20:37:38,2025-09-03 20:48:38,11,interruption,False
S0000433,U00234,trend_hopper,2025-09-24 22:24:48,2025-09-24 22:41:48,17,goal_completed,False
S0000434,U00260,trend_hopper,2025-12-03 20:29:02,2025-12-03 20:41:02,12,interruption,False
S0000435,U01702,trend_hopper,2025-02-25 21:33:26,2025-02-25 21:53:26,20,boredom,False
S0000436,U00940,active_engager,2026-02-11 22:23:19,2026-02-11 22:44:19,21,interruption,False
S0000437,U00142,active_engager,2025-01-29 21:21:34,2025-01-29 21:43:34,22,fatigue,False
S0000438,U04562,active_engager,2025-02-15 19:57:02,2025-02-15 20:13:02,16,goal_completed,True
S0000439,U02233,binge_user,2025-11-03 21:46:18,2025-11-03 23:02:18,76,goal_completed,False
S0000440,U01693,trend_hopper,2025-03-29 22:16:42,2025-03-29 22:36:42,20,fatigue,True
S0000441,U02651,binge_user,2025-06-28 21:31:15,2025-06-28 22:41:15,70,boredom,True
S0000442,U03608,active_engager,2025-06-05 18:50:05,2025-06-05 19:25:05,35,interruption,False
S0000443,U03522,passive_scroller,2025-01-19 20:57:29,2025-01-19 21:04:29,7,interruption,True
S0000444,U04549,binge_user,2025-06-12 00:17:56,2025-06-12 01:33:56,76,interruption,False
S0000445,U03661,passive_scroller,2025-04-11 23:20:28,2025-04-11 23:28:28,8,boredom,False
S0000446,U03099,passive_scroller,2025-06-14 21:38:57,2025-06-14 21:44:57,6,fatigue,True
S0000447,U02842,trend_hopper,2026-03-12 09:56:45,2026-03-12 10:15:45,19,interruption,False
S0000448,U02357,binge_user,2025-02-16 22:56:23,2025-02-17 00:04:23,68,interruption,True
S0000449,U04777,active_engager,2025-08-03 18:44:21,2025-08-03 19:30:21,46,fatigue,True
S0000450,U02251,trend_hopper,2025-03-19 13:26:38,2025-03-19 13:43:38,17,boredom,False
S0000451,U04728,active_engager,2025-08-16 21:57:57,2025-08-16 22:30:57,33,interruption,True
S0000452,U02104,active_engager,2026-03-21 12:46:45,2026-03-21 13:06:45,20,interruption,True
S0000453,U04285,passive_scroller,2026-02-01 21:55:01,2026-02-01 22:11:01,16,fatigue,True
S0000454,U01424,trend_hopper,2025-08-18 13:30:41,2025-08-18 13:54:41,24,goal_completed,False
S0000455,U03196,active_engager,2025-05-17 21:05:47,2025-05-17 21:33:47,28,goal_completed,True
S0000456,U00166,active_engager,2025-07-06 21:20:24,2025-07-06 21:57:24,37,interruption,True
S0000457,U02227,active_engager,2025-09-22 13:06:24,2025-09-22 13:35:24,29,fatigue,False
S0000458,U02317,binge_user,2025-05-21 18:55:12,2025-05-21 20:08:12,73,interruption,False
S0000459,U02637,binge_user,2025-02-20 21:54:31,2025-02-20 22:48:31,54,fatigue,False
S0000460,U00169,binge_user,2025-01-19 21:15:39,2025-01-19 21:54:39,39,fatigue,True
S0000461,U02315,active_engager,2025-10-26 18:15:31,2025-10-26 18:47:31,32,interruption,True
S0000462,U00338,binge_user,2025-03-25 21:53:35,2025-03-25 23:08:35,75,interruption,False
S0000463,U03425,binge_user,2025-06-27 19:24:25,2025-06-27 20:26:25,62,fatigue,False
S0000464,U04987,binge_user,2025-06-09 20:49:55,2025-06-09 21:36:55,47,interruption,False
S0000465,U00557,binge_user,2025-03-12 20:22:29,2025-03-12 21:14:29,52,interruption,False
S0000466,U02357,binge_user,2025-02-04 00:25:58,2025-02-04 02:19:58,114,interruption,False
S0000467,U01026,active_engager,2026-03-31 23:44:35,2026-04-01 00:17:35,33,fatigue,False
S0000468,U01238,passive_scroller,2026-04-06 21:17:35,2026-04-06 21:32:35,15,interruption,False
S0000469,U02576,active_engager,2025-06-05 21:00:13,2025-06-05 21:36:13,36,goal_completed,False
S0000470,U00974,passive_scroller,2025-03-17 23:50:13,2025-03-17 23:54:13,4,boredom,False
S0000471,U02271,active_engager,2026-03-14 22:40:52,2026-03-14 23:20:52,40,interruption,True
S0000472,U02338,active_engager,2025-12-20 23:46:31,2025-12-21 00:25:31,39,interruption,True
S0000473,U02163,active_engager,2026-03-09 19:15:36,2026-03-09 19:30:36,15,boredom,False
S0000474,U04592,active_engager,2025-07-19 12:15:25,2025-07-19 12:49:25,34,boredom,True
S0000475,U00936,passive_scroller,2026-01-12 18:53:01,2026-01-12 18:55:01,2,fatigue,False
S0000476,U01946,active_engager,2025-11-06 23:19:42,2025-11-06 23:43:42,24,boredom,False
S0000477,U00714,active_engager,2025-10-10 22:26:52,2025-10-10 23:11:52,45,boredom,False
S0000478,U01191,active_engager,2025-12-29 00:38:16,2025-12-29 00:54:16,16,interruption,False
S0000479,U02243,trend_hopper,2026-03-29 19:37:35,2026-03-29 19:55:35,18,boredom,True
S0000480,U04368,binge_user,2025-03-12 00:27:29,2025-03-12 01:37:29,70,fatigue,False
S0000481,U00869,trend_hopper,2025-04-06 00:23:32,2025-04-06 00:53:32,30,interruption,True
S0000482,U04004,binge_user,2025-01-14 21:28:48,2025-01-14 22:45:48,77,fatigue,False
S0000483,U03206,binge_user,2026-01-08 21:26:17,2026-01-08 23:22:17,116,goal_completed,False
S0000484,U03528,binge_user,2026-04-08 18:58:50,2026-04-08 20:46:50,108,goal_completed,False
S0000485,U00868,passive_scroller,2025-01-24 01:17:26,2025-01-24 01:28:26,11,interruption,False
S0000486,U00444,passive_scroller,2025-04-24 23:43:19,2025-04-24 23:49:19,6,interruption,False
S0000487,U01066,active_engager,2025-10-05 22:55:41,2025-10-05 23:49:41,54,boredom,True
S0000488,U02969,passive_scroller,2025-02-05 12:57:39,2025-02-05 13:01:39,4,fatigue,False
S0000489,U01521,active_engager,2026-01-12 23:44:47,2026-01-13 00:19:47,35,boredom,False
S0000490,U00279,binge_user,2025-09-25 19:36:52,2025-09-25 20:42:52,66,boredom,False
S0000491,U01648,passive_scroller,2026-02-07 20:59:42,2026-02-07 21:02:42,3,boredom,True
S0000492,U01968,active_engager,2025-11-25 20:22:52,2025-11-25 20:38:52,16,fatigue,False
S0000493,U02723,trend_hopper,2025-01-23 00:38:29,2025-01-23 00:48:29,10,boredom,False
S0000494,U03913,passive_scroller,2025-12-12 09:19:57,2025-12-12 09:34:57,15,boredom,False
S0000495,U00919,binge_user,2025-08-03 18:05:12,2025-08-03 20:18:12,133,fatigue,True
S0000496,U02466,passive_scroller,2026-01-01 09:48:38,2026-01-01 09:51:38,3,fatigue,False
S0000497,U00987,passive_scroller,2026-01-25 12:46:25,2026-01-25 12:56:25,10,fatigue,True
S0000498,U00377,passive_scroller,2025-05-25 09:05:27,2025-05-25 09:11:27,6,fatigue,True
S0000499,U03448,passive_scroller,2025-07-10 00:49:16,2025-07-10 01:00:16,11,interruption,False
S0000500,U04820,binge_user,2025-03-21 21:56:08,2025-03-21 23:14:08,78,fatigue,False
S0000501,U00680,binge_user,2025-08-11 01:01:46,2025-08-11 01:57:46,56,interruption,False
S0000502,U02768,passive_scroller,2025-01-10 21:16:46,2025-01-10 21:18:46,2,fatigue,False
S0000503,U04673,active_engager,2025-03-02 21:15:53,2025-03-02 21:47:53,32,interruption,True
S0000504,U00863,binge_user,2026-03-01 01:30:49,2026-03-01 02:07:49,37,interruption,True
S0000505,U01180,trend_hopper,2025-07-17 13:08:43,2025-07-17 13:18:43,10,boredom,False
S0000506,U04418,binge_user,2026-02-19 00:00:41,2026-02-19 00:45:41,45,interruption,False
S0000507,U02668,trend_hopper,2025-06-19 19:51:06,2025-06-19 20:01:06,10,goal_completed,False
S0000508,U03284,binge_user,2025-09-04 19:41:07,2025-09-04 20:31:07,50,boredom,False
S0000509,U00001,passive_scroller,2025-05-02 23:28:21,2025-05-02 23:31:21,3,fatigue,False
S0000510,U00775,passive_scroller,2025-01-16 01:28:58,2025-01-16 01:36:58,8,goal_completed,False
S0000511,U01363,passive_scroller,2025-01-31 00:59:02,2025-01-31 01:13:02,14,fatigue,False
S0000512,U04794,active_engager,2026-03-05 20:31:54,2026-03-05 20:50:54,19,goal_completed,False
S0000513,U03259,active_engager,2026-04-24 19:56:21,2026-04-24 20:20:21,24,interruption,False
S0000514,U00432,active_engager,2025-10-06 01:09:15,2025-10-06 01:23:15,14,interruption,False
S0000515,U02394,passive_scroller,2026-04-12 23:28:56,2026-04-12 23:42:56,14,boredom,True
S0000516,U00783,trend_hopper,2025-12-13 23:32:47,2025-12-13 23:42:47,10,interruption,True
S0000517,U01214,passive_scroller,2025-12-08 22:34:34,2025-12-08 22:48:34,14,interruption,False
S0000518,U01719,passive_scroller,2025-10-04 22:14:14,2025-10-04 22:28:14,14,interruption,True
S0000519,U03140,trend_hopper,2025-06-17 22:12:43,2025-06-17 22:31:43,19,boredom,False
S0000520,U03769,active_engager,2025-09-11 00:30:51,2025-09-11 00:45:51,15,interruption,False
S0000521,U01381,binge_user,2025-03-18 22:46:15,2025-03-19 00:24:15,98,interruption,False
S0000522,U04044,active_engager,2025-04-21 22:12:33,2025-04-21 22:45:33,33,boredom,False
S0000523,U00692,trend_hopper,2025-06-25 21:16:49,2025-06-25 21:41:49,25,fatigue,False
S0000524,U01291,passive_scroller,2025-07-17 20:56:41,2025-07-17 21:11:41,15,goal_completed,False
S0000525,U02326,binge_user,2025-02-24 23:25:29,2025-02-25 00:32:29,67,goal_completed,False
S0000526,U03892,binge_user,2025-10-21 00:03:00,2025-10-21 01:05:00,62,boredom,False
S0000527,U01728,active_engager,2025-02-24 00:03:47,2025-02-24 00:41:47,38,boredom,False
S0000528,U03630,active_engager,2026-03-05 19:54:42,2026-03-05 20:14:42,20,fatigue,False
S0000529,U04578,active_engager,2025-01-29 21:46:27,2025-01-29 22:29:27,43,goal_completed,False
S0000530,U00137,trend_hopper,2025-08-21 20:38:08,2025-08-21 20:59:08,21,goal_completed,False
S0000531,U00410,active_engager,2025-04-26 22:05:07,2025-04-26 22:56:07,51,fatigue,True
S0000532,U01198,passive_scroller,2026-04-01 20:53:20,2026-04-01 21:08:20,15,interruption,False
S0000533,U00511,trend_hopper,2025-04-01 23:58:02,2025-04-02 00:07:02,9,goal_completed,False
S0000534,U03586,active_engager,2026-02-03 00:19:08,2026-02-03 00:44:08,25,goal_completed,False
S0000535,U04264,passive_scroller,2026-04-17 08:11:07,2026-04-17 08:18:07,7,interruption,False
S0000536,U04894,binge_user,2025-06-17 18:28:46,2025-06-17 19:34:46,66,boredom,False
S0000537,U02707,binge_user,2025-04-28 21:46:53,2025-04-28 23:07:53,81,boredom,False
S0000538,U02018,active_engager,2025-11-18 22:11:36,2025-11-18 22:30:36,19,goal_completed,False
S0000539,U02420,trend_hopper,2025-06-25 01:51:42,2025-06-25 01:56:42,5,fatigue,False
S0000540,U02855,trend_hopper,2025-11-09 13:14:08,2025-11-09 13:20:08,6,fatigue,True
S0000541,U04373,active_engager,2025-02-14 22:49:37,2025-02-14 23:12:37,23,interruption,False
S0000542,U02650,trend_hopper,2025-02-06 19:43:02,2025-02-06 20:02:02,19,boredom,False
S0000543,U01885,binge_user,2026-04-05 13:25:31,2026-04-05 15:41:31,136,goal_completed,True
S0000544,U03254,passive_scroller,2025-09-01 18:24:21,2025-09-01 18:29:21,5,boredom,False
S0000545,U02085,binge_user,2025-10-15 23:57:47,2025-10-16 01:30:47,93,boredom,False
S0000546,U03563,active_engager,2025-07-06 22:42:39,2025-07-06 23:07:39,25,goal_completed,True
S0000547,U00525,trend_hopper,2025-09-13 18:12:58,2025-09-13 18:25:58,13,interruption,True
S0000548,U00959,active_engager,2025-09-11 22:02:32,2025-09-11 22:40:32,38,goal_completed,False
S0000549,U04262,binge_user,2026-01-09 20:20:20,2026-01-09 21:22:20,62,goal_completed,False
S0000550,U00157,active_engager,2026-01-26 21:47:03,2026-01-26 22:26:03,39,boredom,False
S0000551,U04410,passive_scroller,2025-12-25 18:07:43,2025-12-25 18:10:43,3,goal_completed,False
S0000552,U02425,active_engager,2025-01-18 22:02:44,2025-01-18 22:42:44,40,goal_completed,True
S0000553,U02986,passive_scroller,2025-03-27 19:39:34,2025-03-27 19:51:34,12,interruption,False
S0000554,U04952,passive_scroller,2025-12-13 20:44:56,2025-12-13 20:57:56,13,goal_completed,True
S0000555,U00299,binge_user,2026-02-05 21:41:25,2026-02-05 23:20:25,99,boredom,False
S0000556,U04126,binge_user,2026-04-12 22:45:15,2026-04-12 23:43:15,58,boredom,True
S0000557,U03174,binge_user,2025-09-08 20:22:07,2025-09-08 21:54:07,92,boredom,False
S0000558,U01756,binge_user,2025-05-05 21:48:30,2025-05-05 23:45:30,117,fatigue,False
S0000559,U03130,passive_scroller,2025-06-04 21:25:13,2025-06-04 21:37:13,12,fatigue,False
S0000560,U02560,active_engager,2026-02-28 12:32:16,2026-02-28 13:02:16,30,boredom,True
S0000561,U00884,trend_hopper,2025-12-14 19:13:38,2025-12-14 19:22:38,9,goal_completed,True
S0000562,U03379,passive_scroller,2025-03-22 23:39:36,2025-03-22 23:48:36,9,goal_completed,True
S0000563,U03338,passive_scroller,2025-03-01 22:04:22,2025-03-01 22:19:22,15,interruption,True
S0000564,U02959,binge_user,2025-04-25 23:51:56,2025-04-26 01:15:56,84,goal_completed,False
S0000565,U01304,passive_scroller,2025-02-25 20:04:50,2025-02-25 20:14:50,10,fatigue,False
S0000566,U04115,trend_hopper,2025-03-24 22:39:38,2025-03-24 22:52:38,13,interruption,False
S0000567,U03200,active_engager,2025-12-03 00:17:08,2025-12-03 00:33:08,16,goal_completed,False
S0000568,U04135,passive_scroller,2025-05-14 13:56:54,2025-05-14 13:59:54,3,interruption,False
S0000569,U04065,active_engager,2025-09-20 21:56:59,2025-09-20 22:44:59,48,fatigue,True
S0000570,U01902,active_engager,2025-07-26 12:15:29,2025-07-26 13:06:29,51,fatigue,True
S0000571,U00027,passive_scroller,2026-04-03 18:09:17,2026-04-03 18:17:17,8,interruption,False
S0000572,U03620,active_engager,2026-04-28 22:29:19,2026-04-28 23:12:19,43,boredom,False
S0000573,U00663,active_engager,2025-07-05 01:54:39,2025-07-05 02:30:39,36,boredom,True
S0000574,U02531,passive_scroller,2026-03-22 12:52:22,2026-03-22 12:56:22,4,fatigue,True
S0000575,U03890,binge_user,2025-02-16 21:38:09,2025-02-16 23:29:09,111,boredom,True
S0000576,U01484,binge_user,2025-10-26 22:15:09,2025-10-26 23:46:09,91,goal_completed,True
S0000577,U02595,trend_hopper,2025-11-10 12:07:51,2025-11-10 12:27:51,20,interruption,False
S0000578,U03777,active_engager,2025-06-11 18:22:06,2025-06-11 18:41:06,19,goal_completed,False
S0000579,U04609,trend_hopper,2025-05-26 22:00:07,2025-05-26 22:06:07,6,fatigue,False
S0000580,U03094,binge_user,2026-01-08 09:53:53,2026-01-08 10:46:53,53,interruption,False
S0000581,U04121,passive_scroller,2025-04-19 19:20:52,2025-04-19 19:36:52,16,boredom,True
S0000582,U04941,binge_user,2025-09-11 21:38:01,2025-09-11 22:48:01,70,goal_completed,False
S0000583,U04014,passive_scroller,2025-12-17 20:03:55,2025-12-17 20:12:55,9,goal_completed,False
S0000584,U01340,active_engager,2026-04-11 13:31:37,2026-04-11 14:08:37,37,interruption,True
S0000585,U01779,binge_user,2025-08-11 20:14:09,2025-08-11 21:16:09,62,goal_completed,False
S0000586,U01963,passive_scroller,2026-01-19 13:33:15,2026-01-19 13:42:15,9,interruption,False
S0000587,U00936,passive_scroller,2025-07-30 08:53:16,2025-07-30 09:01:16,8,boredom,False
S0000588,U02540,active_engager,2025-03-04 20:25:59,2025-03-04 20:48:59,23,fatigue,False
S0000589,U04181,passive_scroller,2025-03-10 22:42:22,2025-03-10 22:54:22,12,boredom,False
S0000590,U00495,passive_scroller,2026-02-09 23:40:06,2026-02-09 23:53:06,13,boredom,False
S0000591,U01507,trend_hopper,2026-05-01 13:31:56,2026-05-01 13:38:56,7,goal_completed,False
S0000592,U01259,trend_hopper,2026-03-23 22:44:22,2026-03-23 22:51:22,7,boredom,False
S0000593,U01351,trend_hopper,2025-06-15 22:17:52,2025-06-15 22:27:52,10,boredom,True
S0000594,U01709,active_engager,2025-09-27 09:00:08,2025-09-27 09:31:08,31,interruption,True
S0000595,U03831,binge_user,2025-09-21 21:29:11,2025-09-21 23:45:11,136,fatigue,True
S0000596,U01015,passive_scroller,2025-03-12 22:14:37,2025-03-12 22:28:37,14,goal_completed,False
S0000597,U01070,passive_scroller,2026-04-27 18:12:42,2026-04-27 18:15:42,3,fatigue,False
S0000598,U01238,passive_scroller,2025-12-06 13:29:27,2025-12-06 13:45:27,16,fatigue,True
S0000599,U00577,passive_scroller,2025-04-14 12:53:53,2025-04-14 13:05:53,12,boredom,False
S0000600,U02887,active_engager,2025-10-21 21:14:29,2025-10-21 21:51:29,37,boredom,False
S0000601,U03692,binge_user,2025-04-02 22:24:05,2025-04-02 23:07:05,43,fatigue,False
S0000602,U01936,trend_hopper,2025-06-06 18:28:46,2025-06-06 18:35:46,7,fatigue,False
S0000603,U01157,active_engager,2025-01-10 19:59:50,2025-01-10 20:16:50,17,goal_completed,False
S0000604,U04248,trend_hopper,2026-01-06 18:44:24,2026-01-06 19:01:24,17,boredom,False
S0000605,U01644,active_engager,2025-12-29 23:57:13,2025-12-30 00:32:13,35,interruption,False
S0000606,U04150,passive_scroller,2025-04-05 18:57:12,2025-04-05 19:06:12,9,goal_completed,True
S0000607,U03702,trend_hopper,2025-07-29 00:20:11,2025-07-29 00:26:11,6,boredom,False
S0000608,U00398,passive_scroller,2025-02-25 19:24:17,2025-02-25 19:35:17,11,goal_completed,False
S0000609,U03858,binge_user,2026-01-07 22:00:38,2026-01-07 23:11:38,71,boredom,False
S0000610,U02439,active_engager,2025-05-29 21:14:57,2025-05-29 21:52:57,38,interruption,False
S0000611,U00728,trend_hopper,2025-11-05 23:42:40,2025-11-05 23:48:40,6,boredom,False
S0000612,U01032,binge_user,2026-02-08 22:00:22,2026-02-08 23:31:22,91,interruption,True
S0000613,U03304,passive_scroller,2026-02-14 18:57:18,2026-02-14 18:59:18,2,fatigue,True
S0000614,U00888,binge_user,2025-05-26 21:21:23,2025-05-26 22:59:23,98,boredom,False
S0000615,U00039,trend_hopper,2025-08-25 00:09:11,2025-08-25 00:33:11,24,fatigue,False
S0000616,U02157,passive_scroller,2025-06-27 13:15:37,2025-06-27 13:30:37,15,goal_completed,False
S0000617,U03255,active_engager,2025-03-19 21:14:59,2025-03-19 21:55:59,41,goal_completed,False
S0000618,U03336,passive_scroller,2025-08-15 01:44:13,2025-08-15 01:49:13,5,interruption,False
S0000619,U00780,binge_user,2025-06-04 21:19:02,2025-06-04 22:28:02,69,interruption,False
S0000620,U03643,active_engager,2025-06-20 23:16:35,2025-06-20 23:52:35,36,fatigue,False
S0000621,U00827,active_engager,2025-04-07 20:17:02,2025-04-07 20:52:02,35,interruption,False
S0000622,U01087,trend_hopper,2025-10-07 12:58:36,2025-10-07 13:14:36,16,boredom,False
S0000623,U00810,passive_scroller,2026-01-31 19:25:22,2026-01-31 19:43:22,18,boredom,True
S0000624,U03939,binge_user,2025-10-10 20:09:11,2025-10-10 20:48:11,39,goal_completed,False
S0000625,U03659,passive_scroller,2025-11-16 01:10:02,2025-11-16 01:17:02,7,fatigue,True
S0000626,U03214,passive_scroller,2025-02-15 22:17:31,2025-02-15 22:35:31,18,goal_completed,True
S0000627,U03239,active_engager,2025-01-07 23:37:40,2025-01-07 23:48:40,11,interruption,False
S0000628,U00009,trend_hopper,2025-09-12 18:48:33,2025-09-12 19:07:33,19,fatigue,False
S0000629,U00174,passive_scroller,2026-02-04 18:35:13,2026-02-04 18:47:13,12,goal_completed,False
S0000630,U04450,passive_scroller,2026-01-28 00:53:41,2026-01-28 01:04:41,11,goal_completed,False
S0000631,U03978,active_engager,2025-10-23 09:04:41,2025-10-23 09:35:41,31,boredom,False
S0000632,U03905,trend_hopper,2025-12-20 22:04:13,2025-12-20 22:10:13,6,goal_completed,True
S0000633,U00679,active_engager,2026-01-10 09:31:54,2026-01-10 10:03:54,32,goal_completed,True
S0000634,U03547,active_engager,2025-10-10 09:11:01,2025-10-10 09:50:01,39,goal_completed,False
S0000635,U00078,passive_scroller,2025-01-29 20:29:39,2025-01-29 20:36:39,7,goal_completed,False
S0000636,U04503,trend_hopper,2025-07-05 19:15:38,2025-07-05 19:25:38,10,goal_completed,True
S0000637,U03764,trend_hopper,2025-11-01 00:27:20,2025-11-01 00:35:20,8,goal_completed,True
S0000638,U00104,trend_hopper,2025-08-09 13:44:18,2025-08-09 14:09:18,25,interruption,True
S0000639,U02682,trend_hopper,2026-02-01 21:26:32,2026-02-01 21:45:32,19,boredom,True
S0000640,U02776,active_engager,2025-04-15 18:55:25,2025-04-15 19:16:25,21,boredom,False
S0000641,U03754,binge_user,2026-01-28 23:30:29,2026-01-29 00:16:29,46,boredom,False
S0000642,U04295,trend_hopper,2025-03-28 01:27:02,2025-03-28 01:42:02,15,interruption,False
S0000643,U04635,trend_hopper,2026-03-04 18:03:41,2026-03-04 18:20:41,17,goal_completed,False
S0000644,U03852,passive_scroller,2025-06-01 22:30:36,2025-06-01 22:34:36,4,boredom,True
S0000645,U04265,passive_scroller,2026-02-26 20:50:37,2026-02-26 21:04:37,14,interruption,False
S0000646,U02759,trend_hopper,2026-04-03 18:18:11,2026-04-03 18:41:11,23,goal_completed,False
S0000647,U04630,trend_hopper,2026-01-20 18:40:47,2026-01-20 18:50:47,10,fatigue,False
S0000648,U00644,passive_scroller,2025-12-30 00:02:59,2025-12-30 00:06:59,4,boredom,False
S0000649,U04575,active_engager,2026-02-28 20:30:37,2026-02-28 21:16:37,46,boredom,True
S0000650,U03044,passive_scroller,2025-01-20 20:04:13,2025-01-20 20:10:13,6,boredom,False
S0000651,U00205,active_engager,2025-11-17 22:02:47,2025-11-17 22:15:47,13,goal_completed,False
S0000652,U01442,binge_user,2026-02-12 18:42:06,2026-02-12 19:32:06,50,boredom,False
S0000653,U03981,trend_hopper,2025-11-04 20:47:06,2025-11-04 21:12:06,25,goal_completed,False
S0000654,U00970,trend_hopper,2025-10-13 22:26:43,2025-10-13 22:46:43,20,interruption,False
S0000655,U02428,binge_user,2026-03-11 20:53:28,2026-03-11 22:43:28,110,interruption,False
S0000656,U01507,trend_hopper,2025-10-15 18:11:21,2025-10-15 18:27:21,16,interruption,False
S0000657,U03633,trend_hopper,2025-01-13 20:08:36,2025-01-13 20:20:36,12,fatigue,False
S0000658,U00300,trend_hopper,2026-03-26 22:27:22,2026-03-26 22:52:22,25,interruption,False
S0000659,U01912,trend_hopper,2025-09-28 00:37:31,2025-09-28 00:46:31,9,goal_completed,True
S0000660,U01448,binge_user,2025-09-17 13:35:50,2025-09-17 14:32:50,57,fatigue,False
S0000661,U02650,trend_hopper,2026-03-13 21:28:39,2026-03-13 21:41:39,13,boredom,False
S0000662,U02242,binge_user,2025-12-11 20:51:46,2025-12-11 22:05:46,74,goal_completed,False
S0000663,U02781,active_engager,2025-05-27 20:25:51,2025-05-27 20:39:51,14,interruption,False
S0000664,U04962,passive_scroller,2025-07-24 20:49:26,2025-07-24 20:59:26,10,goal_completed,False
S0000665,U03673,active_engager,2025-12-26 18:36:47,2025-12-26 19:09:47,33,goal_completed,False
S0000666,U02011,trend_hopper,2025-06-16 22:47:47,2025-06-16 22:56:47,9,interruption,False
S0000667,U02785,trend_hopper,2025-02-24 22:20:44,2025-02-24 22:33:44,13,fatigue,False
S0000668,U00052,binge_user,2025-05-27 00:24:20,2025-05-27 01:30:20,66,interruption,False
S0000669,U02092,passive_scroller,2025-11-29 22:22:57,2025-11-29 22:31:57,9,interruption,True
S0000670,U03639,binge_user,2026-01-08 22:02:47,2026-01-08 23:22:47,80,interruption,False
S0000671,U00919,binge_user,2025-07-20 21:56:34,2025-07-21 00:08:34,132,interruption,True
S0000672,U01184,active_engager,2026-04-20 01:44:16,2026-04-20 02:20:16,36,boredom,False
S0000673,U04007,active_engager,2025-02-24 23:51:23,2025-02-25 00:08:23,17,interruption,False
S0000674,U03359,active_engager,2025-04-28 19:43:07,2025-04-28 20:28:07,45,goal_completed,False
S0000675,U00114,binge_user,2025-02-10 13:49:09,2025-02-10 15:05:09,76,boredom,False
S0000676,U03963,passive_scroller,2025-08-09 22:27:35,2025-08-09 22:29:35,2,interruption,True
S0000677,U01640,binge_user,2025-05-05 21:35:27,2025-05-05 22:49:27,74,interruption,False
S0000678,U03821,binge_user,2025-08-30 01:04:34,2025-08-30 01:55:34,51,interruption,True
S0000679,U03833,trend_hopper,2025-12-06 19:40:26,2025-12-06 20:08:26,28,goal_completed,True
S0000680,U00582,passive_scroller,2025-09-17 19:06:30,2025-09-17 19:09:30,3,interruption,False
S0000681,U00574,trend_hopper,2026-03-03 22:34:49,2026-03-03 22:59:49,25,goal_completed,False
S0000682,U01913,active_engager,2026-01-04 21:18:09,2026-01-04 22:03:09,45,fatigue,True
S0000683,U04641,passive_scroller,2025-09-22 22:39:38,2025-09-22 22:43:38,4,interruption,False
S0000684,U02549,passive_scroller,2025-11-17 22:26:43,2025-11-17 22:35:43,9,fatigue,False
S0000685,U03264,trend_hopper,2025-11-05 22:49:12,2025-11-05 22:59:12,10,goal_completed,False
S0000686,U00831,binge_user,2025-08-22 23:57:45,2025-08-23 00:29:45,32,boredom,False
S0000687,U01214,passive_scroller,2025-07-20 09:37:31,2025-07-20 09:55:31,18,boredom,True
S0000688,U02243,trend_hopper,2025-03-19 23:39:59,2025-03-19 23:53:59,14,boredom,False
S0000689,U04059,binge_user,2025-05-22 23:10:19,2025-05-23 01:00:19,110,interruption,False
S0000690,U04037,active_engager,2025-12-06 00:03:49,2025-12-06 00:27:49,24,goal_completed,True
S0000691,U03322,trend_hopper,2025-10-18 12:31:52,2025-10-18 12:40:52,9,interruption,True
S0000692,U01817,binge_user,2025-07-23 13:50:11,2025-07-23 14:37:11,47,fatigue,False
S0000693,U01911,active_engager,2025-10-23 21:25:00,2025-10-23 21:46:00,21,interruption,False
S0000694,U00798,active_engager,2025-12-14 00:34:58,2025-12-14 00:48:58,14,goal_completed,True
S0000695,U04658,passive_scroller,2025-05-06 22:07:26,2025-05-06 22:21:26,14,fatigue,False
S0000696,U03563,active_engager,2025-04-11 19:34:36,2025-04-11 19:53:36,19,fatigue,False
S0000697,U02377,trend_hopper,2025-11-02 00:20:05,2025-11-02 00:38:05,18,goal_completed,True
S0000698,U04006,active_engager,2025-10-05 23:45:24,2025-10-06 00:15:24,30,goal_completed,True
S0000699,U04887,active_engager,2026-04-10 22:07:56,2026-04-10 22:21:56,14,goal_completed,False
S0000700,U00480,trend_hopper,2025-05-27 00:30:32,2025-05-27 00:48:32,18,goal_completed,False
S0000701,U01822,active_engager,2026-03-19 23:20:58,2026-03-20 00:02:58,42,goal_completed,False
S0000702,U00107,binge_user,2025-09-28 18:30:21,2025-09-28 19:32:21,62,boredom,True
S0000703,U01755,binge_user,2025-05-20 13:03:02,2025-05-20 14:14:02,71,goal_completed,False
S0000704,U03168,active_engager,2026-04-07 18:48:53,2026-04-07 19:05:53,17,interruption,False
S0000705,U02153,trend_hopper,2025-07-09 13:13:09,2025-07-09 13:32:09,19,goal_completed,False
S0000706,U04872,trend_hopper,2025-07-21 21:34:25,2025-07-21 21:40:25,6,goal_completed,False
S0000707,U04833,trend_hopper,2025-01-07 12:48:38,2025-01-07 13:04:38,16,boredom,False
S0000708,U01203,trend_hopper,2025-01-05 20:45:49,2025-01-05 20:57:49,12,boredom,True
S0000709,U04826,binge_user,2025-01-12 23:22:04,2025-01-13 01:35:04,133,interruption,True
S0000710,U00193,passive_scroller,2026-04-16 22:06:29,2026-04-16 22:18:29,12,interruption,False
S0000711,U01198,passive_scroller,2025-03-11 20:38:44,2025-03-11 20:52:44,14,goal_completed,False
S0000712,U03579,binge_user,2026-02-27 00:21:05,2026-02-27 01:26:05,65,interruption,False
S0000713,U02956,passive_scroller,2025-07-31 22:32:54,2025-07-31 22:43:54,11,goal_completed,False
S0000714,U01442,binge_user,2025-12-02 18:26:54,2025-12-02 19:45:54,79,goal_completed,False
S0000715,U04976,passive_scroller,2026-03-05 22:41:57,2026-03-05 22:56:57,15,goal_completed,False
S0000716,U01328,binge_user,2025-11-29 00:14:58,2025-11-29 01:15:58,61,goal_completed,True
S0000717,U01751,passive_scroller,2026-03-26 21:16:19,2026-03-26 21:25:19,9,interruption,False
S0000718,U01846,binge_user,2026-04-13 22:06:41,2026-04-13 23:23:41,77,boredom,False
S0000719,U01774,trend_hopper,2026-01-11 20:46:14,2026-01-11 21:08:14,22,boredom,True
S0000720,U03123,binge_user,2025-03-11 18:12:49,2025-03-11 20:06:49,114,fatigue,False
S0000721,U03313,active_engager,2025-06-29 19:55:19,2025-06-29 20:47:19,52,interruption,True
S0000722,U00764,binge_user,2026-01-10 08:40:34,2026-01-10 10:05:34,85,fatigue,True
S0000723,U02554,active_engager,2025-07-27 19:27:43,2025-07-27 20:07:43,40,boredom,True
S0000724,U01627,passive_scroller,2025-02-15 20:48:24,2025-02-15 20:55:24,7,goal_completed,True
S0000725,U03257,passive_scroller,2025-05-30 23:13:12,2025-05-30 23:28:12,15,boredom,False
S0000726,U04748,binge_user,2025-04-03 22:25:29,2025-04-03 23:27:29,62,goal_completed,False
S0000727,U01839,passive_scroller,2025-03-08 13:46:19,2025-03-08 14:00:19,14,boredom,True
S0000728,U02653,passive_scroller,2025-05-09 20:41:30,2025-05-09 20:55:30,14,boredom,False
S0000729,U01904,passive_scroller,2025-02-13 22:41:56,2025-02-13 22:46:56,5,boredom,False
S0000730,U00472,binge_user,2026-01-25 21:17:02,2026-01-25 23:27:02,130,boredom,True
S0000731,U00360,binge_user,2025-01-28 21:43:40,2025-01-28 22:34:40,51,fatigue,False
S0000732,U02128,binge_user,2026-03-16 20:03:14,2026-03-16 20:50:14,47,boredom,False
S0000733,U04371,binge_user,2025-12-20 13:51:56,2025-12-20 15:57:56,126,interruption,True
S0000734,U04793,passive_scroller,2025-09-03 22:42:36,2025-09-03 22:51:36,9,goal_completed,False
S0000735,U02156,active_engager,2025-01-14 13:52:21,2025-01-14 14:26:21,34,interruption,False
S0000736,U04938,passive_scroller,2025-04-27 21:18:26,2025-04-27 21:21:26,3,interruption,True
S0000737,U01106,active_engager,2025-01-26 18:29:10,2025-01-26 18:49:10,20,boredom,True
S0000738,U04111,passive_scroller,2026-01-29 21:20:46,2026-01-29 21:30:46,10,goal_completed,False
S0000739,U03225,active_engager,2025-08-02 20:42:13,2025-08-02 21:19:13,37,boredom,True
S0000740,U00900,trend_hopper,2025-06-14 13:59:58,2025-06-14 14:27:58,28,fatigue,True
S0000741,U00175,passive_scroller,2025-10-15 19:45:59,2025-10-15 19:53:59,8,interruption,False
S0000742,U02216,trend_hopper,2025-10-22 00:41:36,2025-10-22 00:57:36,16,goal_completed,False
S0000743,U04815,trend_hopper,2025-12-24 23:09:50,2025-12-24 23:22:50,13,boredom,False
S0000744,U01454,trend_hopper,2026-01-01 01:56:35,2026-01-01 02:02:35,6,boredom,False
S0000745,U04260,active_engager,2025-09-21 23:08:18,2025-09-21 23:33:18,25,fatigue,True
S0000746,U03158,active_engager,2025-10-12 22:10:02,2025-10-12 22:55:02,45,fatigue,True
S0000747,U01270,passive_scroller,2026-03-31 20:21:05,2026-03-31 20:31:05,10,interruption,False
S0000748,U03062,trend_hopper,2025-04-22 21:09:36,2025-04-22 21:26:36,17,goal_completed,False
S0000749,U00025,passive_scroller,2025-03-28 08:50:21,2025-03-28 08:59:21,9,boredom,False
S0000750,U04187,trend_hopper,2025-11-28 21:07:24,2025-11-28 21:23:24,16,interruption,False
S0000751,U02099,binge_user,2025-03-22 23:21:54,2025-03-23 00:22:54,61,goal_completed,True
S0000752,U02594,binge_user,2025-03-18 19:10:06,2025-03-18 19:53:06,43,interruption,False
S0000753,U02214,trend_hopper,2025-10-04 18:15:47,2025-10-04 18:37:47,22,goal_completed,True
S0000754,U04063,active_engager,2025-08-15 12:24:52,2025-08-15 12:59:52,35,boredom,False
S0000755,U01807,active_engager,2026-02-19 21:32:21,2026-02-19 22:06:21,34,interruption,False
S0000756,U00740,binge_user,2025-12-28 00:57:07,2025-12-28 02:58:07,121,fatigue,True
S0000757,U03620,active_engager,2025-01-27 08:20:53,2025-01-27 09:05:53,45,interruption,False
S0000758,U02676,trend_hopper,2026-01-30 23:22:52,2026-01-30 23:37:52,15,interruption,False
S0000759,U01824,binge_user,2026-04-15 01:45:14,2026-04-15 02:41:14,56,boredom,False
S0000760,U04902,active_engager,2025-08-02 21:43:28,2025-08-02 21:55:28,12,fatigue,True
S0000761,U03210,passive_scroller,2025-06-20 00:27:52,2025-06-20 00:30:52,3,goal_completed,False
S0000762,U00197,passive_scroller,2025-06-10 00:51:28,2025-06-10 01:06:28,15,fatigue,False
S0000763,U04882,binge_user,2026-02-02 09:46:15,2026-02-02 10:35:15,49,boredom,False
S0000764,U00821,trend_hopper,2026-02-16 09:55:17,2026-02-16 10:02:17,7,interruption,False
S0000765,U04915,trend_hopper,2025-07-28 23:05:44,2025-07-28 23:28:44,23,goal_completed,False
S0000766,U01807,active_engager,2025-06-02 21:18:08,2025-06-02 22:02:08,44,boredom,False
S0000767,U00200,binge_user,2025-03-12 20:00:03,2025-03-12 21:55:03,115,boredom,False
S0000768,U02230,binge_user,2025-09-26 20:30:51,2025-09-26 22:22:51,112,goal_completed,False
S0000769,U01256,passive_scroller,2025-04-30 21:24:39,2025-04-30 21:34:39,10,goal_completed,False
S0000770,U00911,passive_scroller,2025-04-08 23:37:07,2025-04-08 23:39:07,2,goal_completed,False
S0000771,U00430,active_engager,2026-04-19 19:55:51,2026-04-19 20:22:51,27,boredom,True
S0000772,U04913,binge_user,2025-04-02 22:54:38,2025-04-02 23:47:38,53,goal_completed,False
S0000773,U04166,passive_scroller,2025-09-07 23:03:14,2025-09-07 23:19:14,16,boredom,True
S0000774,U04073,binge_user,2025-03-15 01:05:08,2025-03-15 01:54:08,49,interruption,True
S0000775,U00484,passive_scroller,2025-05-19 22:21:53,2025-05-19 22:35:53,14,boredom,False
S0000776,U02815,passive_scroller,2026-04-18 01:40:33,2026-04-18 01:50:33,10,interruption,True
S0000777,U01479,active_engager,2025-09-10 00:10:53,2025-09-10 00:26:53,16,interruption,False
S0000778,U03562,trend_hopper,2026-01-30 22:37:06,2026-01-30 22:52:06,15,interruption,False
S0000779,U02514,passive_scroller,2025-05-04 22:15:18,2025-05-04 22:17:18,2,interruption,True
S0000780,U03827,active_engager,2026-01-30 18:19:54,2026-01-30 18:53:54,34,boredom,False
S0000781,U04045,trend_hopper,2026-04-20 22:01:34,2026-04-20 22:21:34,20,fatigue,False
S0000782,U00771,binge_user,2025-09-03 23:48:44,2025-09-04 00:53:44,65,fatigue,False
S0000783,U04721,binge_user,2026-03-25 22:08:32,2026-03-25 22:41:32,33,interruption,False
S0000784,U00986,trend_hopper,2025-04-14 00:00:30,2025-04-14 00:07:30,7,interruption,False
S0000785,U01573,binge_user,2025-05-29 20:27:07,2025-05-29 21:53:07,86,goal_completed,False
S0000786,U03605,passive_scroller,2025-10-12 00:04:03,2025-10-12 00:19:03,15,interruption,True
S0000787,U04264,passive_scroller,2025-01-25 13:29:11,2025-01-25 13:33:11,4,goal_completed,True
S0000788,U00950,active_engager,2025-08-03 00:46:44,2025-08-03 01:08:44,22,boredom,True
S0000789,U04698,active_engager,2026-01-08 21:35:35,2026-01-08 22:08:35,33,goal_completed,False
S0000790,U02557,active_engager,2025-01-21 01:13:50,2025-01-21 01:38:50,25,boredom,False
S0000791,U03887,binge_user,2026-02-19 21:09:59,2026-02-19 22:52:59,103,boredom,False
S0000792,U03893,trend_hopper,2025-12-12 22:19:08,2025-12-12 22:32:08,13,goal_completed,False
S0000793,U00850,trend_hopper,2025-08-22 21:36:55,2025-08-22 21:52:55,16,boredom,False
S0000794,U01142,binge_user,2026-02-10 13:06:43,2026-02-10 13:40:43,34,fatigue,False
S0000795,U01892,passive_scroller,2026-02-03 13:46:10,2026-02-03 13:58:10,12,boredom,False
S0000796,U04059,binge_user,2025-03-12 23:37:11,2025-03-13 01:00:11,83,fatigue,False
S0000797,U01155,trend_hopper,2025-12-28 22:06:02,2025-12-28 22:28:02,22,goal_completed,True
S0000798,U04495,trend_hopper,2025-09-20 20:53:33,2025-09-20 21:17:33,24,fatigue,True
S0000799,U02278,active_engager,2025-09-06 18:53:47,2025-09-06 19:35:47,42,interruption,True
S0000800,U00343,active_engager,2025-11-28 21:56:05,2025-11-28 22:41:05,45,boredom,False
S0000801,U00721,binge_user,2025-11-16 22:37:48,2025-11-17 00:51:48,134,fatigue,True
S0000802,U04345,passive_scroller,2025-07-31 20:53:02,2025-07-31 20:57:02,4,fatigue,False
S0000803,U03294,binge_user,2025-10-22 21:04:29,2025-10-22 22:48:29,104,fatigue,False
S0000804,U02389,active_engager,2025-08-01 22:01:19,2025-08-01 22:19:19,18,interruption,False
S0000805,U04307,active_engager,2026-01-25 01:15:52,2026-01-25 01:45:52,30,goal_completed,True
S0000806,U03752,trend_hopper,2025-10-19 18:20:03,2025-10-19 18:34:03,14,fatigue,True
S0000807,U04002,active_engager,2025-08-27 00:38:21,2025-08-27 00:56:21,18,boredom,False
S0000808,U03129,passive_scroller,2025-12-30 13:47:42,2025-12-30 13:57:42,10,interruption,False
S0000809,U01727,trend_hopper,2026-01-20 20:29:22,2026-01-20 20:43:22,14,fatigue,False
S0000810,U02839,trend_hopper,2026-02-17 18:52:06,2026-02-17 19:06:06,14,interruption,False
S0000811,U02493,passive_scroller,2025-10-21 01:11:57,2025-10-21 01:22:57,11,boredom,False
S0000812,U00019,passive_scroller,2026-01-17 00:40:53,2026-01-17 00:55:53,15,fatigue,True
S0000813,U04459,passive_scroller,2025-06-16 20:35:23,2025-06-16 20:42:23,7,fatigue,False
S0000814,U04550,passive_scroller,2025-01-19 12:12:50,2025-01-19 12:14:50,2,goal_completed,True
S0000815,U02843,passive_scroller,2025-09-18 13:58:30,2025-09-18 14:00:30,2,fatigue,False
S0000816,U00108,active_engager,2025-05-16 21:26:54,2025-05-16 21:50:54,24,fatigue,False
S0000817,U00026,trend_hopper,2025-12-29 13:27:11,2025-12-29 13:43:11,16,boredom,False
S0000818,U00949,trend_hopper,2025-12-08 23:24:48,2025-12-08 23:34:48,10,boredom,False
S0000819,U04004,binge_user,2026-03-17 20:27:07,2026-03-17 22:11:07,104,interruption,False
S0000820,U00683,binge_user,2026-03-03 22:20:27,2026-03-04 00:06:27,106,goal_completed,False
S0000821,U01787,binge_user,2025-08-23 23:10:28,2025-08-24 01:08:28,118,fatigue,True
S0000822,U02829,binge_user,2025-04-19 23:56:08,2025-04-20 01:54:08,118,goal_completed,True
S0000823,U01721,binge_user,2025-09-27 22:43:49,2025-09-28 00:58:49,135,interruption,True
S0000824,U03842,passive_scroller,2025-09-08 01:51:16,2025-09-08 01:57:16,6,boredom,False
S0000825,U02377,trend_hopper,2025-02-05 08:56:47,2025-02-05 09:18:47,22,fatigue,False
S0000826,U00089,passive_scroller,2025-08-19 21:09:18,2025-08-19 21:17:18,8,fatigue,False
S0000827,U01527,trend_hopper,2025-10-27 20:01:55,2025-10-27 20:22:55,21,boredom,False
S0000828,U03103,binge_user,2025-05-21 22:30:49,2025-05-21 23:22:49,52,boredom,False
S0000829,U01794,trend_hopper,2026-04-17 21:47:56,2026-04-17 22:04:56,17,fatigue,False
S0000830,U04371,binge_user,2025-02-23 21:46:05,2025-02-23 23:00:05,74,goal_completed,True
S0000831,U01770,trend_hopper,2025-08-16 00:09:44,2025-08-16 00:17:44,8,fatigue,True
S0000832,U00074,binge_user,2025-01-21 20:26:33,2025-01-21 21:36:33,70,goal_completed,False
S0000833,U01115,trend_hopper,2025-02-10 20:48:40,2025-02-10 21:08:40,20,goal_completed,False
S0000834,U03115,active_engager,2025-05-30 12:24:16,2025-05-30 13:06:16,42,boredom,False
S0000835,U00154,active_engager,2025-12-27 21:48:20,2025-12-27 22:07:20,19,fatigue,True
S0000836,U02467,binge_user,2025-01-01 13:35:13,2025-01-01 14:32:13,57,interruption,False
S0000837,U04500,active_engager,2026-04-09 22:50:11,2026-04-09 23:00:11,10,goal_completed,False
S0000838,U02842,trend_hopper,2025-02-25 19:58:35,2025-02-25 20:16:35,18,boredom,False
S0000839,U03643,active_engager,2025-05-03 22:14:45,2025-05-03 23:08:45,54,interruption,True
S0000840,U01756,binge_user,2025-12-06 20:28:18,2025-12-06 21:38:18,70,goal_completed,True
S0000841,U00919,binge_user,2025-08-15 22:53:01,2025-08-16 00:11:01,78,goal_completed,False
S0000842,U01648,passive_scroller,2025-09-14 00:22:58,2025-09-14 00:24:58,2,interruption,True
S0000843,U03039,passive_scroller,2025-09-03 00:48:25,2025-09-03 00:52:25,4,boredom,False
S0000844,U01734,trend_hopper,2026-02-05 21:39:07,2026-02-05 21:51:07,12,interruption,False
S0000845,U03411,trend_hopper,2026-03-31 18:46:28,2026-03-31 19:04:28,18,interruption,False
S0000846,U03128,trend_hopper,2025-11-04 01:57:09,2025-11-04 02:17:09,20,interruption,False
S0000847,U04146,active_engager,2026-02-09 21:27:17,2026-02-09 21:43:17,16,goal_completed,False
S0000848,U03237,trend_hopper,2025-12-11 18:34:58,2025-12-11 18:51:58,17,boredom,False
S0000849,U03090,passive_scroller,2025-05-27 22:12:21,2025-05-27 22:18:21,6,goal_completed,False
S0000850,U00251,passive_scroller,2025-05-10 23:16:01,2025-05-10 23:29:01,13,interruption,True
S0000851,U03209,passive_scroller,2025-07-08 19:37:19,2025-07-08 19:44:19,7,boredom,False
S0000852,U00007,trend_hopper,2025-11-11 20:38:02,2025-11-11 20:46:02,8,interruption,False
S0000853,U02030,active_engager,2025-12-09 21:36:50,2025-12-09 21:53:50,17,interruption,False
S0000854,U00118,active_engager,2025-05-10 21:35:34,2025-05-10 21:57:34,22,interruption,True
S0000855,U03981,trend_hopper,2025-08-06 01:38:50,2025-08-06 01:56:50,18,fatigue,False
S0000856,U03395,active_engager,2025-04-20 19:57:35,2025-04-20 20:45:35,48,fatigue,True
S0000857,U04026,passive_scroller,2025-03-14 22:40:04,2025-03-14 22:44:04,4,fatigue,False
S0000858,U02484,active_engager,2025-07-20 22:09:50,2025-07-20 22:46:50,37,interruption,True
S0000859,U00656,trend_hopper,2025-12-25 12:15:31,2025-12-25 12:33:31,18,boredom,False
S0000860,U00202,active_engager,2025-10-08 21:12:05,2025-10-08 21:50:05,38,interruption,False
S0000861,U02290,passive_scroller,2025-03-04 20:45:17,2025-03-04 20:56:17,11,fatigue,False
S0000862,U00294,binge_user,2025-05-20 20:40:38,2025-05-20 22:19:38,99,boredom,False
S0000863,U01644,active_engager,2026-02-16 19:28:45,2026-02-16 19:57:45,29,fatigue,False
S0000864,U02343,trend_hopper,2025-09-03 18:16:58,2025-09-03 18:34:58,18,fatigue,False
S0000865,U03178,passive_scroller,2025-01-12 20:57:17,2025-01-12 21:03:17,6,fatigue,True
S0000866,U00293,binge_user,2025-12-25 18:15:52,2025-12-25 20:04:52,109,boredom,False
S0000867,U00329,active_engager,2026-01-05 19:19:11,2026-01-05 19:40:11,21,fatigue,False
S0000868,U01384,trend_hopper,2025-02-02 21:21:23,2025-02-02 21:42:23,21,interruption,True
S0000869,U02181,binge_user,2025-04-26 12:45:17,2025-04-26 14:12:17,87,boredom,True
S0000870,U03164,active_engager,2025-11-16 20:26:15,2025-11-16 21:08:15,42,boredom,True
S0000871,U02314,trend_hopper,2025-09-17 12:53:06,2025-09-17 13:07:06,14,fatigue,False
S0000872,U01703,active_engager,2025-07-30 23:06:43,2025-07-30 23:32:43,26,fatigue,False
S0000873,U00366,active_engager,2025-07-23 21:49:09,2025-07-23 22:14:09,25,interruption,False
S0000874,U03091,binge_user,2025-12-10 00:46:17,2025-12-10 02:01:17,75,interruption,False
S0000875,U02028,active_engager,2026-01-18 19:10:31,2026-01-18 19:31:31,21,goal_completed,True
S0000876,U00140,passive_scroller,2025-05-26 23:49:23,2025-05-26 23:55:23,6,goal_completed,False
S0000877,U04246,binge_user,2026-02-07 22:31:44,2026-02-07 23:47:44,76,interruption,True
S0000878,U01561,binge_user,2025-06-11 20:53:13,2025-06-11 22:51:13,118,boredom,False
S0000879,U02010,active_engager,2025-04-06 20:41:48,2025-04-06 20:56:48,15,boredom,True
S0000880,U04702,binge_user,2025-02-07 20:33:04,2025-02-07 21:28:04,55,interruption,False
S0000881,U04861,active_engager,2025-11-09 21:24:56,2025-11-09 22:15:56,51,goal_completed,True
S0000882,U00287,trend_hopper,2025-01-17 22:36:10,2025-01-17 22:58:10,22,interruption,False
S0000883,U04087,binge_user,2025-08-19 01:26:10,2025-08-19 01:56:10,30,fatigue,False
S0000884,U00254,passive_scroller,2025-08-06 22:30:33,2025-08-06 22:36:33,6,boredom,False
S0000885,U03153,active_engager,2025-08-15 13:48:02,2025-08-15 14:26:02,38,interruption,False
S0000886,U00605,active_engager,2025-07-03 21:18:27,2025-07-03 21:47:27,29,boredom,False
S0000887,U03418,binge_user,2025-09-28 19:10:36,2025-09-28 20:36:36,86,boredom,True
S0000888,U00715,binge_user,2025-06-04 19:39:47,2025-06-04 21:23:47,104,fatigue,False
S0000889,U03080,trend_hopper,2025-10-10 23:41:55,2025-10-10 23:46:55,5,goal_completed,False
S0000890,U01463,binge_user,2025-08-05 18:25:39,2025-08-05 19:35:39,70,fatigue,False
S0000891,U03040,active_engager,2026-03-13 13:50:41,2026-03-13 14:19:41,29,goal_completed,False
S0000892,U00505,trend_hopper,2025-03-15 20:32:12,2025-03-15 20:45:12,13,goal_completed,True
S0000893,U03591,binge_user,2025-05-05 00:28:34,2025-05-05 01:43:34,75,interruption,False
S0000894,U02285,active_engager,2025-08-03 23:22:41,2025-08-04 00:05:41,43,fatigue,True
S0000895,U03995,active_engager,2026-04-05 23:41:16,2026-04-06 00:12:16,31,goal_completed,True
S0000896,U01672,active_engager,2025-06-19 18:00:18,2025-06-19 18:29:18,29,fatigue,False
S0000897,U00609,active_engager,2025-10-30 21:36:39,2025-10-30 22:13:39,37,interruption,False
S0000898,U03258,trend_hopper,2025-01-12 13:36:54,2025-01-12 13:42:54,6,interruption,True
S0000899,U02059,active_engager,2025-04-25 21:44:54,2025-04-25 22:22:54,38,boredom,False
S0000900,U00092,active_engager,2025-11-16 09:52:51,2025-11-16 10:34:51,42,goal_completed,True
S0000901,U02758,active_engager,2025-10-25 18:35:53,2025-10-25 19:03:53,28,goal_completed,True
S0000902,U02351,binge_user,2025-12-24 22:03:16,2025-12-24 23:17:16,74,goal_completed,False
S0000903,U04089,trend_hopper,2026-03-14 13:06:11,2026-03-14 13:20:11,14,fatigue,True
S0000904,U00137,trend_hopper,2025-05-20 13:33:26,2025-05-20 13:41:26,8,fatigue,False
S0000905,U00142,active_engager,2025-03-27 18:58:34,2025-03-27 19:26:34,28,boredom,False
S0000906,U00409,binge_user,2025-03-30 20:58:06,2025-03-30 23:18:06,140,goal_completed,True
S0000907,U02002,active_engager,2025-05-23 19:45:29,2025-05-23 20:24:29,39,fatigue,False
S0000908,U00676,trend_hopper,2025-10-31 01:41:57,2025-10-31 01:47:57,6,boredom,False
S0000909,U00448,active_engager,2026-04-27 21:26:17,2026-04-27 21:40:17,14,fatigue,False
S0000910,U04428,passive_scroller,2025-02-02 00:44:34,2025-02-02 00:56:34,12,fatigue,True
S0000911,U00892,passive_scroller,2026-01-08 21:12:14,2026-01-08 21:19:14,7,interruption,False
S0000912,U03529,passive_scroller,2025-12-17 01:31:31,2025-12-17 01:38:31,7,interruption,False
S0000913,U04166,passive_scroller,2025-12-06 21:14:54,2025-12-06 21:20:54,6,fatigue,True
S0000914,U02110,passive_scroller,2026-04-30 00:51:46,2026-04-30 00:53:46,2,goal_completed,False
S0000915,U04397,trend_hopper,2025-02-23 20:42:36,2025-02-23 20:56:36,14,goal_completed,True
S0000916,U04772,active_engager,2025-11-11 21:43:04,2025-11-11 22:03:04,20,fatigue,False
S0000917,U01816,binge_user,2025-03-06 18:46:03,2025-03-06 19:48:03,62,goal_completed,False
S0000918,U04627,active_engager,2025-01-18 09:22:38,2025-01-18 10:08:38,46,boredom,True
S0000919,U04129,binge_user,2026-03-19 00:45:26,2026-03-19 02:13:26,88,interruption,False
S0000920,U01632,trend_hopper,2026-02-14 22:27:37,2026-02-14 22:35:37,8,boredom,True
S0000921,U01601,active_engager,2026-04-05 08:48:29,2026-04-05 09:25:29,37,goal_completed,True
S0000922,U04718,binge_user,2026-01-29 00:43:48,2026-01-29 01:21:48,38,interruption,False
S0000923,U02841,active_engager,2025-01-29 12:37:55,2025-01-29 13:07:55,30,goal_completed,False
S0000924,U00544,binge_user,2025-01-07 21:08:56,2025-01-07 22:42:56,94,boredom,False
S0000925,U01527,trend_hopper,2025-06-05 20:57:58,2025-06-05 21:16:58,19,interruption,False
S0000926,U00969,passive_scroller,2025-03-19 22:53:05,2025-03-19 23:01:05,8,interruption,False
S0000927,U02251,trend_hopper,2025-07-12 19:11:09,2025-07-12 19:27:09,16,goal_completed,True
S0000928,U00619,binge_user,2025-01-24 20:23:20,2025-01-24 21:48:20,85,goal_completed,False
S0000929,U02428,binge_user,2025-05-17 20:53:38,2025-05-17 22:18:38,85,goal_completed,True
S0000930,U04763,active_engager,2026-02-03 22:43:13,2026-02-03 22:57:13,14,boredom,False
S0000931,U00001,passive_scroller,2026-04-03 20:05:04,2026-04-03 20:09:04,4,interruption,False
S0000932,U00053,binge_user,2026-04-07 18:01:59,2026-04-07 19:29:59,88,goal_completed,False
S0000933,U02139,binge_user,2025-06-15 21:24:37,2025-06-15 23:38:37,134,boredom,True
S0000934,U01063,active_engager,2025-01-17 19:13:31,2025-01-17 19:56:31,43,fatigue,False
S0000935,U03354,active_engager,2025-07-03 08:16:24,2025-07-03 08:51:24,35,fatigue,False
S0000936,U04019,passive_scroller,2026-03-02 22:15:57,2026-03-02 22:22:57,7,fatigue,False
S0000937,U02681,passive_scroller,2025-07-13 19:45:37,2025-07-13 19:54:37,9,fatigue,True
S0000938,U01868,binge_user,2026-01-01 21:48:17,2026-01-01 23:29:17,101,fatigue,False
S0000939,U00512,active_engager,2025-12-02 23:33:03,2025-12-02 23:48:03,15,goal_completed,False
S0000940,U01910,active_engager,2025-09-25 23:11:26,2025-09-25 23:29:26,18,boredom,False
S0000941,U00885,passive_scroller,2025-02-07 08:45:17,2025-02-07 09:00:17,15,boredom,False
S0000942,U00288,active_engager,2025-03-01 21:01:51,2025-03-01 21:53:51,52,interruption,True
S0000943,U04330,passive_scroller,2025-04-09 01:09:56,2025-04-09 01:12:56,3,interruption,False
S0000944,U01145,trend_hopper,2025-08-17 00:19:41,2025-08-17 00:44:41,25,boredom,True
S0000945,U04231,binge_user,2026-01-03 18:24:03,2026-01-03 19:12:03,48,boredom,True
S0000946,U04946,active_engager,2025-10-31 19:44:46,2025-10-31 20:01:46,17,fatigue,False
S0000947,U04634,passive_scroller,2026-02-18 22:51:09,2026-02-18 23:03:09,12,goal_completed,False
S0000948,U00238,binge_user,2025-05-23 21:47:45,2025-05-23 22:53:45,66,goal_completed,False
S0000949,U02982,passive_scroller,2025-11-16 18:47:38,2025-11-16 18:49:38,2,interruption,True
S0000950,U01066,active_engager,2025-04-23 21:26:18,2025-04-23 22:10:18,44,boredom,False
S0000951,U02077,active_engager,2026-04-08 20:07:13,2026-04-08 20:37:13,30,boredom,False
S0000952,U01741,trend_hopper,2026-03-17 21:07:21,2026-03-17 21:16:21,9,fatigue,False
S0000953,U01119,binge_user,2025-01-09 23:03:09,2025-01-10 00:22:09,79,goal_completed,False
S0000954,U01161,binge_user,2025-12-06 23:29:21,2025-12-07 01:02:21,93,interruption,True
S0000955,U01813,passive_scroller,2025-08-05 22:17:37,2025-08-05 22:24:37,7,boredom,False
S0000956,U02630,trend_hopper,2025-12-30 01:13:43,2025-12-30 01:33:43,20,boredom,False
S0000957,U02178,trend_hopper,2025-09-25 20:48:42,2025-09-25 21:10:42,22,boredom,False
S0000958,U04434,trend_hopper,2026-02-02 12:40:54,2026-02-02 12:55:54,15,interruption,False
S0000959,U01098,active_engager,2025-01-14 01:29:05,2025-01-14 02:07:05,38,goal_completed,False
S0000960,U03903,binge_user,2025-09-12 22:50:09,2025-09-13 00:45:09,115,boredom,False
S0000961,U02465,passive_scroller,2026-01-18 18:07:04,2026-01-18 18:22:04,15,goal_completed,True
S0000962,U04328,active_engager,2025-06-07 19:08:55,2025-06-07 19:56:55,48,interruption,True
S0000963,U03571,binge_user,2025-06-02 01:15:25,2025-06-02 02:30:25,75,interruption,False
S0000964,U02132,binge_user,2025-12-10 22:26:04,2025-12-10 23:27:04,61,fatigue,False
S0000965,U01948,binge_user,2026-02-28 18:00:34,2026-02-28 18:57:34,57,interruption,True
S0000966,U02364,binge_user,2026-05-01 22:01:10,2026-05-01 23:03:10,62,fatigue,False
S0000967,U03446,binge_user,2026-01-25 21:20:26,2026-01-25 23:24:26,124,boredom,True
S0000968,U02143,passive_scroller,2025-04-24 19:40:31,2025-04-24 19:54:31,14,interruption,False
S0000969,U00962,passive_scroller,2025-11-18 23:40:20,2025-11-18 23:51:20,11,boredom,False
S0000970,U01966,passive_scroller,2025-11-04 23:33:47,2025-11-04 23:45:47,12,fatigue,False
S0000971,U04675,binge_user,2025-12-31 01:33:29,2025-12-31 03:22:29,109,boredom,False
S0000972,U00667,trend_hopper,2025-10-17 21:27:27,2025-10-17 21:50:27,23,boredom,False
S0000973,U03840,trend_hopper,2026-02-25 23:20:22,2026-02-25 23:29:22,9,goal_completed,False
S0000974,U04441,active_engager,2025-11-02 21:45:37,2025-11-02 22:17:37,32,fatigue,True
S0000975,U00252,binge_user,2025-11-21 21:39:26,2025-11-21 22:22:26,43,goal_completed,False
S0000976,U01664,binge_user,2026-01-02 22:38:20,2026-01-03 00:14:20,96,fatigue,False
S0000977,U02312,trend_hopper,2026-01-22 20:22:30,2026-01-22 20:31:30,9,fatigue,False
S0000978,U04296,active_engager,2025-07-19 20:30:37,2025-07-19 21:02:37,32,interruption,True
S0000979,U03591,binge_user,2025-03-25 00:14:41,2025-03-25 01:10:41,56,fatigue,False
S0000980,U04804,trend_hopper,2025-01-09 21:12:47,2025-01-09 21:33:47,21,goal_completed,False
S0000981,U01331,trend_hopper,2025-05-13 23:15:12,2025-05-13 23:25:12,10,goal_completed,False
S0000982,U02167,passive_scroller,2026-02-19 22:38:14,2026-02-19 22:52:14,14,boredom,False
S0000983,U03178,passive_scroller,2025-08-21 21:03:55,2025-08-21 21:13:55,10,interruption,False
S0000984,U00573,active_engager,2025-08-05 20:21:32,2025-08-05 21:04:32,43,interruption,False
S0000985,U03890,binge_user,2025-07-23 08:44:09,2025-07-23 10:37:09,113,fatigue,False
S0000986,U03311,binge_user,2025-02-08 23:42:32,2025-02-09 01:58:32,136,boredom,True
S0000987,U04166,passive_scroller,2025-03-10 23:09:43,2025-03-10 23:11:43,2,interruption,False
S0000988,U01900,passive_scroller,2026-04-29 09:25:43,2026-04-29 09:39:43,14,fatigue,False
S0000989,U03864,active_engager,2025-01-28 13:33:57,2025-01-28 13:50:57,17,boredom,False
S0000990,U02287,passive_scroller,2025-09-29 21:52:39,2025-09-29 21:59:39,7,interruption,False
S0000991,U04155,passive_scroller,2026-02-26 13:47:55,2026-02-26 14:01:55,14,fatigue,False
S0000992,U02270,active_engager,2025-07-09 01:18:10,2025-07-09 02:00:10,42,interruption,False
S0000993,U04101,trend_hopper,2025-06-16 21:21:22,2025-06-16 21:35:22,14,interruption,False
S0000994,U04717,active_engager,2025-05-09 23:52:34,2025-05-10 00:33:34,41,goal_completed,False
S0000995,U03256,binge_user,2026-03-03 20:13:10,2026-03-03 21:41:10,88,goal_completed,False
S0000996,U02851,passive_scroller,2025-09-29 13:18:41,2025-09-29 13:23:41,5,boredom,False
S0000997,U00524,passive_scroller,2026-04-05 01:55:32,2026-04-05 02:08:32,13,goal_completed,True
S0000998,U01760,trend_hopper,2025-05-26 08:43:49,2025-05-26 09:05:49,22,goal_completed,False
S0000999,U00209,binge_user,2025-02-25 21:24:20,2025-02-25 23:08:20,104,interruption,False
S0001000,U02427,trend_hopper,2025-12-26 13:42:58,2025-12-26 13:52:58,10,fatigue,False
S0001001,U01918,active_engager,2026-01-08 12:21:39,2026-01-08 12:55:39,34,interruption,False
S0001002,U01417,trend_hopper,2025-05-06 01:41:46,2025-05-06 01:47:46,6,boredom,False
S0001003,U02999,passive_scroller,2025-12-04 18:24:59,2025-12-04 18:33:59,9,fatigue,False
S0001004,U04311,binge_user,2025-05-23 21:41:38,2025-05-23 22:55:38,74,interruption,False
S0001005,U00002,passive_scroller,2025-10-22 20:41:11,2025-10-22 20:43:11,2,fatigue,False
S0001006,U03957,trend_hopper,2025-07-14 22:10:26,2025-07-14 22:31:26,21,fatigue,False
S0001007,U02302,active_engager,2025-12-05 08:21:30,2025-12-05 09:06:30,45,fatigue,False
S0001008,U00959,active_engager,2025-01-18 21:28:31,2025-01-18 21:40:31,12,fatigue,True
S0001009,U02848,active_engager,2026-03-17 21:16:49,2026-03-17 21:48:49,32,goal_completed,False
S0001010,U00533,passive_scroller,2025-09-22 22:22:16,2025-09-22 22:31:16,9,boredom,False
S0001011,U01563,passive_scroller,2025-08-04 18:14:48,2025-08-04 18:16:48,2,interruption,False
S0001012,U04530,binge_user,2025-02-09 21:09:44,2025-02-09 22:25:44,76,goal_completed,True
S0001013,U03880,binge_user,2026-04-15 21:09:39,2026-04-15 22:28:39,79,fatigue,False
S0001014,U02000,binge_user,2025-01-28 21:48:00,2025-01-28 22:22:00,34,fatigue,False
S0001015,U02342,binge_user,2025-01-14 18:31:10,2025-01-14 19:58:10,87,goal_completed,False
S0001016,U00498,passive_scroller,2025-11-30 01:17:35,2025-11-30 01:21:35,4,goal_completed,True
S0001017,U02472,passive_scroller,2025-05-03 20:22:30,2025-05-03 20:32:30,10,fatigue,True
S0001018,U00639,binge_user,2025-10-26 21:09:11,2025-10-26 22:06:11,57,interruption,True
S0001019,U04275,trend_hopper,2025-12-20 21:29:41,2025-12-20 21:43:41,14,fatigue,True
S0001020,U00108,active_engager,2026-03-12 13:17:58,2026-03-12 13:51:58,34,goal_completed,False
S0001021,U04529,trend_hopper,2026-04-30 21:19:12,2026-04-30 21:30:12,11,boredom,False
S0001022,U00956,active_engager,2025-09-08 21:05:59,2025-09-08 21:17:59,12,interruption,False
S0001023,U02360,passive_scroller,2025-06-17 12:20:14,2025-06-17 12:29:14,9,boredom,False
S0001024,U01684,binge_user,2026-02-13 18:53:43,2026-02-13 20:28:43,95,interruption,False
S0001025,U03396,active_engager,2026-01-27 09:19:14,2026-01-27 09:42:14,23,interruption,False
S0001026,U04448,trend_hopper,2026-03-09 22:14:25,2026-03-09 22:26:25,12,interruption,False
S0001027,U01581,trend_hopper,2025-02-16 19:41:47,2025-02-16 19:51:47,10,interruption,True
S0001028,U04477,trend_hopper,2025-11-30 12:46:03,2025-11-30 12:56:03,10,fatigue,True
S0001029,U01899,passive_scroller,2026-04-01 22:48:04,2026-04-01 22:54:04,6,interruption,False
S0001030,U04991,passive_scroller,2025-10-22 00:05:54,2025-10-22 00:14:54,9,fatigue,False
S0001031,U00086,active_engager,2025-07-07 01:19:11,2025-07-07 01:43:11,24,interruption,False
S0001032,U03817,passive_scroller,2025-08-27 13:17:46,2025-08-27 13:30:46,13,goal_completed,False
S0001033,U04053,trend_hopper,2025-09-06 23:14:52,2025-09-06 23:35:52,21,fatigue,True
S0001034,U02203,binge_user,2025-06-22 23:25:19,2025-06-23 00:55:19,90,boredom,True
S0001035,U03298,trend_hopper,2025-10-18 20:16:05,2025-10-18 20:38:05,22,goal_completed,True
S0001036,U04330,passive_scroller,2025-10-28 13:00:32,2025-10-28 13:09:32,9,goal_completed,False
S0001037,U00354,trend_hopper,2025-03-09 21:21:21,2025-03-09 21:48:21,27,boredom,True
S0001038,U02251,trend_hopper,2025-05-16 22:16:26,2025-05-16 22:37:26,21,fatigue,False
S0001039,U03009,active_engager,2025-11-18 22:45:08,2025-11-18 23:06:08,21,interruption,False
S0001040,U03618,binge_user,2025-01-06 00:28:55,2025-01-06 02:01:55,93,interruption,False
S0001041,U01641,trend_hopper,2025-01-11 18:30:58,2025-01-11 18:39:58,9,goal_completed,True
S0001042,U04192,binge_user,2025-04-20 13:36:12,2025-04-20 15:25:12,109,fatigue,True
S0001043,U04959,trend_hopper,2026-01-16 22:47:34,2026-01-16 23:02:34,15,boredom,False
S0001044,U00234,trend_hopper,2026-03-13 23:44:20,2026-03-13 23:54:20,10,interruption,False
S0001045,U04870,binge_user,2025-09-07 01:55:14,2025-09-07 03:26:14,91,interruption,True
S0001046,U01376,passive_scroller,2025-07-27 23:02:02,2025-07-27 23:06:02,4,fatigue,True
S0001047,U01042,active_engager,2025-10-23 20:51:50,2025-10-23 21:08:50,17,goal_completed,False
S0001048,U00474,passive_scroller,2025-10-13 20:47:07,2025-10-13 21:00:07,13,goal_completed,False
S0001049,U04981,binge_user,2026-01-31 08:24:26,2026-01-31 10:01:26,97,fatigue,True
S0001050,U03738,passive_scroller,2025-05-11 20:34:34,2025-05-11 20:44:34,10,fatigue,True
S0001051,U01326,trend_hopper,2025-11-10 21:38:25,2025-11-10 21:46:25,8,goal_completed,False
S0001052,U02208,active_engager,2026-03-19 23:43:42,2026-03-20 00:07:42,24,interruption,False
S0001053,U00426,binge_user,2025-05-05 00:48:18,2025-05-05 02:33:18,105,interruption,False
S0001054,U01150,trend_hopper,2025-05-04 19:26:57,2025-05-04 19:45:57,19,goal_completed,True
S0001055,U03217,active_engager,2025-07-27 00:25:25,2025-07-27 00:49:25,24,fatigue,True
S0001056,U00173,active_engager,2025-09-13 23:21:17,2025-09-13 23:35:17,14,interruption,True
S0001057,U02999,passive_scroller,2025-08-17 19:24:08,2025-08-17 19:27:08,3,boredom,True
S0001058,U00248,active_engager,2025-11-30 22:18:55,2025-11-30 22:52:55,34,fatigue,True
S0001059,U03018,binge_user,2025-06-11 13:52:46,2025-06-11 15:10:46,78,goal_completed,False
S0001060,U03043,trend_hopper,2026-04-21 19:41:45,2026-04-21 20:04:45,23,fatigue,False
S0001061,U03814,passive_scroller,2026-01-07 19:12:41,2026-01-07 19:17:41,5,fatigue,False
S0001062,U04878,active_engager,2025-01-17 18:25:29,2025-01-17 18:53:29,28,fatigue,False
S0001063,U04124,passive_scroller,2026-05-01 23:41:21,2026-05-01 23:45:21,4,interruption,False
S0001064,U02970,binge_user,2026-02-03 18:50:02,2026-02-03 20:47:02,117,boredom,False
S0001065,U03832,trend_hopper,2025-06-26 20:37:49,2025-06-26 20:51:49,14,goal_completed,False
S0001066,U02544,trend_hopper,2026-04-05 12:13:05,2026-04-05 12:26:05,13,goal_completed,True
S0001067,U04237,binge_user,2025-08-25 21:18:22,2025-08-25 22:48:22,90,fatigue,False
S0001068,U01379,active_engager,2026-02-15 13:19:25,2026-02-15 13:52:25,33,interruption,True
S0001069,U01694,trend_hopper,2025-11-24 21:09:22,2025-11-24 21:15:22,6,interruption,False
S0001070,U03786,trend_hopper,2025-03-10 00:59:21,2025-03-10 01:20:21,21,interruption,False
S0001071,U03992,binge_user,2026-02-12 19:21:18,2026-02-12 20:45:18,84,goal_completed,False
S0001072,U04003,active_engager,2025-10-16 23:46:04,2025-10-17 00:21:04,35,goal_completed,False
S0001073,U03828,passive_scroller,2025-10-27 20:21:06,2025-10-27 20:34:06,13,boredom,False
S0001074,U01949,active_engager,2026-03-30 00:14:04,2026-03-30 00:37:04,23,interruption,False
S0001075,U02450,binge_user,2025-01-14 12:43:23,2025-01-14 13:21:23,38,goal_completed,False
S0001076,U02668,trend_hopper,2025-01-18 23:33:42,2025-01-18 23:47:42,14,interruption,True
S0001077,U03781,binge_user,2025-01-02 19:50:27,2025-01-02 21:43:27,113,interruption,False
S0001078,U04903,trend_hopper,2025-08-29 21:47:50,2025-08-29 22:07:50,20,boredom,False
S0001079,U01978,passive_scroller,2025-07-04 19:15:31,2025-07-04 19:21:31,6,fatigue,False
S0001080,U02167,passive_scroller,2026-02-17 18:20:23,2026-02-17 18:29:23,9,goal_completed,False
S0001081,U02333,passive_scroller,2026-03-29 19:59:15,2026-03-29 20:15:15,16,boredom,True
S0001082,U02884,passive_scroller,2026-04-12 13:04:38,2026-04-12 13:10:38,6,interruption,True
S0001083,U00292,binge_user,2025-04-06 12:32:38,2025-04-06 14:17:38,105,interruption,True
S0001084,U04603,active_engager,2026-03-26 21:46:04,2026-03-26 22:15:04,29,interruption,False
S0001085,U01459,binge_user,2026-04-08 23:48:59,2026-04-09 00:40:59,52,goal_completed,False
S0001086,U03566,binge_user,2025-09-08 21:55:48,2025-09-08 23:27:48,92,boredom,False
S0001087,U00604,trend_hopper,2026-03-30 22:40:38,2026-03-30 22:47:38,7,goal_completed,False
S0001088,U03080,trend_hopper,2025-11-06 22:09:49,2025-11-06 22:28:49,19,fatigue,False
S0001089,U03375,passive_scroller,2025-04-18 09:27:03,2025-04-18 09:36:03,9,goal_completed,False
S0001090,U00571,active_engager,2026-01-02 18:57:04,2026-01-02 19:28:04,31,fatigue,False
S0001091,U01168,binge_user,2025-12-24 08:22:32,2025-12-24 09:09:32,47,boredom,False
S0001092,U04432,trend_hopper,2025-04-29 23:16:03,2025-04-29 23:38:03,22,interruption,False
S0001093,U01742,trend_hopper,2025-07-23 19:14:28,2025-07-23 19:37:28,23,goal_completed,False
S0001094,U04278,active_engager,2026-02-01 20:36:39,2026-02-01 20:57:39,21,goal_completed,True
S0001095,U02905,binge_user,2026-01-03 22:24:31,2026-01-04 00:31:31,127,boredom,True
S0001096,U02225,active_engager,2026-01-04 22:13:34,2026-01-04 23:05:34,52,fatigue,True
S0001097,U00578,trend_hopper,2026-01-01 19:43:30,2026-01-01 19:52:30,9,boredom,False
S0001098,U01219,active_engager,2025-03-27 00:48:45,2025-03-27 01:23:45,35,interruption,False
S0001099,U04672,passive_scroller,2025-11-14 13:48:38,2025-11-14 13:51:38,3,fatigue,False
S0001100,U01677,trend_hopper,2025-06-28 13:26:15,2025-06-28 13:56:15,30,fatigue,True
S0001101,U03125,binge_user,2025-10-07 00:15:56,2025-10-07 01:35:56,80,goal_completed,False
S0001102,U02886,active_engager,2026-04-11 19:01:52,2026-04-11 19:46:52,45,fatigue,True
S0001103,U00700,passive_scroller,2025-11-13 20:29:50,2025-11-13 20:40:50,11,goal_completed,False
S0001104,U01133,binge_user,2025-12-11 20:02:33,2025-12-11 21:46:33,104,fatigue,False
S0001105,U03667,passive_scroller,2025-09-21 21:21:59,2025-09-21 21:25:59,4,interruption,True
S0001106,U04035,passive_scroller,2025-11-29 09:17:11,2025-11-29 09:25:11,8,fatigue,True
S0001107,U04208,binge_user,2025-11-30 23:50:32,2025-12-01 01:28:32,98,boredom,True
S0001108,U02123,active_engager,2026-02-01 21:50:44,2026-02-01 22:04:44,14,goal_completed,True
S0001109,U03267,binge_user,2025-09-05 21:31:07,2025-09-05 22:26:07,55,fatigue,False
S0001110,U04864,active_engager,2025-01-21 23:19:09,2025-01-21 23:47:09,28,fatigue,False
S0001111,U01159,passive_scroller,2026-04-09 09:51:14,2026-04-09 10:03:14,12,goal_completed,False
S0001112,U04666,passive_scroller,2025-02-25 21:30:12,2025-02-25 21:45:12,15,boredom,False
S0001113,U03795,trend_hopper,2026-02-23 00:59:40,2026-02-23 01:21:40,22,boredom,False
S0001114,U02759,trend_hopper,2025-05-14 18:41:16,2025-05-14 18:51:16,10,goal_completed,False
S0001115,U01077,passive_scroller,2025-12-23 12:27:15,2025-12-23 12:38:15,11,interruption,False
S0001116,U02410,trend_hopper,2025-11-18 23:24:07,2025-11-18 23:35:07,11,interruption,False
S0001117,U02666,trend_hopper,2025-05-21 00:35:30,2025-05-21 00:41:30,6,interruption,False
S0001118,U04292,trend_hopper,2026-01-06 20:11:44,2026-01-06 20:23:44,12,fatigue,False
S0001119,U04775,passive_scroller,2025-04-12 01:00:51,2025-04-12 01:07:51,7,interruption,True
S0001120,U02393,active_engager,2025-10-29 21:01:09,2025-10-29 21:43:09,42,interruption,False
S0001121,U01361,trend_hopper,2025-10-31 20:08:24,2025-10-31 20:30:24,22,goal_completed,False
S0001122,U00429,passive_scroller,2025-12-14 22:25:51,2025-12-14 22:27:51,2,boredom,True
S0001123,U00215,passive_scroller,2025-02-15 00:04:17,2025-02-15 00:16:17,12,fatigue,True
S0001124,U01564,active_engager,2026-03-19 23:43:41,2026-03-20 00:08:41,25,goal_completed,False
S0001125,U00232,active_engager,2025-02-02 09:06:10,2025-02-02 09:20:10,14,interruption,True
S0001126,U00908,trend_hopper,2025-06-21 19:23:57,2025-06-21 19:43:57,20,interruption,True
S0001127,U00024,trend_hopper,2026-03-21 20:47:22,2026-03-21 21:12:22,25,boredom,True
S0001128,U00821,trend_hopper,2025-08-31 22:26:48,2025-08-31 22:52:48,26,goal_completed,True
S0001129,U04401,passive_scroller,2025-07-26 21:50:46,2025-07-26 21:59:46,9,boredom,True
S0001130,U02624,trend_hopper,2025-04-21 22:22:09,2025-04-21 22:38:09,16,goal_completed,False
S0001131,U04616,trend_hopper,2026-01-16 22:05:01,2026-01-16 22:24:01,19,goal_completed,False
S0001132,U03057,binge_user,2026-04-07 22:36:27,2026-04-07 23:28:27,52,interruption,False
S0001133,U02526,active_engager,2025-11-06 00:39:28,2025-11-06 01:05:28,26,goal_completed,False
S0001134,U00984,active_engager,2025-12-30 18:47:55,2025-12-30 19:02:55,15,interruption,False
S0001135,U03174,binge_user,2026-04-09 22:52:17,2026-04-10 00:15:17,83,boredom,False
S0001136,U02356,binge_user,2025-12-18 12:38:21,2025-12-18 14:04:21,86,interruption,False
S0001137,U02645,trend_hopper,2025-07-05 21:45:22,2025-07-05 22:07:22,22,fatigue,True
S0001138,U01254,trend_hopper,2025-09-02 21:29:41,2025-09-02 21:44:41,15,goal_completed,False
S0001139,U04167,passive_scroller,2026-04-17 18:21:47,2026-04-17 18:23:47,2,fatigue,False
S0001140,U03816,binge_user,2026-01-06 18:16:11,2026-01-06 18:50:11,34,fatigue,False
S0001141,U02323,active_engager,2025-01-28 20:21:35,2025-01-28 20:47:35,26,interruption,False
S0001142,U02447,active_engager,2026-01-11 00:02:58,2026-01-11 00:14:58,12,boredom,True
S0001143,U00927,trend_hopper,2026-04-24 23:31:18,2026-04-24 23:39:18,8,goal_completed,False
S0001144,U04106,trend_hopper,2026-02-09 23:04:40,2026-02-09 23:16:40,12,interruption,False
S0001145,U04624,active_engager,2025-12-25 18:07:39,2025-12-25 18:41:39,34,boredom,False
S0001146,U04772,active_engager,2025-06-25 19:37:44,2025-06-25 20:11:44,34,boredom,False
S0001147,U00004,passive_scroller,2025-08-27 22:40:15,2025-08-27 22:42:15,2,interruption,False
S0001148,U04743,passive_scroller,2025-10-17 23:22:04,2025-10-17 23:24:04,2,boredom,False
S0001149,U04896,active_engager,2026-02-10 20:54:00,2026-02-10 21:25:00,31,goal_completed,False
S0001150,U02238,binge_user,2025-04-13 00:28:23,2025-04-13 01:44:23,76,fatigue,True
S0001151,U04538,passive_scroller,2025-04-07 20:08:39,2025-04-07 20:20:39,12,fatigue,False
S0001152,U02284,active_engager,2025-12-28 21:53:26,2025-12-28 22:30:26,37,goal_completed,True
S0001153,U03803,trend_hopper,2026-04-10 21:58:09,2026-04-10 22:14:09,16,boredom,False
S0001154,U03417,trend_hopper,2025-04-24 01:56:37,2025-04-24 02:03:37,7,goal_completed,False
S0001155,U04057,passive_scroller,2025-05-24 21:38:35,2025-05-24 21:53:35,15,boredom,True
S0001156,U01771,active_engager,2025-06-08 12:03:38,2025-06-08 12:16:38,13,boredom,True
S0001157,U02237,binge_user,2026-04-19 13:13:54,2026-04-19 15:27:54,134,interruption,True
S0001158,U03316,active_engager,2025-11-29 20:25:39,2025-11-29 20:50:39,25,goal_completed,True
S0001159,U03722,active_engager,2025-10-12 00:27:43,2025-10-12 01:18:43,51,goal_completed,True
S0001160,U01186,binge_user,2025-03-07 22:03:42,2025-03-07 23:39:42,96,boredom,False
S0001161,U01131,trend_hopper,2025-01-08 08:06:51,2025-01-08 08:19:51,13,boredom,False
S0001162,U01899,passive_scroller,2026-02-08 12:02:46,2026-02-08 12:18:46,16,goal_completed,True
S0001163,U03531,trend_hopper,2025-11-24 23:06:40,2025-11-24 23:26:40,20,goal_completed,False
S0001164,U04699,active_engager,2025-07-28 18:56:29,2025-07-28 19:39:29,43,interruption,False
S0001165,U01995,active_engager,2025-05-08 12:33:25,2025-05-08 12:46:25,13,fatigue,False
S0001166,U01182,passive_scroller,2025-03-09 21:15:02,2025-03-09 21:23:02,8,boredom,True
S0001167,U04536,trend_hopper,2025-06-23 01:13:59,2025-06-23 01:21:59,8,boredom,False
S0001168,U00126,binge_user,2026-02-25 22:45:25,2026-02-25 23:27:25,42,interruption,False
S0001169,U01524,binge_user,2026-03-11 21:43:17,2026-03-11 22:45:17,62,boredom,False
S0001170,U01972,binge_user,2025-07-08 23:38:13,2025-07-09 00:27:13,49,interruption,False
S0001171,U02514,passive_scroller,2026-01-10 21:24:37,2026-01-10 21:37:37,13,fatigue,True
S0001172,U04679,passive_scroller,2025-06-12 23:37:11,2025-06-12 23:48:11,11,boredom,False
S0001173,U02993,active_engager,2025-03-07 22:56:31,2025-03-07 23:16:31,20,interruption,False
S0001174,U02632,trend_hopper,2026-02-20 01:08:20,2026-02-20 01:20:20,12,interruption,False
S0001175,U03817,passive_scroller,2026-01-28 22:17:04,2026-01-28 22:30:04,13,goal_completed,False
S0001176,U04743,passive_scroller,2026-01-13 22:15:39,2026-01-13 22:25:39,10,fatigue,False
S0001177,U03647,passive_scroller,2025-03-31 00:29:26,2025-03-31 00:35:26,6,fatigue,False
S0001178,U00924,active_engager,2025-07-22 23:41:49,2025-07-22 23:56:49,15,fatigue,False
S0001179,U00956,active_engager,2026-04-29 01:01:52,2026-04-29 01:16:52,15,boredom,False
S0001180,U03747,passive_scroller,2025-08-01 19:55:56,2025-08-01 20:08:56,13,goal_completed,False
S0001181,U02247,passive_scroller,2025-04-22 18:05:33,2025-04-22 18:08:33,3,fatigue,False
S0001182,U00848,active_engager,2025-03-09 01:45:59,2025-03-09 01:59:59,14,goal_completed,True
S0001183,U03060,binge_user,2026-03-25 19:10:28,2026-03-25 19:46:28,36,interruption,False
S0001184,U03077,active_engager,2025-08-29 19:47:49,2025-08-29 20:18:49,31,interruption,False
S0001185,U01138,active_engager,2026-04-17 21:35:05,2026-04-17 22:16:05,41,boredom,False
S0001186,U00249,active_engager,2025-10-07 21:47:10,2025-10-07 22:31:10,44,goal_completed,False
S0001187,U00302,passive_scroller,2026-03-30 22:26:01,2026-03-30 22:33:01,7,goal_completed,False
S0001188,U04397,trend_hopper,2025-03-16 09:45:06,2025-03-16 10:09:06,24,fatigue,True
S0001189,U04908,active_engager,2025-06-28 20:20:37,2025-06-28 20:47:37,27,boredom,True
S0001190,U01592,passive_scroller,2025-11-05 19:41:53,2025-11-05 19:43:53,2,fatigue,False
S0001191,U02063,passive_scroller,2025-06-06 19:02:56,2025-06-06 19:09:56,7,interruption,False
S0001192,U00470,active_engager,2025-12-09 20:13:53,2025-12-09 20:40:53,27,interruption,False
S0001193,U02804,passive_scroller,2025-10-04 12:21:59,2025-10-04 12:25:59,4,boredom,True
S0001194,U01798,trend_hopper,2025-06-17 19:27:01,2025-06-17 19:49:01,22,boredom,False
S0001195,U02978,trend_hopper,2025-10-26 21:35:00,2025-10-26 22:00:00,25,goal_completed,True
S0001196,U01096,active_engager,2025-06-27 22:56:18,2025-06-27 23:31:18,35,goal_completed,False
S0001197,U00220,passive_scroller,2025-06-21 23:31:54,2025-06-21 23:38:54,7,goal_completed,True
S0001198,U02611,binge_user,2025-06-21 18:19:02,2025-06-21 20:27:02,128,fatigue,True
S0001199,U03246,active_engager,2026-04-24 13:31:33,2026-04-24 13:56:33,25,goal_completed,False
S0001200,U04743,passive_scroller,2025-03-01 01:52:16,2025-03-01 02:06:16,14,interruption,True
S0001201,U02125,active_engager,2025-01-25 08:38:24,2025-01-25 09:23:24,45,fatigue,True
S0001202,U00247,binge_user,2026-03-13 19:04:50,2026-03-13 20:22:50,78,interruption,False
S0001203,U04959,trend_hopper,2025-12-14 20:31:21,2025-12-14 20:45:21,14,interruption,True
S0001204,U02975,active_engager,2025-01-31 19:10:10,2025-01-31 19:32:10,22,boredom,False
S0001205,U03786,trend_hopper,2026-03-04 21:40:20,2026-03-04 21:48:20,8,fatigue,False
S0001206,U04842,active_engager,2025-08-27 20:35:04,2025-08-27 20:59:04,24,interruption,False
S0001207,U01927,trend_hopper,2025-01-09 22:04:17,2025-01-09 22:17:17,13,fatigue,False
S0001208,U02158,active_engager,2025-01-02 00:35:49,2025-01-02 00:56:49,21,boredom,False
S0001209,U02625,trend_hopper,2025-03-31 13:32:09,2025-03-31 13:39:09,7,boredom,False
S0001210,U00720,active_engager,2025-04-02 22:57:06,2025-04-02 23:36:06,39,fatigue,False
S0001211,U00416,passive_scroller,2025-05-20 12:44:43,2025-05-20 12:49:43,5,interruption,False
S0001212,U01631,passive_scroller,2025-06-24 12:26:39,2025-06-24 12:30:39,4,goal_completed,False
S0001213,U04577,passive_scroller,2025-09-07 20:56:08,2025-09-07 21:10:08,14,fatigue,True
S0001214,U04154,trend_hopper,2025-05-18 19:51:36,2025-05-18 20:00:36,9,interruption,True
S0001215,U03788,binge_user,2025-11-04 20:07:01,2025-11-04 21:51:01,104,interruption,False
S0001216,U01172,trend_hopper,2025-09-03 12:38:23,2025-09-03 12:59:23,21,fatigue,False
S0001217,U02914,trend_hopper,2025-01-21 13:42:04,2025-01-21 14:00:04,18,goal_completed,False
S0001218,U02987,binge_user,2026-04-13 00:51:52,2026-04-13 02:21:52,90,boredom,False
S0001219,U04859,passive_scroller,2025-08-15 00:39:29,2025-08-15 00:52:29,13,goal_completed,False
S0001220,U03219,active_engager,2025-02-24 19:06:07,2025-02-24 19:34:07,28,interruption,False
S0001221,U02426,active_engager,2025-02-24 18:22:51,2025-02-24 18:42:51,20,interruption,False
S0001222,U04077,active_engager,2026-03-17 22:07:24,2026-03-17 22:18:24,11,boredom,False
S0001223,U00730,passive_scroller,2026-02-04 22:06:22,2026-02-04 22:18:22,12,fatigue,False
S0001224,U01526,active_engager,2025-04-05 23:25:25,2025-04-05 23:44:25,19,boredom,True
S0001225,U00223,passive_scroller,2025-08-11 21:18:00,2025-08-11 21:22:00,4,interruption,False
S0001226,U00773,binge_user,2026-04-03 22:32:26,2026-04-03 23:43:26,71,interruption,False
S0001227,U04571,binge_user,2025-12-02 00:49:15,2025-12-02 01:54:15,65,goal_completed,False
S0001228,U04497,binge_user,2026-01-13 00:37:36,2026-01-13 01:11:36,34,interruption,False
S0001229,U04939,passive_scroller,2025-05-13 18:07:52,2025-05-13 18:15:52,8,fatigue,False
S0001230,U02488,binge_user,2025-12-27 18:19:17,2025-12-27 20:25:17,126,fatigue,True
S0001231,U03744,trend_hopper,2025-05-13 09:36:33,2025-05-13 09:41:33,5,boredom,False
S0001232,U00543,passive_scroller,2025-11-15 19:48:21,2025-11-15 20:01:21,13,interruption,True
S0001233,U00168,passive_scroller,2025-03-01 21:56:00,2025-03-01 22:10:00,14,boredom,True
S0001234,U02468,passive_scroller,2025-03-28 22:40:12,2025-03-28 22:55:12,15,interruption,False
S0001235,U02591,binge_user,2026-01-01 00:19:57,2026-01-01 01:45:57,86,boredom,False
S0001236,U02202,passive_scroller,2025-05-01 21:35:57,2025-05-01 21:49:57,14,interruption,False
S0001237,U02439,active_engager,2025-10-26 18:39:49,2025-10-26 19:05:49,26,goal_completed,True
S0001238,U02301,active_engager,2025-12-02 18:18:29,2025-12-02 18:33:29,15,boredom,False
S0001239,U04804,trend_hopper,2025-01-22 01:24:39,2025-01-22 01:31:39,7,boredom,False
S0001240,U00788,trend_hopper,2025-12-09 20:49:42,2025-12-09 21:05:42,16,fatigue,False
S0001241,U04903,trend_hopper,2025-08-05 20:59:31,2025-08-05 21:13:31,14,goal_completed,False
S0001242,U02739,trend_hopper,2025-10-09 20:01:19,2025-10-09 20:10:19,9,boredom,False
S0001243,U02546,active_engager,2026-03-20 00:51:32,2026-03-20 01:14:32,23,interruption,False
S0001244,U00926,trend_hopper,2025-05-23 18:57:03,2025-05-23 19:20:03,23,fatigue,False
S0001245,U04336,passive_scroller,2025-04-27 21:37:33,2025-04-27 21:40:33,3,fatigue,True
S0001246,U02253,passive_scroller,2025-05-12 21:05:38,2025-05-12 21:12:38,7,goal_completed,False
S0001247,U01733,passive_scroller,2026-03-08 12:58:33,2026-03-08 13:14:33,16,goal_completed,True
S0001248,U04936,trend_hopper,2025-11-28 09:46:33,2025-11-28 10:07:33,21,boredom,False
S0001249,U00931,active_engager,2026-02-13 01:40:10,2026-02-13 02:23:10,43,fatigue,False
S0001250,U02861,binge_user,2025-11-06 20:40:18,2025-11-06 22:35:18,115,goal_completed,False
S0001251,U00073,active_engager,2025-03-01 13:16:29,2025-03-01 13:48:29,32,goal_completed,True
S0001252,U01008,passive_scroller,2025-03-08 00:43:10,2025-03-08 00:51:10,8,interruption,True
S0001253,U02819,trend_hopper,2025-11-15 08:51:07,2025-11-15 08:57:07,6,fatigue,True
S0001254,U00646,passive_scroller,2025-08-19 00:41:31,2025-08-19 00:55:31,14,fatigue,False
S0001255,U01982,passive_scroller,2025-12-29 23:09:34,2025-12-29 23:14:34,5,interruption,False
S0001256,U01204,active_engager,2025-11-24 19:17:05,2025-11-24 19:41:05,24,goal_completed,False
S0001257,U02302,active_engager,2026-02-02 21:07:53,2026-02-02 21:41:53,34,fatigue,False
S0001258,U04537,binge_user,2025-02-20 18:52:12,2025-02-20 19:48:12,56,boredom,False
S0001259,U01823,trend_hopper,2025-10-01 00:40:51,2025-10-01 01:05:51,25,boredom,False
S0001260,U01359,passive_scroller,2025-02-04 19:25:46,2025-02-04 19:28:46,3,fatigue,False
S0001261,U00927,trend_hopper,2026-02-02 21:53:24,2026-02-02 22:01:24,8,interruption,False
S0001262,U00238,binge_user,2025-08-08 20:21:22,2025-08-08 21:28:22,67,fatigue,False
S0001263,U02422,passive_scroller,2026-03-09 23:10:58,2026-03-09 23:17:58,7,interruption,False
S0001264,U00834,binge_user,2025-07-30 22:36:09,2025-07-31 00:05:09,89,boredom,False
S0001265,U02952,trend_hopper,2025-07-30 09:20:53,2025-07-30 09:30:53,10,interruption,False
S0001266,U00461,active_engager,2026-02-16 22:48:19,2026-02-16 23:18:19,30,interruption,False
S0001267,U00961,binge_user,2025-08-22 13:15:48,2025-08-22 14:34:48,79,fatigue,False
S0001268,U01668,trend_hopper,2025-07-21 22:49:27,2025-07-21 23:14:27,25,interruption,False
S0001269,U01813,passive_scroller,2025-12-01 22:36:55,2025-12-01 22:45:55,9,interruption,False
S0001270,U04444,passive_scroller,2025-01-31 19:26:51,2025-01-31 19:28:51,2,fatigue,False
S0001271,U00179,active_engager,2025-03-08 01:50:35,2025-03-08 02:35:35,45,boredom,True
S0001272,U02819,trend_hopper,2025-03-13 21:49:16,2025-03-13 22:02:16,13,interruption,False
S0001273,U01361,trend_hopper,2026-03-02 13:22:07,2026-03-02 13:41:07,19,goal_completed,False
S0001274,U01758,active_engager,2025-05-03 00:15:36,2025-05-03 00:31:36,16,fatigue,True
S0001275,U02394,passive_scroller,2025-02-10 23:29:50,2025-02-10 23:32:50,3,fatigue,False
S0001276,U00414,binge_user,2026-02-09 13:28:38,2026-02-09 14:46:38,78,boredom,False
S0001277,U03390,trend_hopper,2025-01-13 21:17:26,2025-01-13 21:24:26,7,goal_completed,False
S0001278,U02962,passive_scroller,2025-09-12 20:33:54,2025-09-12 20:39:54,6,fatigue,False
S0001279,U03212,trend_hopper,2025-08-13 18:01:54,2025-08-13 18:17:54,16,boredom,False
S0001280,U02719,passive_scroller,2025-11-30 22:04:22,2025-11-30 22:08:22,4,boredom,True
S0001281,U00758,passive_scroller,2026-01-03 21:10:49,2026-01-03 21:22:49,12,goal_completed,True
S0001282,U02663,trend_hopper,2025-02-25 21:15:27,2025-02-25 21:21:27,6,fatigue,False
S0001283,U01663,trend_hopper,2025-03-11 19:42:46,2025-03-11 20:02:46,20,boredom,False
S0001284,U00015,binge_user,2026-02-06 21:00:44,2026-02-06 22:06:44,66,goal_completed,False
S0001285,U01817,binge_user,2025-05-01 20:08:55,2025-05-01 21:05:55,57,boredom,False
S0001286,U00024,trend_hopper,2025-09-21 00:16:23,2025-09-21 00:24:23,8,goal_completed,True
S0001287,U00832,binge_user,2025-12-08 01:55:52,2025-12-08 03:22:52,87,goal_completed,False
S0001288,U03911,passive_scroller,2026-03-14 21:07:54,2026-03-14 21:11:54,4,boredom,True
S0001289,U02933,trend_hopper,2025-07-12 20:51:33,2025-07-12 21:13:33,22,boredom,True
S0001290,U00274,passive_scroller,2025-04-22 09:01:23,2025-04-22 09:15:23,14,interruption,False
S0001291,U04996,binge_user,2025-04-18 23:18:53,2025-04-19 00:50:53,92,fatigue,False
S0001292,U02297,passive_scroller,2025-04-06 18:20:47,2025-04-06 18:27:47,7,interruption,True
S0001293,U01389,active_engager,2026-02-17 23:06:46,2026-02-17 23:46:46,40,goal_completed,False
S0001294,U00870,binge_user,2025-07-22 23:19:28,2025-07-23 00:52:28,93,goal_completed,False
S0001295,U03888,active_engager,2026-02-07 23:10:03,2026-02-07 23:29:03,19,boredom,True
S0001296,U02041,passive_scroller,2025-04-02 23:12:11,2025-04-02 23:24:11,12,boredom,False
S0001297,U02051,trend_hopper,2026-01-04 21:55:13,2026-01-04 22:01:13,6,goal_completed,True
S0001298,U04492,binge_user,2025-11-06 20:20:23,2025-11-06 21:20:23,60,boredom,False
S0001299,U04112,trend_hopper,2025-08-15 00:42:47,2025-08-15 00:52:47,10,boredom,False
S0001300,U02385,binge_user,2025-01-09 22:25:54,2025-01-09 23:53:54,88,interruption,False
S0001301,U02333,passive_scroller,2025-08-18 19:03:51,2025-08-18 19:13:51,10,boredom,False
S0001302,U04456,passive_scroller,2025-09-28 22:33:49,2025-09-28 22:46:49,13,interruption,True
S0001303,U02232,binge_user,2025-10-25 22:24:01,2025-10-25 23:04:01,40,fatigue,True
S0001304,U03071,passive_scroller,2025-02-28 01:47:33,2025-02-28 01:54:33,7,goal_completed,False
S0001305,U04118,binge_user,2025-12-13 01:29:43,2025-12-13 02:43:43,74,boredom,True
S0001306,U02701,passive_scroller,2025-06-25 21:49:27,2025-06-25 21:54:27,5,boredom,False
S0001307,U02358,passive_scroller,2025-01-13 00:16:00,2025-01-13 00:27:00,11,interruption,False
S0001308,U03706,active_engager,2025-10-29 21:53:39,2025-10-29 22:15:39,22,fatigue,False
S0001309,U02162,binge_user,2025-03-16 00:22:07,2025-03-16 01:59:07,97,boredom,True
S0001310,U01981,trend_hopper,2025-08-20 19:23:04,2025-08-20 19:33:04,10,interruption,False
S0001311,U03603,binge_user,2025-12-24 23:54:55,2025-12-25 00:32:55,38,fatigue,False
S0001312,U03897,active_engager,2025-06-13 18:49:19,2025-06-13 19:05:19,16,interruption,False
S0001313,U03609,passive_scroller,2026-02-11 01:43:15,2026-02-11 01:45:15,2,goal_completed,False
S0001314,U04645,passive_scroller,2025-04-11 22:21:07,2025-04-11 22:36:07,15,interruption,False
S0001315,U00655,active_engager,2025-10-13 23:44:10,2025-10-14 00:13:10,29,interruption,False
S0001316,U02916,trend_hopper,2025-02-15 21:26:53,2025-02-15 21:47:53,21,boredom,True
S0001317,U01603,binge_user,2025-11-25 00:58:41,2025-11-25 02:25:41,87,fatigue,False
S0001318,U02753,active_engager,2025-04-25 20:23:46,2025-04-25 20:42:46,19,goal_completed,False
S0001319,U01198,passive_scroller,2025-11-15 12:42:49,2025-11-15 12:57:49,15,interruption,True
S0001320,U00755,binge_user,2025-02-09 08:19:10,2025-02-09 10:43:10,144,fatigue,True
S0001321,U03650,trend_hopper,2025-01-02 00:53:48,2025-01-02 01:01:48,8,fatigue,False
S0001322,U03931,trend_hopper,2025-05-02 12:28:48,2025-05-02 12:42:48,14,fatigue,False
S0001323,U01046,binge_user,2025-05-23 18:52:00,2025-05-23 20:20:00,88,goal_completed,False
S0001324,U01872,binge_user,2025-10-25 08:25:16,2025-10-25 09:46:16,81,goal_completed,True
S0001325,U04249,trend_hopper,2026-02-19 19:49:11,2026-02-19 20:10:11,21,interruption,False
S0001326,U02927,passive_scroller,2025-07-31 22:49:58,2025-07-31 22:55:58,6,boredom,False
S0001327,U01361,trend_hopper,2025-03-01 22:39:12,2025-03-01 22:45:12,6,boredom,True
S0001328,U01491,binge_user,2025-07-22 21:19:33,2025-07-22 22:41:33,82,boredom,False
S0001329,U01007,active_engager,2025-12-23 21:08:15,2025-12-23 21:32:15,24,goal_completed,False
S0001330,U04387,passive_scroller,2026-04-21 21:01:04,2026-04-21 21:08:04,7,interruption,False
S0001331,U00949,trend_hopper,2025-03-16 20:30:33,2025-03-16 20:57:33,27,fatigue,True
S0001332,U03934,binge_user,2025-02-23 13:22:50,2025-02-23 14:55:50,93,interruption,True
S0001333,U03576,passive_scroller,2025-05-21 21:13:30,2025-05-21 21:19:30,6,goal_completed,False
S0001334,U04724,active_engager,2025-06-22 18:19:19,2025-06-22 18:45:19,26,boredom,True
S0001335,U01179,active_engager,2025-06-05 12:04:34,2025-06-05 12:22:34,18,goal_completed,False
S0001336,U00959,active_engager,2025-04-13 13:59:28,2025-04-13 14:44:28,45,goal_completed,True
S0001337,U02905,binge_user,2025-12-19 01:32:43,2025-12-19 03:25:43,113,fatigue,False
S0001338,U04247,trend_hopper,2025-10-10 12:05:05,2025-10-10 12:23:05,18,goal_completed,False
S0001339,U00246,active_engager,2026-02-13 19:58:30,2026-02-13 20:42:30,44,goal_completed,False
S0001340,U01913,active_engager,2025-06-24 08:13:51,2025-06-24 08:23:51,10,goal_completed,False
S0001341,U01988,active_engager,2025-11-27 09:23:15,2025-11-27 09:57:15,34,fatigue,False
S0001342,U00411,trend_hopper,2026-02-22 01:16:31,2026-02-22 01:46:31,30,boredom,True
S0001343,U01213,passive_scroller,2025-11-04 19:21:23,2025-11-04 19:24:23,3,interruption,False
S0001344,U02011,trend_hopper,2025-08-27 22:31:05,2025-08-27 22:54:05,23,boredom,False
S0001345,U04719,binge_user,2025-10-14 18:59:15,2025-10-14 19:43:15,44,goal_completed,False
S0001346,U01974,binge_user,2025-08-24 21:58:12,2025-08-25 00:17:12,139,goal_completed,True
S0001347,U04182,active_engager,2025-06-26 00:24:34,2025-06-26 00:48:34,24,fatigue,False
S0001348,U04495,trend_hopper,2026-02-06 22:55:51,2026-02-06 23:04:51,9,goal_completed,False
S0001349,U01316,passive_scroller,2025-08-13 21:58:43,2025-08-13 22:12:43,14,goal_completed,False
S0001350,U02909,passive_scroller,2025-09-23 12:07:19,2025-09-23 12:21:19,14,goal_completed,False
S0001351,U04478,passive_scroller,2025-04-06 20:53:16,2025-04-06 20:56:16,3,boredom,True
S0001352,U00850,trend_hopper,2026-01-08 00:15:08,2026-01-08 00:31:08,16,goal_completed,False
S0001353,U01968,active_engager,2026-02-14 20:27:02,2026-02-14 20:51:02,24,interruption,True
S0001354,U03849,binge_user,2026-01-26 01:10:22,2026-01-26 01:56:22,46,interruption,False
S0001355,U02591,binge_user,2026-01-14 01:23:30,2026-01-14 01:58:30,35,fatigue,False
S0001356,U04426,active_engager,2025-09-23 19:01:34,2025-09-23 19:17:34,16,boredom,False
S0001357,U04810,active_engager,2025-01-08 19:26:48,2025-01-08 20:09:48,43,boredom,False
S0001358,U04222,passive_scroller,2026-04-16 22:27:29,2026-04-16 22:36:29,9,interruption,False
S0001359,U01610,binge_user,2025-02-03 19:43:55,2025-02-03 20:28:55,45,boredom,False
S0001360,U02183,active_engager,2025-08-22 23:13:57,2025-08-22 23:35:57,22,goal_completed,False
S0001361,U03863,passive_scroller,2026-01-13 21:30:21,2026-01-13 21:33:21,3,goal_completed,False
S0001362,U00187,active_engager,2025-10-14 22:50:45,2025-10-14 23:00:45,10,interruption,False
S0001363,U00956,active_engager,2026-04-06 20:53:37,2026-04-06 21:38:37,45,fatigue,False
S0001364,U02621,trend_hopper,2025-01-30 20:45:52,2025-01-30 21:00:52,15,goal_completed,False
S0001365,U01700,trend_hopper,2025-05-29 19:08:42,2025-05-29 19:15:42,7,fatigue,False
S0001366,U04982,passive_scroller,2025-06-09 23:38:23,2025-06-09 23:50:23,12,goal_completed,False
S0001367,U04025,binge_user,2026-02-08 13:16:36,2026-02-08 15:40:36,144,interruption,True
S0001368,U02249,trend_hopper,2025-04-21 08:35:16,2025-04-21 08:42:16,7,boredom,False
S0001369,U00900,trend_hopper,2025-01-20 01:03:47,2025-01-20 01:08:47,5,interruption,False
S0001370,U02052,binge_user,2025-04-09 21:25:54,2025-04-09 22:21:54,56,interruption,False
S0001371,U03167,passive_scroller,2025-12-18 19:14:16,2025-12-18 19:18:16,4,interruption,False
S0001372,U01022,binge_user,2025-06-05 22:41:17,2025-06-06 00:03:17,82,goal_completed,False
S0001373,U01804,trend_hopper,2025-04-13 12:47:02,2025-04-13 13:12:02,25,fatigue,True
S0001374,U01268,active_engager,2026-02-06 21:33:57,2026-02-06 22:16:57,43,fatigue,False
S0001375,U00407,binge_user,2025-07-01 23:51:20,2025-07-02 00:46:20,55,fatigue,False
S0001376,U01782,binge_user,2025-03-28 19:38:31,2025-03-28 20:55:31,77,boredom,False
S0001377,U02568,passive_scroller,2025-03-05 20:00:50,2025-03-05 20:02:50,2,goal_completed,False
S0001378,U03538,passive_scroller,2026-04-08 22:57:34,2026-04-08 23:12:34,15,goal_completed,False
S0001379,U04769,binge_user,2026-04-22 01:24:21,2026-04-22 02:37:21,73,interruption,False
S0001380,U03848,active_engager,2026-03-08 20:39:31,2026-03-08 21:16:31,37,fatigue,True
S0001381,U00755,binge_user,2025-12-14 21:32:53,2025-12-14 23:46:53,134,boredom,True
S0001382,U03598,active_engager,2025-12-21 01:49:35,2025-12-21 02:04:35,15,interruption,True
S0001383,U01648,passive_scroller,2025-11-21 22:56:14,2025-11-21 23:11:14,15,interruption,False
S0001384,U04460,binge_user,2025-02-24 23:43:54,2025-02-25 00:30:54,47,fatigue,False
S0001385,U04435,active_engager,2026-03-28 22:18:51,2026-03-28 23:08:51,50,goal_completed,True
S0001386,U01004,trend_hopper,2026-04-15 01:17:12,2026-04-15 01:41:12,24,goal_completed,False
S0001387,U02129,trend_hopper,2025-03-31 21:15:16,2025-03-31 21:22:16,7,interruption,False
S0001388,U04028,active_engager,2025-08-24 00:52:38,2025-08-24 01:41:38,49,interruption,True
S0001389,U03205,trend_hopper,2025-11-02 00:24:25,2025-11-02 00:46:25,22,boredom,True
S0001390,U04363,passive_scroller,2026-01-20 01:32:55,2026-01-20 01:39:55,7,interruption,False
S0001391,U03188,trend_hopper,2025-11-05 19:59:04,2025-11-05 20:18:04,19,interruption,False
S0001392,U04555,passive_scroller,2025-09-25 13:24:00,2025-09-25 13:26:00,2,boredom,False
S0001393,U00781,binge_user,2025-11-03 22:11:12,2025-11-03 22:41:12,30,interruption,False
S0001394,U03986,active_engager,2026-01-19 20:36:35,2026-01-19 20:54:35,18,goal_completed,False
S0001395,U03665,trend_hopper,2025-01-13 20:57:31,2025-01-13 21:07:31,10,interruption,False
S0001396,U01240,passive_scroller,2025-05-20 23:51:07,2025-05-20 23:57:07,6,interruption,False
S0001397,U01018,active_engager,2026-02-01 19:39:44,2026-02-01 20:17:44,38,boredom,True
S0001398,U04141,trend_hopper,2025-09-23 18:41:05,2025-09-23 19:03:05,22,boredom,False
S0001399,U00368,binge_user,2026-04-11 21:39:24,2026-04-11 23:48:24,129,fatigue,True
S0001400,U00530,passive_scroller,2025-12-17 00:06:12,2025-12-17 00:10:12,4,boredom,False
S0001401,U01862,binge_user,2026-01-16 13:26:12,2026-01-16 15:17:12,111,boredom,False
S0001402,U04400,passive_scroller,2025-07-27 12:04:57,2025-07-27 12:14:57,10,goal_completed,True
S0001403,U00869,trend_hopper,2026-02-09 21:44:27,2026-02-09 21:53:27,9,boredom,False
S0001404,U02009,active_engager,2025-08-03 23:20:49,2025-08-03 23:36:49,16,interruption,True
S0001405,U04259,active_engager,2025-02-19 20:40:23,2025-02-19 21:10:23,30,boredom,False
S0001406,U03549,active_engager,2025-03-29 18:19:13,2025-03-29 18:34:13,15,goal_completed,True
S0001407,U03425,binge_user,2025-12-29 01:37:14,2025-12-29 03:08:14,91,interruption,False
S0001408,U03964,active_engager,2025-07-10 19:43:56,2025-07-10 20:13:56,30,goal_completed,False
S0001409,U01964,passive_scroller,2026-02-04 21:22:37,2026-02-04 21:36:37,14,fatigue,False
S0001410,U02134,active_engager,2025-02-26 00:09:35,2025-02-26 00:21:35,12,fatigue,False
S0001411,U01330,active_engager,2025-02-10 19:32:58,2025-02-10 19:46:58,14,goal_completed,False
S0001412,U01510,active_engager,2025-12-25 19:45:10,2025-12-25 20:16:10,31,fatigue,False
S0001413,U04197,binge_user,2026-02-21 13:18:05,2026-02-21 14:19:05,61,goal_completed,True
S0001414,U03096,passive_scroller,2025-09-08 21:41:25,2025-09-08 21:51:25,10,boredom,False
S0001415,U04952,passive_scroller,2025-02-22 13:41:15,2025-02-22 13:43:15,2,boredom,True
S0001416,U02878,binge_user,2026-02-22 23:16:23,2026-02-23 00:43:23,87,interruption,True
S0001417,U02307,trend_hopper,2025-02-18 22:47:39,2025-02-18 23:12:39,25,fatigue,False
S0001418,U03775,passive_scroller,2025-02-23 12:21:01,2025-02-23 12:33:01,12,goal_completed,True
S0001419,U03334,passive_scroller,2025-12-21 20:07:17,2025-12-21 20:21:17,14,boredom,True
S0001420,U01918,active_engager,2025-02-06 23:15:04,2025-02-06 23:43:04,28,interruption,False
S0001421,U04828,trend_hopper,2025-08-28 22:15:27,2025-08-28 22:32:27,17,goal_completed,False
S0001422,U03191,trend_hopper,2026-02-21 22:04:28,2026-02-21 22:11:28,7,interruption,True
S0001423,U03367,binge_user,2025-01-13 23:23:24,2025-01-14 00:23:24,60,fatigue,False
S0001424,U03711,active_engager,2025-06-22 20:57:26,2025-06-22 21:13:26,16,interruption,True
S0001425,U02768,passive_scroller,2025-10-26 01:33:07,2025-10-26 01:51:07,18,boredom,True
S0001426,U00896,trend_hopper,2025-04-06 22:37:24,2025-04-06 23:02:24,25,interruption,True
S0001427,U01104,binge_user,2025-02-26 19:01:28,2025-02-26 20:25:28,84,goal_completed,False
S0001428,U01967,binge_user,2025-03-01 13:20:31,2025-03-01 15:39:31,139,boredom,True
S0001429,U02688,binge_user,2025-10-22 20:07:47,2025-10-22 21:48:47,101,boredom,False
S0001430,U02209,binge_user,2026-02-25 12:16:59,2026-02-25 13:11:59,55,interruption,False
S0001431,U04951,passive_scroller,2025-04-02 01:07:20,2025-04-02 01:20:20,13,interruption,False
S0001432,U03744,trend_hopper,2025-05-06 23:58:42,2025-05-07 00:06:42,8,interruption,False
S0001433,U01715,active_engager,2025-05-12 23:32:16,2025-05-12 23:53:16,21,interruption,False
S0001434,U04867,passive_scroller,2026-02-21 00:23:30,2026-02-21 00:33:30,10,fatigue,True
S0001435,U03143,trend_hopper,2025-06-28 23:52:19,2025-06-29 00:05:19,13,interruption,True
S0001436,U02510,active_engager,2026-01-19 00:42:25,2026-01-19 01:23:25,41,goal_completed,False
S0001437,U04640,trend_hopper,2025-09-08 21:30:24,2025-09-08 21:35:24,5,interruption,False
S0001438,U02697,binge_user,2025-10-03 22:59:56,2025-10-04 00:50:56,111,boredom,False
S0001439,U04055,binge_user,2025-01-16 12:49:47,2025-01-16 14:43:47,114,goal_completed,False
S0001440,U03435,binge_user,2025-09-15 23:54:59,2025-09-16 01:29:59,95,interruption,False
S0001441,U01755,binge_user,2026-03-11 23:52:06,2026-03-12 00:40:06,48,fatigue,False
S0001442,U00848,active_engager,2025-10-16 19:42:23,2025-10-16 20:13:23,31,fatigue,False
S0001443,U00967,passive_scroller,2026-04-15 21:48:50,2026-04-15 21:56:50,8,fatigue,False
S0001444,U04328,active_engager,2025-12-03 09:52:08,2025-12-03 10:31:08,39,goal_completed,False
S0001445,U02988,active_engager,2025-05-26 20:46:24,2025-05-26 21:04:24,18,fatigue,False
S0001446,U00078,passive_scroller,2025-09-30 23:49:19,2025-10-01 00:03:19,14,interruption,False
S0001447,U00305,trend_hopper,2026-04-13 01:51:41,2026-04-13 02:03:41,12,boredom,False
S0001448,U04864,active_engager,2025-03-06 21:25:55,2025-03-06 22:03:55,38,goal_completed,False
S0001449,U03563,active_engager,2025-05-24 22:32:52,2025-05-24 23:10:52,38,fatigue,True
S0001450,U00684,active_engager,2025-01-09 21:57:23,2025-01-09 22:19:23,22,fatigue,False
S0001451,U00338,binge_user,2026-01-25 21:29:16,2026-01-25 22:59:16,90,boredom,True
S0001452,U03955,active_engager,2025-05-10 09:52:39,2025-05-10 10:28:39,36,boredom,True
S0001453,U03742,passive_scroller,2026-01-18 19:08:03,2026-01-18 19:12:03,4,interruption,True
S0001454,U03494,trend_hopper,2026-03-19 21:27:52,2026-03-19 21:39:52,12,interruption,False
S0001455,U04163,active_engager,2025-07-15 00:44:28,2025-07-15 01:26:28,42,boredom,False
S0001456,U01973,active_engager,2025-10-09 18:33:17,2025-10-09 19:10:17,37,interruption,False
S0001457,U03418,binge_user,2025-09-08 22:50:43,2025-09-08 23:56:43,66,interruption,False
S0001458,U04688,trend_hopper,2025-06-15 20:56:52,2025-06-15 21:03:52,7,fatigue,True
S0001459,U01062,passive_scroller,2025-05-01 22:30:16,2025-05-01 22:33:16,3,boredom,False
S0001460,U01489,active_engager,2025-04-30 13:32:55,2025-04-30 13:52:55,20,goal_completed,False
S0001461,U02196,trend_hopper,2025-07-16 00:35:15,2025-07-16 00:58:15,23,fatigue,False
S0001462,U04856,trend_hopper,2025-01-27 18:40:53,2025-01-27 19:02:53,22,interruption,False
S0001463,U02563,active_engager,2025-07-31 20:42:56,2025-07-31 21:26:56,44,goal_completed,False
S0001464,U03626,binge_user,2025-01-25 13:26:43,2025-01-25 14:36:43,70,boredom,True
S0001465,U04836,binge_user,2025-01-22 22:17:01,2025-01-22 23:28:01,71,interruption,False
S0001466,U01739,trend_hopper,2025-11-18 18:22:40,2025-11-18 18:40:40,18,boredom,False
S0001467,U02440,passive_scroller,2025-01-29 18:30:23,2025-01-29 18:33:23,3,boredom,False
S0001468,U04306,binge_user,2025-09-26 20:35:39,2025-09-26 21:16:39,41,fatigue,False
S0001469,U02194,trend_hopper,2025-01-31 21:04:26,2025-01-31 21:14:26,10,boredom,False
S0001470,U00905,active_engager,2025-07-19 21:37:12,2025-07-19 22:09:12,32,fatigue,True
S0001471,U01176,binge_user,2026-03-14 13:16:34,2026-03-14 13:54:34,38,boredom,True
S0001472,U03644,binge_user,2025-01-03 18:19:16,2025-01-03 19:55:16,96,fatigue,False
S0001473,U00590,trend_hopper,2025-10-11 19:17:37,2025-10-11 19:25:37,8,interruption,True
S0001474,U00499,active_engager,2025-12-08 20:06:38,2025-12-08 20:30:38,24,goal_completed,False
S0001475,U04528,passive_scroller,2026-01-20 18:44:46,2026-01-20 18:58:46,14,goal_completed,False
S0001476,U04949,passive_scroller,2025-04-09 13:03:22,2025-04-09 13:11:22,8,goal_completed,False
S0001477,U03711,active_engager,2025-09-09 21:22:05,2025-09-09 21:59:05,37,interruption,False
S0001478,U00167,active_engager,2025-05-25 21:58:01,2025-05-25 22:13:01,15,interruption,True
S0001479,U03606,active_engager,2026-03-27 19:28:48,2026-03-27 20:12:48,44,goal_completed,False
S0001480,U03221,passive_scroller,2025-04-25 18:52:54,2025-04-25 19:00:54,8,goal_completed,False
S0001481,U00928,trend_hopper,2025-04-13 20:29:42,2025-04-13 20:48:42,19,fatigue,True
S0001482,U01111,passive_scroller,2026-02-23 13:20:51,2026-02-23 13:27:51,7,fatigue,False
S0001483,U03978,active_engager,2025-08-23 00:31:48,2025-08-23 01:22:48,51,fatigue,True
S0001484,U02294,passive_scroller,2026-04-05 22:23:47,2026-04-05 22:33:47,10,boredom,True
S0001485,U04049,active_engager,2025-05-19 19:18:52,2025-05-19 19:44:52,26,goal_completed,False
S0001486,U01610,binge_user,2025-04-29 21:48:01,2025-04-29 22:24:01,36,goal_completed,False
S0001487,U04584,active_engager,2025-08-14 22:45:18,2025-08-14 23:22:18,37,goal_completed,False
S0001488,U03709,binge_user,2025-04-26 22:49:14,2025-04-27 00:09:14,80,fatigue,True
S0001489,U03507,trend_hopper,2025-09-27 21:57:32,2025-09-27 22:16:32,19,goal_completed,True
S0001490,U02510,active_engager,2025-12-13 00:05:17,2025-12-13 00:51:17,46,goal_completed,True
S0001491,U04355,active_engager,2025-01-17 01:09:48,2025-01-17 01:21:48,12,boredom,False
S0001492,U03924,passive_scroller,2025-03-17 12:48:00,2025-03-17 12:54:00,6,goal_completed,False
S0001493,U00994,trend_hopper,2025-10-07 22:24:50,2025-10-07 22:29:50,5,boredom,False
S0001494,U01507,trend_hopper,2025-03-26 23:21:54,2025-03-26 23:36:54,15,goal_completed,False
S0001495,U01013,active_engager,2025-10-23 18:28:17,2025-10-23 19:01:17,33,fatigue,False
S0001496,U02588,active_engager,2025-12-09 00:46:57,2025-12-09 01:30:57,44,fatigue,False
S0001497,U03498,active_engager,2025-08-30 20:07:22,2025-08-30 20:39:22,32,interruption,True
S0001498,U01626,active_engager,2025-10-18 22:53:59,2025-10-18 23:45:59,52,boredom,True
S0001499,U01654,passive_scroller,2026-02-19 18:02:14,2026-02-19 18:06:14,4,goal_completed,False
S0001500,U03855,active_engager,2025-07-26 19:56:15,2025-07-26 20:40:15,44,boredom,True
S0001501,U04105,trend_hopper,2025-06-01 22:45:04,2025-06-01 23:15:04,30,interruption,True
S0001502,U04353,trend_hopper,2025-01-28 21:12:28,2025-01-28 21:32:28,20,boredom,False
S0001503,U00900,trend_hopper,2025-03-07 00:26:15,2025-03-07 00:49:15,23,boredom,False
S0001504,U04991,passive_scroller,2025-07-13 23:23:34,2025-07-13 23:29:34,6,interruption,True
S0001505,U03667,passive_scroller,2026-02-16 00:34:57,2026-02-16 00:47:57,13,fatigue,False
S0001506,U01244,trend_hopper,2025-07-14 19:14:49,2025-07-14 19:19:49,5,goal_completed,False
S0001507,U01421,active_engager,2025-12-07 13:23:49,2025-12-07 14:01:49,38,goal_completed,True
S0001508,U01726,binge_user,2025-07-20 21:34:14,2025-07-20 23:17:14,103,fatigue,True
S0001509,U03609,passive_scroller,2025-05-16 18:03:22,2025-05-16 18:13:22,10,fatigue,False
S0001510,U00845,passive_scroller,2025-04-30 01:31:08,2025-04-30 01:41:08,10,fatigue,False
S0001511,U02708,passive_scroller,2025-07-01 21:36:53,2025-07-01 21:43:53,7,goal_completed,False
S0001512,U03524,passive_scroller,2025-10-10 19:14:37,2025-10-10 19:28:37,14,boredom,False
S0001513,U02542,active_engager,2025-03-05 19:59:09,2025-03-05 20:28:09,29,interruption,False
S0001514,U03179,binge_user,2025-03-06 23:18:20,2025-03-07 00:14:20,56,fatigue,False
S0001515,U02586,binge_user,2026-02-22 00:08:23,2026-02-22 01:39:23,91,fatigue,True
S0001516,U01428,passive_scroller,2026-01-26 21:43:11,2026-01-26 21:53:11,10,fatigue,False
S0001517,U04962,passive_scroller,2026-03-28 09:49:22,2026-03-28 10:02:22,13,boredom,True
S0001518,U04323,passive_scroller,2025-05-31 22:50:42,2025-05-31 22:57:42,7,fatigue,True
S0001519,U02787,trend_hopper,2025-01-05 20:35:28,2025-01-05 20:42:28,7,interruption,True
S0001520,U03655,active_engager,2025-05-29 18:43:29,2025-05-29 19:10:29,27,interruption,False
S0001521,U03832,trend_hopper,2025-02-01 19:04:50,2025-02-01 19:16:50,12,fatigue,True
S0001522,U02728,active_engager,2026-02-10 22:00:02,2026-02-10 22:40:02,40,fatigue,False
S0001523,U03698,passive_scroller,2025-05-25 19:01:28,2025-05-25 19:04:28,3,goal_completed,True
S0001524,U01595,binge_user,2025-11-07 18:40:28,2025-11-07 19:32:28,52,interruption,False
S0001525,U03235,active_engager,2026-01-07 20:44:56,2026-01-07 21:06:56,22,fatigue,False
S0001526,U01307,passive_scroller,2026-02-18 22:30:46,2026-02-18 22:39:46,9,interruption,False
S0001527,U03579,binge_user,2026-04-05 23:09:33,2026-04-06 01:12:33,123,fatigue,True
S0001528,U03883,active_engager,2025-07-18 12:17:58,2025-07-18 12:31:58,14,interruption,False
S0001529,U01528,trend_hopper,2025-04-17 08:19:21,2025-04-17 08:27:21,8,boredom,False
S0001530,U01358,binge_user,2025-03-21 21:32:03,2025-03-21 23:30:03,118,goal_completed,False
S0001531,U03741,active_engager,2025-03-11 22:02:45,2025-03-11 22:33:45,31,boredom,False
S0001532,U00111,active_engager,2026-04-08 21:02:45,2026-04-08 21:16:45,14,boredom,False
S0001533,U03776,passive_scroller,2026-01-04 21:38:55,2026-01-04 21:52:55,14,boredom,True
S0001534,U02091,binge_user,2025-08-14 19:37:19,2025-08-14 21:25:19,108,goal_completed,False
S0001535,U02510,active_engager,2026-01-04 01:17:00,2026-01-04 01:38:00,21,fatigue,True
S0001536,U00458,binge_user,2026-04-23 20:46:26,2026-04-23 22:10:26,84,boredom,False
S0001537,U02140,active_engager,2026-03-12 23:49:25,2026-03-13 00:34:25,45,interruption,False
S0001538,U01932,trend_hopper,2026-04-18 20:36:18,2026-04-18 21:00:18,24,interruption,True
S0001539,U02777,trend_hopper,2025-06-08 20:46:08,2025-06-08 21:00:08,14,interruption,True
S0001540,U02437,active_engager,2026-01-01 09:11:39,2026-01-01 09:26:39,15,fatigue,False
S0001541,U00241,passive_scroller,2026-04-26 22:02:15,2026-04-26 22:06:15,4,interruption,True
S0001542,U03723,passive_scroller,2025-10-23 12:32:05,2025-10-23 12:45:05,13,goal_completed,False
S0001543,U01927,trend_hopper,2025-08-18 19:31:28,2025-08-18 19:52:28,21,interruption,False
S0001544,U02098,active_engager,2025-11-26 21:32:52,2025-11-26 21:47:52,15,boredom,False
S0001545,U03752,trend_hopper,2025-03-27 20:20:38,2025-03-27 20:38:38,18,goal_completed,False
S0001546,U01394,passive_scroller,2025-05-27 13:13:44,2025-05-27 13:16:44,3,fatigue,False
S0001547,U03199,binge_user,2025-01-14 20:15:43,2025-01-14 21:44:43,89,fatigue,False
S0001548,U04822,binge_user,2025-01-08 18:23:47,2025-01-08 20:11:47,108,boredom,False
S0001549,U02959,binge_user,2025-10-12 01:40:55,2025-10-12 03:50:55,130,boredom,True
S0001550,U00813,binge_user,2025-07-13 00:45:31,2025-07-13 01:58:31,73,goal_completed,True
S0001551,U00498,passive_scroller,2026-01-26 13:26:37,2026-01-26 13:38:37,12,goal_completed,False
S0001552,U04417,binge_user,2025-07-17 19:44:00,2025-07-17 21:36:00,112,interruption,False
S0001553,U00357,active_engager,2025-01-17 13:14:37,2025-01-17 13:25:37,11,boredom,False
S0001554,U00662,active_engager,2026-04-24 20:09:24,2026-04-24 20:38:24,29,fatigue,False
S0001555,U03736,passive_scroller,2026-01-05 21:24:16,2026-01-05 21:32:16,8,fatigue,False
S0001556,U02476,binge_user,2026-02-11 13:32:21,2026-02-11 14:54:21,82,goal_completed,False
S0001557,U02651,binge_user,2026-01-16 19:58:34,2026-01-16 21:45:34,107,goal_completed,False
S0001558,U03912,active_engager,2025-01-19 22:42:36,2025-01-19 23:25:36,43,fatigue,True
S0001559,U01622,active_engager,2025-06-24 21:29:03,2025-06-24 21:49:03,20,fatigue,False
S0001560,U03303,passive_scroller,2025-04-19 01:25:52,2025-04-19 01:34:52,9,fatigue,True
S0001561,U04092,binge_user,2025-10-31 21:55:05,2025-10-31 23:04:05,69,boredom,False
S0001562,U00134,trend_hopper,2026-02-17 21:06:27,2026-02-17 21:17:27,11,fatigue,False
S0001563,U02674,trend_hopper,2025-01-04 23:03:54,2025-01-04 23:19:54,16,fatigue,True
S0001564,U00931,active_engager,2025-12-31 08:43:16,2025-12-31 09:08:16,25,goal_completed,False
S0001565,U00058,binge_user,2025-01-27 18:51:45,2025-01-27 20:23:45,92,goal_completed,False
S0001566,U04380,passive_scroller,2025-07-29 00:16:41,2025-07-29 00:18:41,2,fatigue,False
S0001567,U01099,binge_user,2025-07-08 21:01:55,2025-07-08 21:39:55,38,boredom,False
S0001568,U01128,trend_hopper,2025-09-24 21:22:57,2025-09-24 21:43:57,21,interruption,False
S0001569,U02190,active_engager,2025-02-07 20:00:54,2025-02-07 20:30:54,30,interruption,False
S0001570,U03035,binge_user,2026-01-30 19:25:25,2026-01-30 20:54:25,89,interruption,False
S0001571,U01932,trend_hopper,2025-09-19 12:33:14,2025-09-19 12:40:14,7,interruption,False
S0001572,U01463,binge_user,2025-02-27 00:35:42,2025-02-27 01:32:42,57,fatigue,False
S0001573,U03427,active_engager,2025-03-17 22:34:25,2025-03-17 22:46:25,12,boredom,False
S0001574,U01589,trend_hopper,2026-01-10 23:51:57,2026-01-11 00:16:57,25,interruption,True
S0001575,U00640,active_engager,2026-04-24 19:03:42,2026-04-24 19:25:42,22,fatigue,False
S0001576,U00152,active_engager,2025-08-07 22:24:16,2025-08-07 22:39:16,15,fatigue,False
S0001577,U04209,active_engager,2025-05-03 00:12:02,2025-05-03 01:00:02,48,interruption,True
S0001578,U02797,passive_scroller,2025-05-11 08:34:36,2025-05-11 08:38:36,4,interruption,True
S0001579,U01606,trend_hopper,2026-04-12 20:59:14,2026-04-12 21:05:14,6,interruption,True
S0001580,U01274,passive_scroller,2025-09-27 21:12:55,2025-09-27 21:24:55,12,fatigue,True
S0001581,U00806,trend_hopper,2026-02-02 19:36:19,2026-02-02 19:47:19,11,boredom,False
S0001582,U04440,trend_hopper,2025-11-24 20:29:01,2025-11-24 20:54:01,25,interruption,False
S0001583,U02366,binge_user,2026-04-19 23:47:17,2026-04-20 02:02:17,135,fatigue,True
S0001584,U03968,trend_hopper,2025-05-13 22:45:05,2025-05-13 22:58:05,13,goal_completed,False
S0001585,U01886,binge_user,2025-05-16 19:22:43,2025-05-16 21:09:43,107,interruption,False
S0001586,U04608,trend_hopper,2025-02-27 20:10:14,2025-02-27 20:19:14,9,fatigue,False
S0001587,U00848,active_engager,2025-02-10 20:06:59,2025-02-10 20:34:59,28,fatigue,False
S0001588,U01693,trend_hopper,2026-03-03 00:09:02,2026-03-03 00:14:02,5,interruption,False
S0001589,U03999,active_engager,2026-03-10 21:40:22,2026-03-10 22:17:22,37,fatigue,False
S0001590,U04340,active_engager,2026-03-11 21:15:45,2026-03-11 21:50:45,35,goal_completed,False
S0001591,U01617,trend_hopper,2025-01-21 19:07:05,2025-01-21 19:29:05,22,goal_completed,False
S0001592,U04333,trend_hopper,2025-09-19 22:55:41,2025-09-19 23:19:41,24,boredom,False
S0001593,U02283,passive_scroller,2026-05-01 21:45:55,2026-05-01 21:59:55,14,fatigue,False
S0001594,U03313,active_engager,2025-07-20 21:07:16,2025-07-20 21:53:16,46,boredom,True
S0001595,U04992,binge_user,2026-04-09 23:22:35,2026-04-10 01:04:35,102,interruption,False
S0001596,U04385,binge_user,2025-05-16 13:58:21,2025-05-16 14:36:21,38,fatigue,False
S0001597,U01235,active_engager,2025-05-19 18:22:18,2025-05-19 18:42:18,20,boredom,False
S0001598,U02475,passive_scroller,2025-04-15 21:30:06,2025-04-15 21:32:06,2,boredom,False
S0001599,U00427,binge_user,2025-12-30 01:54:10,2025-12-30 03:34:10,100,boredom,False
S0001600,U00500,binge_user,2025-12-12 20:53:36,2025-12-12 21:41:36,48,goal_completed,False
S0001601,U00985,passive_scroller,2025-10-06 23:54:18,2025-10-07 00:06:18,12,interruption,False
S0001602,U00939,passive_scroller,2025-07-28 23:45:41,2025-07-28 23:47:41,2,interruption,False
S0001603,U01873,active_engager,2025-05-10 20:48:02,2025-05-10 21:12:02,24,fatigue,True
S0001604,U03850,active_engager,2026-04-28 23:28:11,2026-04-28 23:38:11,10,boredom,False
S0001605,U04184,active_engager,2025-08-10 01:43:42,2025-08-10 02:35:42,52,boredom,True
S0001606,U00889,active_engager,2026-03-13 22:30:05,2026-03-13 22:56:05,26,boredom,False
S0001607,U00278,trend_hopper,2025-04-23 22:49:51,2025-04-23 23:07:51,18,fatigue,False
S0001608,U04107,binge_user,2026-01-01 22:31:41,2026-01-01 23:02:41,31,interruption,False
S0001609,U03249,trend_hopper,2026-04-14 21:19:04,2026-04-14 21:44:04,25,goal_completed,False
S0001610,U03677,trend_hopper,2026-01-09 01:25:31,2026-01-09 01:41:31,16,boredom,False
S0001611,U02116,passive_scroller,2025-08-21 09:23:24,2025-08-21 09:38:24,15,fatigue,False
S0001612,U01822,active_engager,2025-03-31 19:49:14,2025-03-31 20:17:14,28,boredom,False
S0001613,U04503,trend_hopper,2025-08-22 12:23:04,2025-08-22 12:37:04,14,interruption,False
S0001614,U00772,binge_user,2026-03-03 23:57:00,2026-03-04 01:13:00,76,boredom,False
S0001615,U03165,binge_user,2025-08-29 01:22:26,2025-08-29 02:04:26,42,goal_completed,False
S0001616,U04956,active_engager,2025-09-19 01:07:10,2025-09-19 01:37:10,30,fatigue,False
S0001617,U00117,binge_user,2026-03-18 21:37:49,2026-03-18 23:30:49,113,interruption,False
S0001618,U04519,trend_hopper,2025-12-14 13:48:49,2025-12-14 14:01:49,13,interruption,True
S0001619,U02727,active_engager,2025-12-14 22:51:35,2025-12-14 23:28:35,37,boredom,True
S0001620,U02296,binge_user,2025-04-12 21:39:45,2025-04-12 22:47:45,68,fatigue,True
S0001621,U04171,passive_scroller,2025-10-14 23:21:34,2025-10-14 23:28:34,7,goal_completed,False
S0001622,U00642,binge_user,2025-05-14 21:56:11,2025-05-14 23:47:11,111,interruption,False
S0001623,U00167,active_engager,2025-04-20 23:13:42,2025-04-21 00:05:42,52,fatigue,True
S0001624,U00635,trend_hopper,2025-07-10 00:04:50,2025-07-10 00:12:50,8,boredom,False
S0001625,U04260,active_engager,2026-03-09 12:10:26,2026-03-09 12:32:26,22,goal_completed,False
S0001626,U01231,trend_hopper,2025-12-31 00:13:12,2025-12-31 00:29:12,16,interruption,False
S0001627,U03640,binge_user,2025-07-10 01:36:08,2025-07-10 02:47:08,71,fatigue,False
S0001628,U03482,binge_user,2025-02-10 01:10:10,2025-02-10 02:05:10,55,goal_completed,False
S0001629,U03475,active_engager,2026-02-06 18:12:39,2026-02-06 18:38:39,26,boredom,False
S0001630,U01070,passive_scroller,2025-01-21 23:11:33,2025-01-21 23:24:33,13,goal_completed,False
S0001631,U04357,passive_scroller,2025-06-22 20:18:01,2025-06-22 20:20:01,2,goal_completed,True
S0001632,U02187,active_engager,2025-03-13 18:09:15,2025-03-13 18:44:15,35,goal_completed,False
S0001633,U01640,binge_user,2025-07-11 20:44:02,2025-07-11 21:19:02,35,interruption,False
S0001634,U03378,active_engager,2025-07-15 21:03:46,2025-07-15 21:25:46,22,boredom,False
S0001635,U03293,binge_user,2025-01-08 23:00:45,2025-01-09 00:21:45,81,interruption,False
S0001636,U02833,binge_user,2025-12-22 22:20:20,2025-12-23 00:19:20,119,fatigue,False
S0001637,U02918,active_engager,2025-01-03 18:28:50,2025-01-03 19:11:50,43,goal_completed,False
S0001638,U01336,active_engager,2026-04-14 01:35:33,2026-04-14 02:20:33,45,interruption,False
S0001639,U01637,active_engager,2026-01-06 23:41:56,2026-01-07 00:18:56,37,boredom,False
S0001640,U02130,binge_user,2025-10-03 21:14:29,2025-10-03 22:37:29,83,boredom,False
S0001641,U02977,trend_hopper,2025-11-16 23:15:23,2025-11-16 23:22:23,7,goal_completed,True
S0001642,U04267,trend_hopper,2025-04-06 22:19:25,2025-04-06 22:25:25,6,boredom,True
S0001643,U04300,binge_user,2025-03-29 19:57:14,2025-03-29 21:01:14,64,boredom,True
S0001644,U00385,trend_hopper,2026-01-09 09:53:29,2026-01-09 10:11:29,18,fatigue,False
S0001645,U01573,binge_user,2025-04-07 01:33:05,2025-04-07 02:33:05,60,interruption,False
S0001646,U01101,active_engager,2025-06-23 23:38:21,2025-06-23 23:58:21,20,interruption,False
S0001647,U03870,active_engager,2025-08-27 18:11:27,2025-08-27 18:28:27,17,fatigue,False
S0001648,U00929,passive_scroller,2026-03-02 00:08:50,2026-03-02 00:22:50,14,interruption,False
S0001649,U03396,active_engager,2026-04-24 21:58:35,2026-04-24 22:11:35,13,goal_completed,False
S0001650,U00484,passive_scroller,2025-07-29 23:48:27,2025-07-29 23:53:27,5,fatigue,False
S0001651,U02233,binge_user,2026-03-29 20:16:10,2026-03-29 22:08:10,112,boredom,True
S0001652,U03961,binge_user,2025-06-29 00:41:22,2025-06-29 02:25:22,104,fatigue,True
S0001653,U01876,trend_hopper,2025-12-06 23:07:18,2025-12-06 23:19:18,12,interruption,True
S0001654,U02060,active_engager,2026-01-07 23:28:05,2026-01-08 00:09:05,41,goal_completed,False
S0001655,U02493,passive_scroller,2026-02-06 23:31:29,2026-02-06 23:34:29,3,boredom,False
S0001656,U02093,trend_hopper,2025-09-17 22:38:01,2025-09-17 22:53:01,15,fatigue,False
S0001657,U00026,trend_hopper,2026-03-30 00:46:42,2026-03-30 00:59:42,13,interruption,False
S0001658,U02961,binge_user,2025-11-15 23:28:16,2025-11-16 01:10:16,102,boredom,True
S0001659,U03635,trend_hopper,2025-08-16 22:38:58,2025-08-16 23:06:58,28,goal_completed,True
S0001660,U04162,active_engager,2025-03-11 23:25:52,2025-03-11 23:59:52,34,interruption,False
S0001661,U01478,passive_scroller,2025-11-23 00:06:12,2025-11-23 00:22:12,16,interruption,True
S0001662,U01964,passive_scroller,2025-08-08 09:06:41,2025-08-08 09:13:41,7,fatigue,False
S0001663,U02281,passive_scroller,2025-03-18 23:36:29,2025-03-18 23:43:29,7,fatigue,False
S0001664,U01189,passive_scroller,2026-02-22 19:28:33,2026-02-22 19:36:33,8,fatigue,True
S0001665,U04803,passive_scroller,2026-02-27 23:46:07,2026-02-27 23:54:07,8,fatigue,False
S0001666,U02979,active_engager,2025-06-05 20:03:24,2025-06-05 20:48:24,45,interruption,False
S0001667,U04443,active_engager,2026-02-03 18:04:20,2026-02-03 18:19:20,15,interruption,False
S0001668,U02877,trend_hopper,2025-12-31 08:21:40,2025-12-31 08:38:40,17,fatigue,False
S0001669,U00199,passive_scroller,2025-12-12 23:45:23,2025-12-12 23:55:23,10,boredom,False
S0001670,U04739,active_engager,2025-05-15 22:30:10,2025-05-15 22:59:10,29,fatigue,False
S0001671,U04169,passive_scroller,2026-01-14 23:45:05,2026-01-14 23:55:05,10,interruption,False
S0001672,U02992,binge_user,2025-09-05 01:32:30,2025-09-05 02:24:30,52,boredom,False
S0001673,U01724,passive_scroller,2025-01-18 19:35:11,2025-01-18 19:39:11,4,interruption,True
S0001674,U04497,binge_user,2025-02-17 21:26:20,2025-02-17 22:30:20,64,goal_completed,False
S0001675,U04915,trend_hopper,2026-03-23 23:21:59,2026-03-23 23:46:59,25,interruption,False
S0001676,U04442,binge_user,2026-01-31 18:11:56,2026-01-31 19:25:56,74,fatigue,True
S0001677,U04436,binge_user,2025-11-22 00:37:53,2025-11-22 01:46:53,69,fatigue,True
S0001678,U04948,binge_user,2025-08-18 20:30:45,2025-08-18 21:49:45,79,boredom,False
S0001679,U01733,passive_scroller,2025-02-14 20:13:17,2025-02-14 20:22:17,9,fatigue,False
S0001680,U04902,active_engager,2025-03-17 08:04:19,2025-03-17 08:47:19,43,goal_completed,False
S0001681,U02553,trend_hopper,2025-01-13 20:43:17,2025-01-13 20:53:17,10,goal_completed,False
S0001682,U04946,active_engager,2025-12-30 23:43:19,2025-12-30 23:57:19,14,interruption,False
S0001683,U00532,active_engager,2025-11-11 19:51:18,2025-11-11 20:22:18,31,interruption,False
S0001684,U01092,passive_scroller,2025-09-01 23:14:09,2025-09-01 23:16:09,2,interruption,False
S0001685,U01865,passive_scroller,2026-04-30 00:09:03,2026-04-30 00:18:03,9,interruption,False
S0001686,U02087,passive_scroller,2025-04-30 21:01:42,2025-04-30 21:11:42,10,interruption,False
S0001687,U03288,binge_user,2025-10-18 19:31:07,2025-10-18 21:31:07,120,goal_completed,True
S0001688,U01906,passive_scroller,2026-02-28 13:51:04,2026-02-28 14:05:04,14,boredom,True
S0001689,U00282,passive_scroller,2025-10-27 18:30:47,2025-10-27 18:32:47,2,interruption,False
S0001690,U03498,active_engager,2026-03-17 21:46:05,2026-03-17 22:21:05,35,interruption,False
S0001691,U04575,active_engager,2026-03-04 13:38:56,2026-03-04 14:12:56,34,fatigue,False
S0001692,U00357,active_engager,2025-08-04 23:14:09,2025-08-04 23:33:09,19,boredom,False
S0001693,U03899,trend_hopper,2025-05-08 12:11:03,2025-05-08 12:16:03,5,fatigue,False
S0001694,U01270,passive_scroller,2025-06-12 21:22:37,2025-06-12 21:35:37,13,goal_completed,False
S0001695,U04937,passive_scroller,2025-10-14 21:15:31,2025-10-14 21:22:31,7,boredom,False
S0001696,U02059,active_engager,2025-07-23 23:11:50,2025-07-23 23:36:50,25,fatigue,False
S0001697,U01343,active_engager,2025-09-14 19:27:57,2025-09-14 20:03:57,36,interruption,True
S0001698,U03624,active_engager,2026-03-30 13:09:38,2026-03-30 13:36:38,27,fatigue,False
S0001699,U02896,passive_scroller,2026-04-01 21:58:58,2026-04-01 22:12:58,14,interruption,False
S0001700,U00622,passive_scroller,2026-01-05 20:52:04,2026-01-05 20:59:04,7,goal_completed,False
S0001701,U00771,binge_user,2025-05-30 19:43:03,2025-05-30 21:00:03,77,goal_completed,False
S0001702,U03724,binge_user,2025-09-25 19:13:45,2025-09-25 19:52:45,39,fatigue,False
S0001703,U04456,passive_scroller,2025-02-08 23:01:37,2025-02-08 23:04:37,3,goal_completed,True
S0001704,U00890,binge_user,2025-06-27 01:49:13,2025-06-27 03:09:13,80,goal_completed,False
S0001705,U01529,trend_hopper,2026-04-16 18:25:23,2026-04-16 18:39:23,14,goal_completed,False
S0001706,U04934,passive_scroller,2025-08-04 23:10:04,2025-08-04 23:19:04,9,goal_completed,False
S0001707,U02957,passive_scroller,2025-06-19 21:03:34,2025-06-19 21:17:34,14,goal_completed,False
S0001708,U02623,trend_hopper,2025-10-30 21:33:53,2025-10-30 21:51:53,18,boredom,False
S0001709,U01785,active_engager,2025-09-12 12:15:30,2025-09-12 12:33:30,18,interruption,False
S0001710,U01863,trend_hopper,2025-01-31 21:05:12,2025-01-31 21:27:12,22,boredom,False
S0001711,U03304,passive_scroller,2025-03-30 20:30:29,2025-03-30 20:48:29,18,fatigue,True
S0001712,U02055,active_engager,2025-05-20 19:56:55,2025-05-20 20:16:55,20,fatigue,False
S0001713,U03830,passive_scroller,2025-10-16 01:11:18,2025-10-16 01:14:18,3,boredom,False
S0001714,U02529,binge_user,2026-04-01 20:36:32,2026-04-01 21:49:32,73,goal_completed,False
S0001715,U01422,passive_scroller,2025-05-18 18:31:46,2025-05-18 18:47:46,16,boredom,True
S0001716,U03867,trend_hopper,2025-10-03 18:32:21,2025-10-03 18:38:21,6,goal_completed,False
S0001717,U03295,active_engager,2025-04-15 21:20:11,2025-04-15 21:59:11,39,boredom,False
S0001718,U01434,active_engager,2025-08-19 18:33:53,2025-08-19 18:44:53,11,interruption,False
S0001719,U01640,binge_user,2025-10-01 21:13:11,2025-10-01 22:24:11,71,boredom,False
S0001720,U02611,binge_user,2025-10-30 20:29:37,2025-10-30 22:00:37,91,goal_completed,False
S0001721,U03482,binge_user,2026-01-26 00:31:43,2026-01-26 02:28:43,117,fatigue,False
S0001722,U03947,active_engager,2025-03-08 20:37:16,2025-03-08 20:59:16,22,boredom,True
S0001723,U01687,active_engager,2026-04-05 19:05:50,2026-04-05 19:57:50,52,fatigue,True
S0001724,U00732,passive_scroller,2026-03-23 18:42:30,2026-03-23 18:55:30,13,fatigue,False
S0001725,U02776,active_engager,2026-02-15 00:00:45,2026-02-15 00:45:45,45,interruption,True
S0001726,U04393,active_engager,2025-09-20 08:42:18,2025-09-20 09:12:18,30,goal_completed,True
S0001727,U03718,binge_user,2026-02-21 00:12:08,2026-02-21 01:48:08,96,goal_completed,True
S0001728,U02998,active_engager,2025-09-26 12:33:42,2025-09-26 13:17:42,44,fatigue,False
S0001729,U00257,active_engager,2025-04-18 18:40:44,2025-04-18 19:17:44,37,fatigue,False
S0001730,U00445,binge_user,2025-03-11 22:10:07,2025-03-11 23:43:07,93,boredom,False
S0001731,U00473,active_engager,2026-03-24 21:53:30,2026-03-24 22:09:30,16,goal_completed,False
S0001732,U03534,trend_hopper,2026-02-07 21:31:20,2026-02-07 21:57:20,26,fatigue,True
S0001733,U00149,active_engager,2026-01-05 21:40:55,2026-01-05 22:16:55,36,fatigue,False
S0001734,U03140,trend_hopper,2025-09-15 21:01:40,2025-09-15 21:23:40,22,goal_completed,False
S0001735,U04253,binge_user,2026-04-18 22:37:53,2026-04-18 23:43:53,66,goal_completed,True
S0001736,U03331,active_engager,2026-05-01 18:07:01,2026-05-01 18:47:01,40,fatigue,False
S0001737,U03126,passive_scroller,2025-01-24 21:56:57,2025-01-24 22:02:57,6,fatigue,False
S0001738,U03647,passive_scroller,2025-06-08 21:20:33,2025-06-08 21:23:33,3,fatigue,True
S0001739,U03830,passive_scroller,2025-02-12 13:14:19,2025-02-12 13:25:19,11,interruption,False
S0001740,U03323,binge_user,2025-12-24 23:01:05,2025-12-25 00:02:05,61,interruption,False
S0001741,U00941,passive_scroller,2026-03-03 21:19:06,2026-03-03 21:31:06,12,goal_completed,False
S0001742,U00793,binge_user,2025-12-17 19:03:06,2025-12-17 19:59:06,56,goal_completed,False
S0001743,U01824,binge_user,2025-07-21 20:46:57,2025-07-21 21:25:57,39,interruption,False
S0001744,U02137,trend_hopper,2025-01-11 13:43:26,2025-01-11 13:56:26,13,goal_completed,True
S0001745,U03858,binge_user,2025-11-19 23:18:15,2025-11-20 01:12:15,114,boredom,False
S0001746,U03707,passive_scroller,2025-09-09 22:03:43,2025-09-09 22:08:43,5,boredom,False
S0001747,U04501,active_engager,2025-05-29 19:12:14,2025-05-29 19:42:14,30,boredom,False
S0001748,U02039,passive_scroller,2025-08-13 23:57:11,2025-08-14 00:00:11,3,goal_completed,False
S0001749,U03378,active_engager,2025-04-07 23:03:46,2025-04-07 23:21:46,18,goal_completed,False
S0001750,U00855,binge_user,2025-12-20 23:53:41,2025-12-21 00:41:41,48,boredom,True
S0001751,U03063,trend_hopper,2026-04-05 19:24:21,2026-04-05 19:49:21,25,fatigue,True
S0001752,U00106,binge_user,2025-10-11 00:21:50,2025-10-11 01:31:50,70,goal_completed,True
S0001753,U03402,active_engager,2025-05-17 23:29:12,2025-05-18 00:00:12,31,boredom,True
S0001754,U00098,binge_user,2026-01-17 22:53:26,2026-01-17 23:36:26,43,boredom,True
S0001755,U01870,trend_hopper,2025-02-07 21:15:41,2025-02-07 21:39:41,24,goal_completed,False
S0001756,U03745,binge_user,2026-01-21 00:33:53,2026-01-21 02:23:53,110,boredom,False
S0001757,U04873,passive_scroller,2025-07-03 22:09:10,2025-07-03 22:13:10,4,goal_completed,False
S0001758,U04679,passive_scroller,2025-06-30 00:10:08,2025-06-30 00:13:08,3,interruption,False
S0001759,U02432,active_engager,2026-03-15 21:43:14,2026-03-15 22:03:14,20,goal_completed,True
S0001760,U00571,active_engager,2025-10-03 22:24:44,2025-10-03 22:46:44,22,interruption,False
S0001761,U02514,passive_scroller,2025-04-23 09:01:00,2025-04-23 09:12:00,11,boredom,False
S0001762,U01343,active_engager,2025-12-04 00:27:15,2025-12-04 00:56:15,29,interruption,False
S0001763,U04958,trend_hopper,2026-01-06 23:59:09,2026-01-07 00:15:09,16,fatigue,False
S0001764,U04869,passive_scroller,2026-02-12 22:06:54,2026-02-12 22:14:54,8,goal_completed,False
S0001765,U00908,trend_hopper,2025-04-06 08:12:52,2025-04-06 08:36:52,24,goal_completed,True
S0001766,U02360,passive_scroller,2026-01-15 09:28:42,2026-01-15 09:36:42,8,interruption,False
S0001767,U00557,binge_user,2025-09-21 20:29:40,2025-09-21 22:06:40,97,boredom,True
S0001768,U03304,passive_scroller,2025-04-21 22:28:10,2025-04-21 22:34:10,6,goal_completed,False
S0001769,U01869,passive_scroller,2025-06-07 00:00:16,2025-06-07 00:08:16,8,fatigue,True
S0001770,U01935,active_engager,2025-10-23 00:35:53,2025-10-23 00:58:53,23,fatigue,False
S0001771,U03151,trend_hopper,2025-10-25 01:25:04,2025-10-25 01:40:04,15,goal_completed,True
S0001772,U03418,binge_user,2025-12-02 01:24:51,2025-12-02 03:00:51,96,fatigue,False
S0001773,U02896,passive_scroller,2025-04-04 18:50:41,2025-04-04 18:56:41,6,goal_completed,False
S0001774,U02310,passive_scroller,2025-02-07 20:55:05,2025-02-07 21:03:05,8,goal_completed,False
S0001775,U00587,passive_scroller,2025-12-04 19:32:32,2025-12-04 19:46:32,14,interruption,False
S0001776,U04133,passive_scroller,2025-01-16 01:11:24,2025-01-16 01:26:24,15,interruption,False
S0001777,U04637,trend_hopper,2025-03-24 22:34:08,2025-03-24 22:57:08,23,boredom,False
S0001778,U04870,binge_user,2026-01-29 18:37:57,2026-01-29 19:20:57,43,fatigue,False
S0001779,U01138,active_engager,2025-04-02 00:44:40,2025-04-02 01:01:40,17,boredom,False
S0001780,U01986,binge_user,2026-02-18 22:51:00,2026-02-18 23:35:00,44,boredom,False
S0001781,U01857,passive_scroller,2026-01-12 18:27:38,2026-01-12 18:31:38,4,interruption,False
S0001782,U01425,passive_scroller,2025-02-25 20:38:20,2025-02-25 20:51:20,13,goal_completed,False
S0001783,U04797,binge_user,2025-11-10 23:54:01,2025-11-11 01:09:01,75,goal_completed,False
S0001784,U00455,binge_user,2025-12-24 13:37:09,2025-12-24 15:10:09,93,boredom,False
S0001785,U01449,trend_hopper,2026-01-07 19:46:15,2026-01-07 19:51:15,5,interruption,False
S0001786,U00889,active_engager,2026-04-28 20:25:38,2026-04-28 20:58:38,33,interruption,False
S0001787,U04157,active_engager,2025-09-14 21:10:00,2025-09-14 21:25:00,15,boredom,True
S0001788,U03238,trend_hopper,2025-09-05 23:18:10,2025-09-05 23:42:10,24,interruption,False
S0001789,U04981,binge_user,2025-12-26 18:16:22,2025-12-26 19:18:22,62,boredom,False
S0001790,U01147,trend_hopper,2026-01-04 09:25:20,2026-01-04 09:40:20,15,boredom,True
S0001791,U02791,active_engager,2025-07-27 13:26:19,2025-07-27 14:16:19,50,fatigue,True
S0001792,U03315,passive_scroller,2025-09-13 18:14:11,2025-09-13 18:27:11,13,fatigue,True
S0001793,U02935,binge_user,2025-06-22 13:26:16,2025-06-22 15:26:16,120,goal_completed,True
S0001794,U01877,passive_scroller,2025-05-04 12:23:57,2025-05-04 12:38:57,15,goal_completed,True
S0001795,U01452,passive_scroller,2025-09-30 23:34:15,2025-09-30 23:46:15,12,goal_completed,False
S0001796,U00299,binge_user,2025-10-23 08:29:09,2025-10-23 09:06:09,37,fatigue,False
S0001797,U02294,passive_scroller,2025-07-11 13:33:51,2025-07-11 13:44:51,11,interruption,False
S0001798,U04818,trend_hopper,2025-03-12 00:37:04,2025-03-12 00:50:04,13,interruption,False
S0001799,U03469,active_engager,2026-01-13 21:41:51,2026-01-13 22:25:51,44,fatigue,False
S0001800,U03179,binge_user,2025-03-27 20:18:30,2025-03-27 20:56:30,38,boredom,False
S0001801,U01813,passive_scroller,2025-10-08 20:00:52,2025-10-08 20:15:52,15,boredom,False
S0001802,U00874,trend_hopper,2025-02-23 18:03:36,2025-02-23 18:28:36,25,goal_completed,True
S0001803,U02018,active_engager,2025-12-27 00:24:54,2025-12-27 01:14:54,50,fatigue,True
S0001804,U03494,trend_hopper,2026-02-28 18:09:52,2026-02-28 18:27:52,18,interruption,True
S0001805,U04317,trend_hopper,2025-12-28 19:25:11,2025-12-28 19:38:11,13,fatigue,True
S0001806,U04537,binge_user,2025-09-09 08:23:00,2025-09-09 09:52:00,89,fatigue,False
S0001807,U03099,passive_scroller,2026-04-13 21:59:15,2026-04-13 22:07:15,8,boredom,False
S0001808,U02572,trend_hopper,2026-04-23 09:48:17,2026-04-23 09:56:17,8,fatigue,False
S0001809,U00502,passive_scroller,2025-02-19 22:20:18,2025-02-19 22:25:18,5,interruption,False
S0001810,U00109,binge_user,2025-07-20 09:36:31,2025-07-20 11:38:31,122,boredom,True
S0001811,U03570,active_engager,2025-10-23 21:34:10,2025-10-23 22:06:10,32,goal_completed,False
S0001812,U00697,binge_user,2026-01-09 12:18:29,2026-01-09 14:17:29,119,goal_completed,False
S0001813,U01228,trend_hopper,2025-08-12 13:18:51,2025-08-12 13:28:51,10,fatigue,False
S0001814,U00310,active_engager,2026-01-26 20:53:58,2026-01-26 21:35:58,42,fatigue,False
S0001815,U03466,passive_scroller,2025-06-15 12:39:52,2025-06-15 12:45:52,6,fatigue,True
S0001816,U02956,passive_scroller,2025-06-19 12:15:11,2025-06-19 12:27:11,12,goal_completed,False
S0001817,U00482,passive_scroller,2025-08-04 13:15:49,2025-08-04 13:21:49,6,boredom,False
S0001818,U03670,binge_user,2025-05-18 23:11:33,2025-05-19 01:07:33,116,interruption,True
S0001819,U04164,active_engager,2025-01-10 23:15:36,2025-01-10 23:49:36,34,boredom,False
S0001820,U01953,active_engager,2025-07-01 20:08:26,2025-07-01 20:39:26,31,interruption,False
S0001821,U00044,trend_hopper,2025-05-12 22:23:08,2025-05-12 22:39:08,16,goal_completed,False
S0001822,U01794,trend_hopper,2025-01-21 22:41:09,2025-01-21 23:06:09,25,interruption,False
S0001823,U03519,active_engager,2025-10-04 21:53:24,2025-10-04 22:32:24,39,goal_completed,True
S0001824,U04481,binge_user,2025-07-14 19:24:24,2025-07-14 20:14:24,50,interruption,False
S0001825,U00302,passive_scroller,2025-10-09 20:10:51,2025-10-09 20:13:51,3,boredom,False
S0001826,U01298,binge_user,2025-02-15 19:29:55,2025-02-15 21:32:55,123,interruption,True
S0001827,U02098,active_engager,2026-01-20 19:33:39,2026-01-20 20:18:39,45,interruption,False
S0001828,U02196,trend_hopper,2026-01-14 20:09:48,2026-01-14 20:31:48,22,interruption,False
S0001829,U03918,active_engager,2025-09-07 18:16:10,2025-09-07 19:07:10,51,fatigue,True
S0001830,U03787,active_engager,2025-07-24 21:18:36,2025-07-24 21:47:36,29,boredom,False
S0001831,U04109,binge_user,2026-01-22 01:39:12,2026-01-22 03:06:12,87,fatigue,False
S0001832,U02207,trend_hopper,2025-10-06 21:02:54,2025-10-06 21:20:54,18,boredom,False
S0001833,U01493,trend_hopper,2025-12-06 23:18:36,2025-12-06 23:25:36,7,boredom,True
S0001834,U02673,trend_hopper,2025-11-04 21:23:06,2025-11-04 21:31:06,8,boredom,False
S0001835,U01526,active_engager,2025-11-24 22:40:36,2025-11-24 23:12:36,32,fatigue,False
S0001836,U03397,active_engager,2026-02-27 12:57:27,2026-02-27 13:24:27,27,goal_completed,False
S0001837,U02682,trend_hopper,2026-03-24 20:21:42,2026-03-24 20:28:42,7,goal_completed,False
S0001838,U00798,active_engager,2025-12-17 18:04:53,2025-12-17 18:15:53,11,goal_completed,False
S0001839,U01309,active_engager,2025-01-27 00:07:04,2025-01-27 00:32:04,25,interruption,False
S0001840,U00138,trend_hopper,2025-08-18 23:36:58,2025-08-18 23:42:58,6,goal_completed,False
S0001841,U03942,active_engager,2025-02-11 23:21:27,2025-02-11 23:56:27,35,boredom,False
S0001842,U03985,passive_scroller,2025-06-07 12:05:50,2025-06-07 12:14:50,9,boredom,True
S0001843,U00954,passive_scroller,2025-12-18 01:19:17,2025-12-18 01:22:17,3,interruption,False
S0001844,U01121,active_engager,2025-05-19 12:43:46,2025-05-19 13:01:46,18,interruption,False
S0001845,U01585,trend_hopper,2026-04-02 18:55:34,2026-04-02 19:19:34,24,goal_completed,False
S0001846,U01402,binge_user,2025-01-20 23:02:46,2025-01-20 23:38:46,36,goal_completed,False
S0001847,U04524,trend_hopper,2026-04-15 22:18:59,2026-04-15 22:32:59,14,fatigue,False
S0001848,U00545,binge_user,2025-04-10 19:18:48,2025-04-10 19:54:48,36,boredom,False
S0001849,U03156,active_engager,2025-03-05 19:42:57,2025-03-05 20:25:57,43,boredom,False
S0001850,U01498,binge_user,2026-02-12 01:22:25,2026-02-12 02:48:25,86,interruption,False
S0001851,U02932,binge_user,2025-03-02 12:34:16,2025-03-02 13:18:16,44,fatigue,True
S0001852,U04659,trend_hopper,2025-02-18 01:02:13,2025-02-18 01:26:13,24,goal_completed,False
S0001853,U03409,trend_hopper,2025-08-16 22:45:38,2025-08-16 23:15:38,30,boredom,True
S0001854,U02766,trend_hopper,2025-04-06 21:43:45,2025-04-06 21:49:45,6,fatigue,True
S0001855,U02833,binge_user,2025-09-19 23:33:09,2025-09-20 01:32:09,119,interruption,False
S0001856,U02415,trend_hopper,2026-01-02 12:56:23,2026-01-02 13:20:23,24,interruption,False
S0001857,U01170,trend_hopper,2025-02-22 08:39:33,2025-02-22 08:47:33,8,goal_completed,True
S0001858,U01520,binge_user,2026-03-16 21:39:40,2026-03-16 22:43:40,64,fatigue,False
S0001859,U02008,passive_scroller,2025-06-21 20:20:07,2025-06-21 20:28:07,8,interruption,True
S0001860,U03797,binge_user,2025-05-26 21:21:02,2025-05-26 22:01:02,40,fatigue,False
S0001861,U03723,passive_scroller,2025-03-23 22:48:52,2025-03-23 22:52:52,4,goal_completed,True
S0001862,U02669,passive_scroller,2025-12-14 09:41:00,2025-12-14 09:43:00,2,fatigue,True
S0001863,U04099,passive_scroller,2025-02-04 20:37:16,2025-02-04 20:44:16,7,interruption,False
S0001864,U01631,passive_scroller,2025-07-27 21:16:00,2025-07-27 21:23:00,7,fatigue,True
S0001865,U04636,trend_hopper,2025-07-30 12:27:38,2025-07-30 12:32:38,5,fatigue,False
S0001866,U03936,active_engager,2025-11-30 20:41:56,2025-11-30 21:31:56,50,interruption,True
S0001867,U03250,trend_hopper,2025-03-15 21:58:18,2025-03-15 22:22:18,24,interruption,True
S0001868,U03290,trend_hopper,2026-02-11 18:42:19,2026-02-11 18:52:19,10,boredom,False
S0001869,U04158,active_engager,2025-09-19 23:24:08,2025-09-19 23:43:08,19,fatigue,False
S0001870,U04788,binge_user,2026-01-11 23:39:09,2026-01-12 00:23:09,44,fatigue,True
S0001871,U01578,binge_user,2025-06-30 21:20:00,2025-06-30 23:00:00,100,boredom,False
S0001872,U04989,passive_scroller,2025-02-06 22:49:56,2025-02-06 22:51:56,2,interruption,False
S0001873,U04358,binge_user,2025-10-22 00:47:14,2025-10-22 02:22:14,95,fatigue,False
S0001874,U02804,passive_scroller,2025-03-25 21:21:06,2025-03-25 21:32:06,11,interruption,False
S0001875,U04938,passive_scroller,2025-09-12 01:21:33,2025-09-12 01:26:33,5,goal_completed,False
S0001876,U02183,active_engager,2026-04-22 20:59:06,2026-04-22 21:09:06,10,fatigue,False
S0001877,U00032,passive_scroller,2025-03-03 18:44:18,2025-03-03 18:49:18,5,fatigue,False
S0001878,U00114,binge_user,2025-03-09 12:38:35,2025-03-09 14:06:35,88,goal_completed,True
S0001879,U02778,binge_user,2025-03-26 19:37:41,2025-03-26 20:53:41,76,goal_completed,False
S0001880,U01866,active_engager,2025-10-28 21:54:52,2025-10-28 22:17:52,23,boredom,False
S0001881,U02849,trend_hopper,2025-01-10 13:24:32,2025-01-10 13:29:32,5,goal_completed,False
S0001882,U01074,trend_hopper,2025-04-11 22:11:22,2025-04-11 22:16:22,5,interruption,False
S0001883,U00060,active_engager,2026-01-05 08:15:15,2026-01-05 08:53:15,38,interruption,False
S0001884,U03336,passive_scroller,2025-04-26 13:50:46,2025-04-26 14:00:46,10,goal_completed,True
S0001885,U02546,active_engager,2025-12-29 20:33:54,2025-12-29 21:06:54,33,boredom,False
S0001886,U00296,trend_hopper,2026-02-10 22:16:14,2026-02-10 22:40:14,24,boredom,False
S0001887,U03718,binge_user,2026-03-15 19:50:48,2026-03-15 21:44:48,114,fatigue,True
S0001888,U02414,active_engager,2025-11-05 21:36:17,2025-11-05 21:58:17,22,boredom,False
S0001889,U00002,passive_scroller,2026-03-27 21:27:07,2026-03-27 21:34:07,7,fatigue,False
S0001890,U00723,active_engager,2025-06-24 19:09:12,2025-06-24 19:27:12,18,fatigue,False
S0001891,U02861,binge_user,2026-05-01 19:44:09,2026-05-01 20:35:09,51,fatigue,False
S0001892,U02731,passive_scroller,2025-09-08 12:35:08,2025-09-08 12:44:08,9,boredom,False
S0001893,U00196,trend_hopper,2026-01-05 22:01:31,2026-01-05 22:26:31,25,boredom,False
S0001894,U04250,binge_user,2025-12-11 21:19:49,2025-12-11 22:24:49,65,interruption,False
S0001895,U00247,binge_user,2026-02-03 12:11:17,2026-02-03 13:27:17,76,goal_completed,False
S0001896,U03340,active_engager,2025-12-07 12:56:24,2025-12-07 13:48:24,52,fatigue,True
S0001897,U02244,passive_scroller,2025-12-26 23:23:31,2025-12-26 23:25:31,2,boredom,False
S0001898,U00711,active_engager,2025-04-30 08:35:48,2025-04-30 08:55:48,20,interruption,False
S0001899,U01185,active_engager,2025-02-19 23:05:40,2025-02-19 23:15:40,10,fatigue,False
S0001900,U04486,trend_hopper,2026-04-23 22:30:41,2026-04-23 22:37:41,7,fatigue,False
S0001901,U02229,passive_scroller,2026-02-24 00:23:49,2026-02-24 00:34:49,11,goal_completed,False
S0001902,U03671,passive_scroller,2026-04-19 19:36:28,2026-04-19 19:46:28,10,fatigue,True
S0001903,U04608,trend_hopper,2026-01-11 23:14:02,2026-01-11 23:29:02,15,fatigue,True
S0001904,U00175,passive_scroller,2025-05-31 01:46:17,2025-05-31 01:52:17,6,goal_completed,True
S0001905,U00290,trend_hopper,2025-03-28 23:15:30,2025-03-28 23:38:30,23,interruption,False
S0001906,U03503,trend_hopper,2025-01-13 18:58:03,2025-01-13 19:03:03,5,interruption,False
S0001907,U03446,binge_user,2025-12-07 00:40:28,2025-12-07 01:52:28,72,goal_completed,True
S0001908,U01238,passive_scroller,2025-09-28 19:46:27,2025-09-28 19:50:27,4,goal_completed,True
S0001909,U00906,trend_hopper,2025-12-13 00:01:03,2025-12-13 00:20:03,19,boredom,True
S0001910,U02890,trend_hopper,2025-07-03 08:25:33,2025-07-03 08:30:33,5,goal_completed,False
S0001911,U02934,binge_user,2025-08-07 19:56:33,2025-08-07 21:39:33,103,interruption,False
S0001912,U01534,trend_hopper,2026-01-10 18:30:55,2026-01-10 18:50:55,20,interruption,True
S0001913,U04400,passive_scroller,2025-04-24 23:50:08,2025-04-25 00:00:08,10,interruption,False
S0001914,U02091,binge_user,2025-11-22 21:41:21,2025-11-22 23:24:21,103,boredom,True
S0001915,U02388,trend_hopper,2025-12-21 21:46:38,2025-12-21 22:14:38,28,interruption,True
S0001916,U02194,trend_hopper,2025-08-26 19:47:18,2025-08-26 20:11:18,24,interruption,False
S0001917,U01985,active_engager,2026-02-17 20:32:31,2026-02-17 20:57:31,25,fatigue,False
S0001918,U02737,passive_scroller,2026-04-24 22:39:45,2026-04-24 22:46:45,7,boredom,False
S0001919,U00532,active_engager,2025-02-14 23:13:12,2025-02-14 23:56:12,43,goal_completed,False
S0001920,U01402,binge_user,2025-01-30 13:11:10,2025-01-30 14:51:10,100,goal_completed,False
S0001921,U04193,trend_hopper,2025-12-21 23:42:44,2025-12-21 23:54:44,12,interruption,True
S0001922,U04335,trend_hopper,2025-12-14 01:32:53,2025-12-14 01:56:53,24,boredom,True
S0001923,U02003,binge_user,2025-07-20 22:21:32,2025-07-20 23:13:32,52,interruption,True
S0001924,U04550,passive_scroller,2025-05-14 18:36:43,2025-05-14 18:45:43,9,fatigue,False
S0001925,U03944,binge_user,2025-05-07 21:29:14,2025-05-07 22:31:14,62,goal_completed,False
S0001926,U01356,passive_scroller,2025-12-21 08:33:36,2025-12-21 08:42:36,9,interruption,True
S0001927,U01083,binge_user,2026-03-21 23:55:09,2026-03-22 02:08:09,133,fatigue,True
S0001928,U02601,trend_hopper,2026-03-21 23:23:00,2026-03-21 23:49:00,26,goal_completed,True
S0001929,U03077,active_engager,2025-01-27 21:43:31,2025-01-27 22:21:31,38,interruption,False
S0001930,U03492,active_engager,2025-08-06 20:25:00,2025-08-06 20:49:00,24,interruption,False
S0001931,U04371,binge_user,2025-12-22 21:28:16,2025-12-22 22:09:16,41,interruption,False
S0001932,U03448,passive_scroller,2026-04-03 00:11:04,2026-04-03 00:18:04,7,goal_completed,False
S0001933,U03516,binge_user,2025-01-30 20:10:33,2025-01-30 21:43:33,93,fatigue,False
S0001934,U02466,passive_scroller,2026-03-21 21:53:16,2026-03-21 22:00:16,7,goal_completed,True
S0001935,U02336,trend_hopper,2025-11-28 20:55:08,2025-11-28 21:17:08,22,boredom,False
S0001936,U00292,binge_user,2025-07-10 23:41:45,2025-07-11 00:53:45,72,fatigue,False
S0001937,U04702,binge_user,2025-11-10 21:38:10,2025-11-10 22:44:10,66,interruption,False
S0001938,U00596,active_engager,2025-04-14 19:35:28,2025-04-14 20:00:28,25,interruption,False
S0001939,U00800,trend_hopper,2025-04-24 22:26:15,2025-04-24 22:31:15,5,interruption,False
S0001940,U00022,trend_hopper,2025-12-02 22:37:04,2025-12-02 22:46:04,9,goal_completed,False
S0001941,U00379,active_engager,2025-08-26 20:03:56,2025-08-26 20:33:56,30,goal_completed,False
S0001942,U01345,binge_user,2025-02-09 21:59:55,2025-02-09 23:21:55,82,fatigue,True
S0001943,U03612,passive_scroller,2026-04-03 22:43:50,2026-04-03 22:56:50,13,interruption,False
S0001944,U04031,binge_user,2025-04-09 20:43:52,2025-04-09 21:56:52,73,goal_completed,False
S0001945,U03242,active_engager,2026-03-16 19:56:11,2026-03-16 20:26:11,30,fatigue,False
S0001946,U04101,trend_hopper,2025-08-26 19:29:51,2025-08-26 19:52:51,23,fatigue,False
S0001947,U01217,trend_hopper,2026-05-01 19:52:11,2026-05-01 20:17:11,25,interruption,False
S0001948,U03044,passive_scroller,2026-04-30 22:45:38,2026-04-30 22:55:38,10,goal_completed,False
S0001949,U01650,binge_user,2025-09-08 00:27:28,2025-09-08 01:03:28,36,boredom,False
S0001950,U04195,active_engager,2025-01-11 22:17:39,2025-01-11 23:11:39,54,goal_completed,True
S0001951,U00811,binge_user,2026-02-17 21:31:29,2026-02-17 22:47:29,76,fatigue,False
S0001952,U02572,trend_hopper,2026-02-24 18:03:46,2026-02-24 18:18:46,15,boredom,False
S0001953,U03012,passive_scroller,2025-03-22 22:02:04,2025-03-22 22:15:04,13,interruption,True
S0001954,U00360,binge_user,2025-11-09 22:27:07,2025-11-09 23:41:07,74,boredom,True
S0001955,U00223,passive_scroller,2025-07-07 22:20:19,2025-07-07 22:34:19,14,boredom,False
S0001956,U04349,binge_user,2026-03-19 23:14:56,2026-03-20 00:31:56,77,boredom,False
S0001957,U00497,binge_user,2025-08-10 09:20:05,2025-08-10 09:56:05,36,goal_completed,True
S0001958,U04700,trend_hopper,2025-10-12 09:56:45,2025-10-12 10:21:45,25,goal_completed,True
S0001959,U02505,trend_hopper,2025-04-20 22:52:26,2025-04-20 23:04:26,12,boredom,True
S0001960,U02062,active_engager,2025-08-09 00:57:29,2025-08-09 01:15:29,18,interruption,True
S0001961,U04862,active_engager,2026-04-18 00:31:18,2026-04-18 01:16:18,45,goal_completed,True
S0001962,U03454,passive_scroller,2025-01-02 09:32:15,2025-01-02 09:35:15,3,goal_completed,False
S0001963,U01098,active_engager,2026-04-21 20:25:59,2026-04-21 20:45:59,20,goal_completed,False
S0001964,U02747,binge_user,2025-06-12 01:13:47,2025-06-12 02:03:47,50,fatigue,False
S0001965,U02322,passive_scroller,2025-10-22 19:27:25,2025-10-22 19:40:25,13,interruption,False
S0001966,U02274,active_engager,2025-05-27 20:29:46,2025-05-27 21:03:46,34,boredom,False
S0001967,U00928,trend_hopper,2025-10-30 18:20:25,2025-10-30 18:45:25,25,interruption,False
S0001968,U03792,active_engager,2025-07-01 22:06:49,2025-07-01 22:34:49,28,boredom,False
S0001969,U03428,active_engager,2025-01-19 20:05:49,2025-01-19 20:27:49,22,interruption,True
S0001970,U04319,trend_hopper,2025-04-30 23:58:48,2025-05-01 00:03:48,5,goal_completed,False
S0001971,U01914,trend_hopper,2026-01-30 21:37:29,2026-01-30 21:43:29,6,interruption,False
S0001972,U01149,binge_user,2025-08-12 21:20:25,2025-08-12 22:47:25,87,goal_completed,False
S0001973,U01342,trend_hopper,2026-01-30 00:09:53,2026-01-30 00:19:53,10,goal_completed,False
S0001974,U01585,trend_hopper,2025-05-26 18:44:17,2025-05-26 19:06:17,22,boredom,False
S0001975,U04562,active_engager,2025-08-11 21:06:21,2025-08-11 21:51:21,45,boredom,False
S0001976,U01628,passive_scroller,2025-02-27 18:28:26,2025-02-27 18:39:26,11,interruption,False
S0001977,U04798,trend_hopper,2025-06-21 22:06:41,2025-06-21 22:32:41,26,fatigue,True
S0001978,U04170,trend_hopper,2025-12-18 22:26:45,2025-12-18 22:36:45,10,goal_completed,False
S0001979,U03341,passive_scroller,2025-08-25 12:04:49,2025-08-25 12:19:49,15,goal_completed,False
S0001980,U04174,passive_scroller,2025-02-01 23:13:51,2025-02-01 23:16:51,3,interruption,True
S0001981,U00450,binge_user,2025-08-29 12:00:40,2025-08-29 12:32:40,32,boredom,False
S0001982,U02176,active_engager,2025-10-19 23:23:22,2025-10-19 23:54:22,31,interruption,True
S0001983,U00168,passive_scroller,2025-01-21 22:31:50,2025-01-21 22:34:50,3,goal_completed,False
S0001984,U00069,active_engager,2025-03-27 19:16:32,2025-03-27 19:51:32,35,boredom,False
S0001985,U00788,trend_hopper,2026-02-15 09:36:45,2026-02-15 10:01:45,25,fatigue,True
S0001986,U04771,binge_user,2025-04-07 13:04:33,2025-04-07 13:36:33,32,boredom,False
S0001987,U04848,trend_hopper,2026-01-14 21:45:26,2026-01-14 22:08:26,23,goal_completed,False
S0001988,U03551,passive_scroller,2026-01-17 22:20:42,2026-01-17 22:29:42,9,interruption,True
S0001989,U02936,trend_hopper,2025-02-23 09:32:04,2025-02-23 09:56:04,24,boredom,True
S0001990,U01989,active_engager,2025-12-10 22:28:09,2025-12-10 22:38:09,10,goal_completed,False
S0001991,U01000,active_engager,2025-10-01 01:14:21,2025-10-01 01:52:21,38,goal_completed,False
S0001992,U01155,trend_hopper,2025-06-07 08:40:38,2025-06-07 09:10:38,30,interruption,True
S0001993,U04688,trend_hopper,2026-01-08 21:05:09,2026-01-08 21:16:09,11,fatigue,False
S0001994,U04289,passive_scroller,2025-08-25 13:24:38,2025-08-25 13:27:38,3,fatigue,False
S0001995,U01381,binge_user,2026-02-04 09:38:30,2026-02-04 11:07:30,89,fatigue,False
S0001996,U04234,active_engager,2025-07-10 12:28:08,2025-07-10 12:51:08,23,goal_completed,False
S0001997,U03202,binge_user,2025-04-25 21:24:38,2025-04-25 22:26:38,62,fatigue,False
S0001998,U01078,active_engager,2026-01-05 20:04:26,2026-01-05 20:21:26,17,goal_completed,False
S0001999,U01765,binge_user,2026-01-11 21:42:44,2026-01-11 23:12:44,90,interruption,True
S0002000,U01035,passive_scroller,2025-02-05 12:00:11,2025-02-05 12:11:11,11,fatigue,False
S0002001,U04569,trend_hopper,2025-07-04 22:48:53,2025-07-04 23:12:53,24,boredom,False
S0002002,U03536,passive_scroller,2025-04-16 19:25:16,2025-04-16 19:29:16,4,goal_completed,False
S0002003,U01182,passive_scroller,2026-01-16 22:59:11,2026-01-16 23:13:11,14,interruption,False
S0002004,U02632,trend_hopper,2026-04-06 12:38:35,2026-04-06 13:00:35,22,goal_completed,False
S0002005,U04294,binge_user,2025-06-24 23:30:43,2025-06-25 01:05:43,95,fatigue,False
S0002006,U02407,passive_scroller,2026-04-29 21:29:15,2026-04-29 21:33:15,4,fatigue,False
S0002007,U04938,passive_scroller,2026-04-03 23:53:42,2026-04-04 00:03:42,10,fatigue,False
S0002008,U03930,passive_scroller,2025-01-01 22:46:49,2025-01-01 22:56:49,10,boredom,False
S0002009,U03236,trend_hopper,2025-09-08 21:29:38,2025-09-08 21:38:38,9,interruption,False
S0002010,U04598,passive_scroller,2025-07-29 21:19:48,2025-07-29 21:24:48,5,interruption,False
S0002011,U02368,passive_scroller,2026-02-04 01:27:01,2026-02-04 01:36:01,9,interruption,False
S0002012,U01253,active_engager,2025-12-29 21:53:13,2025-12-29 22:25:13,32,interruption,False
S0002013,U02457,passive_scroller,2025-01-08 21:35:44,2025-01-08 21:37:44,2,fatigue,False
S0002014,U02982,passive_scroller,2025-03-25 22:51:31,2025-03-25 23:03:31,12,goal_completed,False
S0002015,U04094,active_engager,2025-04-14 22:48:27,2025-04-14 23:32:27,44,interruption,False
S0002016,U00554,passive_scroller,2025-10-14 23:33:50,2025-10-14 23:41:50,8,boredom,False
S0002017,U02041,passive_scroller,2026-01-16 08:00:59,2026-01-16 08:14:59,14,interruption,False
S0002018,U03448,passive_scroller,2025-12-30 19:23:42,2025-12-30 19:33:42,10,goal_completed,False
S0002019,U01133,binge_user,2025-03-01 22:59:29,2025-03-02 01:17:29,138,fatigue,True
S0002020,U01111,passive_scroller,2025-04-12 00:22:08,2025-04-12 00:37:08,15,goal_completed,True
S0002021,U03138,binge_user,2025-07-14 13:46:40,2025-07-14 15:09:40,83,fatigue,False
S0002022,U00203,trend_hopper,2025-12-04 13:08:38,2025-12-04 13:29:38,21,interruption,False
S0002023,U01170,trend_hopper,2025-09-27 01:20:42,2025-09-27 01:34:42,14,fatigue,True
S0002024,U03032,trend_hopper,2025-09-25 13:49:21,2025-09-25 13:59:21,10,interruption,False
S0002025,U00774,binge_user,2025-03-22 21:42:59,2025-03-22 22:20:59,38,boredom,True
S0002026,U00814,passive_scroller,2026-02-26 12:33:56,2026-02-26 12:43:56,10,fatigue,False
S0002027,U00643,binge_user,2025-06-17 12:15:17,2025-06-17 13:24:17,69,goal_completed,False
S0002028,U04407,passive_scroller,2026-04-15 18:33:01,2026-04-15 18:48:01,15,boredom,False
S0002029,U00281,binge_user,2025-10-05 19:10:02,2025-10-05 20:35:02,85,goal_completed,True
S0002030,U01886,binge_user,2025-01-29 21:14:16,2025-01-29 22:05:16,51,goal_completed,False
S0002031,U03837,trend_hopper,2025-12-14 23:19:36,2025-12-14 23:32:36,13,boredom,True
S0002032,U00881,trend_hopper,2025-04-10 19:54:45,2025-04-10 20:09:45,15,fatigue,False
S0002033,U02036,passive_scroller,2025-06-08 20:32:21,2025-06-08 20:47:21,15,boredom,True
S0002034,U00721,binge_user,2025-02-11 12:11:10,2025-02-11 14:01:10,110,goal_completed,False
S0002035,U00937,passive_scroller,2025-12-11 19:53:23,2025-12-11 19:55:23,2,fatigue,False
S0002036,U02962,passive_scroller,2025-10-06 00:51:37,2025-10-06 00:58:37,7,goal_completed,False
S0002037,U01875,binge_user,2025-04-22 23:00:38,2025-04-23 00:25:38,85,fatigue,False
S0002038,U00627,active_engager,2025-06-22 00:47:49,2025-06-22 01:02:49,15,fatigue,True
S0002039,U01898,trend_hopper,2025-01-18 00:18:09,2025-01-18 00:42:09,24,boredom,True
S0002040,U02266,active_engager,2025-09-22 23:15:22,2025-09-22 23:39:22,24,interruption,False
S0002041,U01702,trend_hopper,2025-03-26 00:37:51,2025-03-26 00:50:51,13,boredom,False
S0002042,U00012,binge_user,2025-01-19 00:59:47,2025-01-19 01:38:47,39,interruption,True
S0002043,U02443,passive_scroller,2025-02-22 20:12:21,2025-02-22 20:26:21,14,boredom,True
S0002044,U01134,active_engager,2026-02-26 01:10:47,2026-02-26 01:33:47,23,fatigue,False
S0002045,U00323,binge_user,2025-09-17 21:05:03,2025-09-17 21:38:03,33,interruption,False
S0002046,U01620,binge_user,2026-01-13 00:29:00,2026-01-13 01:24:00,55,interruption,False
S0002047,U03222,binge_user,2026-01-27 19:06:08,2026-01-27 20:55:08,109,boredom,False
S0002048,U03802,binge_user,2025-02-04 22:55:24,2025-02-05 00:32:24,97,boredom,False
S0002049,U03726,active_engager,2025-10-04 20:05:48,2025-10-04 20:38:48,33,fatigue,True
S0002050,U01584,binge_user,2025-08-25 00:08:23,2025-08-25 00:44:23,36,interruption,False
S0002051,U01210,active_engager,2025-10-01 21:13:30,2025-10-01 21:29:30,16,goal_completed,False
S0002052,U02493,passive_scroller,2025-07-14 13:42:17,2025-07-14 13:55:17,13,boredom,False
S0002053,U04509,passive_scroller,2026-01-15 08:49:49,2026-01-15 08:53:49,4,fatigue,False
S0002054,U03362,trend_hopper,2025-10-05 22:44:06,2025-10-05 23:11:06,27,goal_completed,True
S0002055,U00039,trend_hopper,2026-04-05 12:44:23,2026-04-05 12:59:23,15,goal_completed,True
S0002056,U01665,active_engager,2025-10-08 21:58:08,2025-10-08 22:19:08,21,fatigue,False
S0002057,U04561,passive_scroller,2025-02-17 22:56:06,2025-02-17 23:11:06,15,boredom,False
S0002058,U04525,trend_hopper,2025-11-24 18:45:17,2025-11-24 19:05:17,20,interruption,False
S0002059,U02800,active_engager,2025-02-26 09:47:04,2025-02-26 10:06:04,19,fatigue,False
S0002060,U04432,trend_hopper,2025-02-14 12:20:13,2025-02-14 12:29:13,9,boredom,False
S0002061,U02323,active_engager,2025-12-01 23:08:10,2025-12-01 23:27:10,19,fatigue,False
S0002062,U03863,passive_scroller,2025-05-28 22:51:48,2025-05-28 22:55:48,4,boredom,False
S0002063,U02070,passive_scroller,2025-02-09 20:25:00,2025-02-09 20:35:00,10,interruption,True
S0002064,U04705,trend_hopper,2025-08-18 21:44:37,2025-08-18 22:07:37,23,goal_completed,False
S0002065,U03580,active_engager,2025-08-06 21:22:33,2025-08-06 21:51:33,29,goal_completed,False
S0002066,U03826,passive_scroller,2026-02-19 01:51:43,2026-02-19 01:55:43,4,fatigue,False
S0002067,U04069,binge_user,2025-09-13 18:36:11,2025-09-13 20:52:11,136,fatigue,True
S0002068,U00993,passive_scroller,2025-10-28 23:07:54,2025-10-28 23:15:54,8,interruption,False
S0002069,U04418,binge_user,2025-08-28 00:17:41,2025-08-28 01:41:41,84,interruption,False
S0002070,U03943,trend_hopper,2025-10-23 00:27:10,2025-10-23 00:35:10,8,interruption,False
S0002071,U04178,active_engager,2025-12-11 22:51:06,2025-12-11 23:07:06,16,goal_completed,False
S0002072,U04907,trend_hopper,2025-07-31 12:24:15,2025-07-31 12:33:15,9,fatigue,False
S0002073,U01675,active_engager,2025-03-24 20:58:08,2025-03-24 21:30:08,32,fatigue,False
S0002074,U01883,active_engager,2025-01-07 09:24:31,2025-01-07 09:48:31,24,fatigue,False
S0002075,U03703,active_engager,2025-05-24 20:29:29,2025-05-24 20:53:29,24,fatigue,True
S0002076,U02921,active_engager,2025-12-12 00:35:28,2025-12-12 01:02:28,27,interruption,False
S0002077,U00040,trend_hopper,2025-05-01 23:27:34,2025-05-01 23:44:34,17,boredom,False
S0002078,U01628,passive_scroller,2025-06-08 21:46:09,2025-06-08 21:49:09,3,boredom,True
S0002079,U00683,binge_user,2026-02-03 21:29:10,2026-02-03 23:00:10,91,fatigue,False
S0002080,U02518,passive_scroller,2025-01-29 23:48:06,2025-01-29 23:58:06,10,boredom,False
S0002081,U04111,passive_scroller,2025-01-25 18:47:59,2025-01-25 18:53:59,6,fatigue,True
S0002082,U01111,passive_scroller,2025-07-29 18:58:52,2025-07-29 19:06:52,8,fatigue,False
S0002083,U03958,passive_scroller,2025-11-27 22:41:11,2025-11-27 22:56:11,15,fatigue,False
S0002084,U00904,trend_hopper,2025-08-19 00:14:39,2025-08-19 00:31:39,17,interruption,False
S0002085,U04291,binge_user,2025-05-11 23:11:17,2025-05-12 01:33:17,142,interruption,True
S0002086,U01437,active_engager,2026-03-19 22:11:02,2026-03-19 22:30:02,19,boredom,False
S0002087,U02959,binge_user,2026-01-16 20:08:20,2026-01-16 21:22:20,74,interruption,False
S0002088,U00628,binge_user,2026-04-30 20:13:09,2026-04-30 22:03:09,110,fatigue,False
S0002089,U01791,trend_hopper,2026-04-17 20:36:57,2026-04-17 20:51:57,15,fatigue,False
S0002090,U02327,trend_hopper,2025-11-29 20:01:32,2025-11-29 20:09:32,8,boredom,True
S0002091,U01161,binge_user,2025-11-05 00:33:04,2025-11-05 01:09:04,36,fatigue,False
S0002092,U02872,binge_user,2025-05-12 18:00:35,2025-05-12 19:10:35,70,goal_completed,False
S0002093,U00645,binge_user,2025-01-01 13:49:57,2025-01-01 15:22:57,93,boredom,False
S0002094,U04899,trend_hopper,2025-01-04 09:23:47,2025-01-04 09:53:47,30,fatigue,True
S0002095,U04165,passive_scroller,2025-07-16 20:46:08,2025-07-16 20:49:08,3,fatigue,False
S0002096,U03650,trend_hopper,2026-01-30 21:45:19,2026-01-30 21:57:19,12,fatigue,False
S0002097,U03118,passive_scroller,2025-02-10 01:05:10,2025-02-10 01:20:10,15,boredom,False
S0002098,U02893,binge_user,2025-10-17 18:06:14,2025-10-17 18:53:14,47,fatigue,False
S0002099,U02105,active_engager,2025-09-17 00:04:24,2025-09-17 00:15:24,11,boredom,False
S0002100,U04205,binge_user,2025-04-21 22:13:04,2025-04-21 23:55:04,102,goal_completed,False
S0002101,U02514,passive_scroller,2025-07-30 13:18:24,2025-07-30 13:21:24,3,interruption,False
S0002102,U00493,active_engager,2025-07-05 21:45:05,2025-07-05 22:06:05,21,goal_completed,True
S0002103,U04032,binge_user,2026-02-03 19:40:43,2026-02-03 20:55:43,75,fatigue,False
S0002104,U01664,binge_user,2025-09-24 22:41:34,2025-09-24 23:47:34,66,interruption,False
S0002105,U04922,binge_user,2025-12-07 22:55:24,2025-12-08 00:03:24,68,interruption,True
S0002106,U04093,binge_user,2026-04-29 13:22:49,2026-04-29 14:13:49,51,goal_completed,False
S0002107,U01670,passive_scroller,2025-01-12 18:05:24,2025-01-12 18:23:24,18,interruption,True
S0002108,U03012,passive_scroller,2026-04-11 19:41:04,2026-04-11 19:56:04,15,goal_completed,True
S0002109,U02508,active_engager,2026-02-20 18:09:20,2026-02-20 18:35:20,26,interruption,False
S0002110,U04266,active_engager,2025-10-09 12:17:48,2025-10-09 12:47:48,30,boredom,False
S0002111,U02428,binge_user,2025-07-13 19:58:30,2025-07-13 20:52:30,54,fatigue,True
S0002112,U03038,trend_hopper,2025-01-22 20:43:44,2025-01-22 20:53:44,10,boredom,False
S0002113,U02518,passive_scroller,2026-02-25 13:24:05,2026-02-25 13:39:05,15,boredom,False
S0002114,U03629,trend_hopper,2025-03-28 00:26:23,2025-03-28 00:35:23,9,fatigue,False
S0002115,U00610,passive_scroller,2025-11-12 22:47:16,2025-11-12 23:02:16,15,boredom,False
S0002116,U00722,binge_user,2025-04-15 23:49:42,2025-04-16 01:12:42,83,boredom,False
S0002117,U02143,passive_scroller,2025-10-20 21:00:42,2025-10-20 21:11:42,11,goal_completed,False
S0002118,U04417,binge_user,2025-10-18 23:19:10,2025-10-19 01:11:10,112,goal_completed,True
S0002119,U04791,binge_user,2025-02-26 12:12:13,2025-02-26 13:29:13,77,interruption,False
S0002120,U01428,passive_scroller,2025-12-22 22:47:21,2025-12-22 22:57:21,10,goal_completed,False
S0002121,U00421,trend_hopper,2025-05-21 22:39:30,2025-05-21 22:59:30,20,goal_completed,False
S0002122,U04093,binge_user,2025-12-30 23:28:00,2025-12-31 00:32:00,64,boredom,False
S0002123,U04833,trend_hopper,2026-04-12 21:16:41,2026-04-12 21:34:41,18,interruption,True
S0002124,U03952,binge_user,2025-01-09 21:35:45,2025-01-09 22:30:45,55,interruption,False
S0002125,U04559,passive_scroller,2025-01-24 00:29:10,2025-01-24 00:34:10,5,boredom,False
S0002126,U00103,binge_user,2026-03-01 22:16:45,2026-03-01 23:23:45,67,interruption,True
S0002127,U00737,binge_user,2025-02-20 18:12:13,2025-02-20 19:08:13,56,fatigue,False
S0002128,U04304,binge_user,2026-04-29 23:30:32,2026-04-30 00:00:32,30,interruption,False
S0002129,U00884,trend_hopper,2025-03-08 19:17:57,2025-03-08 19:27:57,10,goal_completed,True
S0002130,U03378,active_engager,2025-09-27 19:46:30,2025-09-27 20:06:30,20,boredom,True
S0002131,U03830,passive_scroller,2025-12-22 23:03:11,2025-12-22 23:18:11,15,goal_completed,False
S0002132,U02283,passive_scroller,2025-05-29 00:42:41,2025-05-29 00:50:41,8,interruption,False
S0002133,U00248,active_engager,2025-11-06 18:39:44,2025-11-06 19:21:44,42,interruption,False
S0002134,U02204,passive_scroller,2025-11-30 20:23:42,2025-11-30 20:30:42,7,goal_completed,True
S0002135,U03933,passive_scroller,2025-02-17 21:56:27,2025-02-17 22:09:27,13,interruption,False
S0002136,U04260,active_engager,2025-10-30 19:11:13,2025-10-30 19:50:13,39,boredom,False
S0002137,U00612,trend_hopper,2025-01-15 21:46:29,2025-01-15 22:08:29,22,fatigue,False
S0002138,U01312,active_engager,2026-03-26 19:53:42,2026-03-26 20:19:42,26,boredom,False
S0002139,U03952,binge_user,2025-06-07 19:20:39,2025-06-07 21:16:39,116,goal_completed,True
S0002140,U01893,binge_user,2026-04-28 20:30:55,2026-04-28 21:42:55,72,fatigue,False
S0002141,U01946,active_engager,2025-05-26 21:45:13,2025-05-26 22:29:13,44,interruption,False
S0002142,U04144,active_engager,2025-11-27 21:13:25,2025-11-27 21:39:25,26,interruption,False
S0002143,U02785,trend_hopper,2025-06-03 21:51:18,2025-06-03 22:13:18,22,boredom,False
S0002144,U04513,trend_hopper,2026-01-18 20:33:12,2026-01-18 20:47:12,14,fatigue,True
S0002145,U01681,trend_hopper,2025-07-28 01:09:32,2025-07-28 01:25:32,16,fatigue,False
S0002146,U03123,binge_user,2026-04-26 19:56:01,2026-04-26 21:58:01,122,interruption,True
S0002147,U03901,active_engager,2025-07-08 18:07:12,2025-07-08 18:44:12,37,goal_completed,False
S0002148,U03619,passive_scroller,2025-01-20 23:33:18,2025-01-20 23:48:18,15,interruption,False
S0002149,U02416,trend_hopper,2025-01-26 18:42:51,2025-01-26 18:52:51,10,interruption,True
S0002150,U02308,trend_hopper,2025-11-05 19:55:03,2025-11-05 20:12:03,17,fatigue,False
S0002151,U03185,trend_hopper,2025-03-24 08:55:50,2025-03-24 09:18:50,23,fatigue,False
S0002152,U02214,trend_hopper,2025-03-21 20:28:05,2025-03-21 20:40:05,12,fatigue,False
S0002153,U00188,trend_hopper,2026-03-11 19:18:45,2026-03-11 19:39:45,21,boredom,False
S0002154,U00663,active_engager,2026-02-16 20:03:33,2026-02-16 20:17:33,14,interruption,False
S0002155,U02210,binge_user,2025-12-04 13:05:28,2025-12-04 14:14:28,69,goal_completed,False
S0002156,U00371,passive_scroller,2025-09-29 19:00:08,2025-09-29 19:09:08,9,goal_completed,False
S0002157,U02299,passive_scroller,2025-10-16 18:08:28,2025-10-16 18:23:28,15,fatigue,False
S0002158,U02516,active_engager,2026-01-30 23:11:39,2026-01-30 23:51:39,40,interruption,False
S0002159,U00428,trend_hopper,2025-12-09 21:37:27,2025-12-09 21:45:27,8,fatigue,False
S0002160,U03369,passive_scroller,2025-01-19 23:52:52,2025-01-20 00:00:52,8,fatigue,True
S0002161,U03797,binge_user,2025-05-19 23:56:29,2025-05-20 00:55:29,59,fatigue,False
S0002162,U04659,trend_hopper,2025-12-18 12:06:43,2025-12-18 12:20:43,14,fatigue,False
S0002163,U04734,passive_scroller,2025-09-22 00:54:43,2025-09-22 00:57:43,3,fatigue,False
S0002164,U02118,passive_scroller,2025-11-19 12:59:53,2025-11-19 13:02:53,3,interruption,False
S0002165,U01831,trend_hopper,2026-04-25 13:03:58,2026-04-25 13:31:58,28,interruption,True
S0002166,U02632,trend_hopper,2025-09-30 18:32:21,2025-09-30 18:43:21,11,interruption,False
S0002167,U03377,trend_hopper,2025-01-17 01:23:09,2025-01-17 01:41:09,18,goal_completed,False
S0002168,U00203,trend_hopper,2025-05-01 21:00:53,2025-05-01 21:07:53,7,boredom,False
S0002169,U04792,trend_hopper,2025-04-12 18:56:12,2025-04-12 19:17:12,21,goal_completed,True
S0002170,U04268,binge_user,2025-07-30 22:12:40,2025-07-30 23:54:40,102,interruption,False
S0002171,U01911,active_engager,2025-01-15 19:32:35,2025-01-15 19:52:35,20,goal_completed,False
S0002172,U03194,passive_scroller,2025-12-07 22:17:57,2025-12-07 22:31:57,14,interruption,True
S0002173,U01010,trend_hopper,2026-01-09 00:17:39,2026-01-09 00:31:39,14,interruption,False
S0002174,U01142,binge_user,2025-10-19 19:59:23,2025-10-19 21:15:23,76,boredom,True
S0002175,U00504,passive_scroller,2025-03-26 23:56:03,2025-03-27 00:01:03,5,boredom,False
S0002176,U00379,active_engager,2025-12-12 09:41:53,2025-12-12 10:25:53,44,goal_completed,False
S0002177,U04413,passive_scroller,2025-08-25 22:09:57,2025-08-25 22:19:57,10,interruption,False
S0002178,U03679,passive_scroller,2025-03-29 23:01:38,2025-03-29 23:03:38,2,fatigue,True
S0002179,U03210,passive_scroller,2025-04-17 00:29:08,2025-04-17 00:31:08,2,boredom,False
S0002180,U03084,passive_scroller,2026-02-22 23:27:53,2026-02-22 23:31:53,4,goal_completed,True
S0002181,U00461,active_engager,2025-06-07 00:44:40,2025-06-07 01:35:40,51,fatigue,True
S0002182,U01304,passive_scroller,2025-02-08 22:42:38,2025-02-08 22:52:38,10,interruption,True
S0002183,U01656,trend_hopper,2025-05-05 09:13:42,2025-05-05 09:23:42,10,boredom,False
S0002184,U01912,trend_hopper,2026-01-23 13:32:24,2026-01-23 13:38:24,6,interruption,False
S0002185,U00999,binge_user,2025-11-05 01:56:32,2025-11-05 02:44:32,48,fatigue,False
S0002186,U01712,passive_scroller,2025-08-21 20:19:42,2025-08-21 20:30:42,11,interruption,False
S0002187,U02835,passive_scroller,2026-01-04 12:23:19,2026-01-04 12:27:19,4,goal_completed,True
S0002188,U03658,trend_hopper,2025-12-30 23:44:41,2025-12-31 00:00:41,16,interruption,False
S0002189,U04782,passive_scroller,2026-04-07 19:21:38,2026-04-07 19:26:38,5,interruption,False
S0002190,U00992,trend_hopper,2025-06-02 23:31:07,2025-06-02 23:52:07,21,interruption,False
S0002191,U00638,active_engager,2025-04-22 13:43:07,2025-04-22 14:03:07,20,fatigue,False
S0002192,U02641,trend_hopper,2025-11-16 20:29:26,2025-11-16 20:51:26,22,fatigue,True
S0002193,U02771,passive_scroller,2025-09-27 22:50:45,2025-09-27 23:03:45,13,goal_completed,True
S0002194,U00710,active_engager,2025-12-02 23:48:00,2025-12-03 00:21:00,33,boredom,False
S0002195,U02604,binge_user,2025-02-19 18:59:07,2025-02-19 20:53:07,114,interruption,False
S0002196,U02212,binge_user,2025-02-07 22:35:17,2025-02-07 23:06:17,31,fatigue,False
S0002197,U01587,active_engager,2025-06-30 18:56:38,2025-06-30 19:26:38,30,goal_completed,False
S0002198,U02141,active_engager,2026-03-23 18:32:34,2026-03-23 19:14:34,42,boredom,False
S0002199,U04371,binge_user,2026-01-19 22:38:14,2026-01-19 23:55:14,77,goal_completed,False
S0002200,U01886,binge_user,2025-02-13 21:29:48,2025-02-13 22:35:48,66,fatigue,False
S0002201,U02226,active_engager,2025-11-07 19:43:41,2025-11-07 20:14:41,31,interruption,False
S0002202,U03393,binge_user,2025-05-05 01:48:52,2025-05-05 02:53:52,65,goal_completed,False
S0002203,U00061,active_engager,2025-07-04 13:13:30,2025-07-04 13:41:30,28,boredom,False
S0002204,U01365,passive_scroller,2026-01-24 22:17:53,2026-01-24 22:25:53,8,boredom,True
S0002205,U01261,trend_hopper,2025-12-20 19:30:25,2025-12-20 19:56:25,26,interruption,True
S0002206,U03620,active_engager,2025-07-17 13:55:55,2025-07-17 14:30:55,35,goal_completed,False
S0002207,U04971,trend_hopper,2025-06-11 21:16:54,2025-06-11 21:27:54,11,boredom,False
S0002208,U04261,active_engager,2025-07-20 23:02:07,2025-07-20 23:24:07,22,boredom,True
S0002209,U02162,binge_user,2026-02-03 21:25:11,2026-02-03 22:13:11,48,goal_completed,False
S0002210,U01433,active_engager,2026-02-24 20:24:17,2026-02-24 20:48:17,24,goal_completed,False
S0002211,U02363,passive_scroller,2025-09-21 23:37:37,2025-09-21 23:47:37,10,interruption,True
S0002212,U03520,binge_user,2026-04-30 22:39:22,2026-05-01 00:00:22,81,goal_completed,False
S0002213,U03190,passive_scroller,2025-10-15 20:56:20,2025-10-15 21:07:20,11,goal_completed,False
S0002214,U02980,binge_user,2025-10-17 13:44:52,2025-10-17 15:14:52,90,interruption,False
S0002215,U04847,passive_scroller,2025-10-17 19:59:30,2025-10-17 20:02:30,3,boredom,False
S0002216,U03253,passive_scroller,2025-09-22 23:04:43,2025-09-22 23:06:43,2,fatigue,False
S0002217,U00854,active_engager,2026-01-12 22:21:06,2026-01-12 22:36:06,15,interruption,False
S0002218,U04202,active_engager,2025-12-31 23:04:17,2025-12-31 23:40:17,36,interruption,False
S0002219,U04178,active_engager,2025-08-18 19:01:58,2025-08-18 19:29:58,28,interruption,False
S0002220,U01040,binge_user,2025-09-09 22:25:12,2025-09-09 23:24:12,59,goal_completed,False
S0002221,U04948,binge_user,2026-04-21 00:49:11,2026-04-21 01:23:11,34,fatigue,False
S0002222,U04404,trend_hopper,2026-04-18 19:05:31,2026-04-18 19:19:31,14,fatigue,True
S0002223,U04515,passive_scroller,2025-10-01 12:18:35,2025-10-01 12:33:35,15,boredom,False
S0002224,U03654,binge_user,2025-02-06 09:44:40,2025-02-06 11:06:40,82,boredom,False
S0002225,U04000,trend_hopper,2026-04-15 18:14:27,2026-04-15 18:30:27,16,fatigue,False
S0002226,U02843,passive_scroller,2025-12-05 19:55:33,2025-12-05 20:09:33,14,goal_completed,False
S0002227,U00043,passive_scroller,2025-07-02 19:18:23,2025-07-02 19:23:23,5,goal_completed,False
S0002228,U02677,active_engager,2025-06-21 23:38:21,2025-06-22 00:12:21,34,interruption,True
S0002229,U04300,binge_user,2025-06-09 12:43:03,2025-06-09 13:45:03,62,interruption,False
S0002230,U03979,binge_user,2025-01-11 09:59:06,2025-01-11 11:18:06,79,goal_completed,True
S0002231,U01999,binge_user,2025-02-08 19:24:10,2025-02-08 21:36:10,132,goal_completed,True
S0002232,U01521,active_engager,2026-02-18 18:10:43,2026-02-18 18:47:43,37,boredom,False
S0002233,U03043,trend_hopper,2025-01-29 21:18:37,2025-01-29 21:26:37,8,goal_completed,False
S0002234,U02116,passive_scroller,2026-01-18 00:59:25,2026-01-18 01:12:25,13,interruption,True
S0002235,U01242,binge_user,2026-02-03 19:04:09,2026-02-03 19:36:09,32,fatigue,False
S0002236,U00233,binge_user,2025-04-13 19:06:48,2025-04-13 19:49:48,43,fatigue,True
S0002237,U04598,passive_scroller,2025-04-09 20:24:41,2025-04-09 20:29:41,5,fatigue,False
S0002238,U02193,binge_user,2025-11-06 01:26:01,2025-11-06 02:41:01,75,goal_completed,False
S0002239,U04307,active_engager,2025-01-20 20:32:00,2025-01-20 20:56:00,24,fatigue,False
S0002240,U04024,active_engager,2026-04-19 21:28:34,2026-04-19 22:20:34,52,goal_completed,True
S0002241,U04719,binge_user,2025-08-19 12:49:30,2025-08-19 14:28:30,99,goal_completed,False
S0002242,U02006,trend_hopper,2025-02-27 18:50:20,2025-02-27 19:04:20,14,goal_completed,False
S0002243,U01456,binge_user,2026-02-27 23:11:47,2026-02-28 00:50:47,99,fatigue,False
S0002244,U04422,passive_scroller,2025-01-11 19:17:30,2025-01-11 19:26:30,9,boredom,True
S0002245,U03856,active_engager,2026-02-16 22:52:09,2026-02-16 23:10:09,18,boredom,False
S0002246,U04614,trend_hopper,2025-09-16 22:51:18,2025-09-16 23:07:18,16,interruption,False
S0002247,U04822,binge_user,2026-02-02 01:14:54,2026-02-02 02:04:54,50,interruption,False
S0002248,U00443,active_engager,2026-01-25 00:20:23,2026-01-25 00:51:23,31,interruption,True
S0002249,U00934,binge_user,2025-02-14 23:15:56,2025-02-14 23:45:56,30,goal_completed,False
S0002250,U03748,active_engager,2026-02-09 20:57:09,2026-02-09 21:15:09,18,goal_completed,False
S0002251,U02860,active_engager,2025-12-14 13:49:45,2025-12-14 14:07:45,18,fatigue,True
S0002252,U00601,active_engager,2025-07-22 01:33:09,2025-07-22 01:48:09,15,goal_completed,False
S0002253,U02379,active_engager,2026-01-12 09:18:57,2026-01-12 09:42:57,24,boredom,False
S0002254,U03260,passive_scroller,2026-01-27 18:57:47,2026-01-27 19:07:47,10,goal_completed,False
S0002255,U01567,trend_hopper,2026-01-01 22:24:46,2026-01-01 22:32:46,8,goal_completed,False
S0002256,U03618,binge_user,2025-02-20 21:40:04,2025-02-20 23:09:04,89,fatigue,False
S0002257,U01331,trend_hopper,2025-02-18 01:41:25,2025-02-18 02:01:25,20,boredom,False
S0002258,U00471,active_engager,2025-02-08 20:44:00,2025-02-08 21:21:00,37,interruption,True
S0002259,U04561,passive_scroller,2026-01-14 19:55:57,2026-01-14 19:58:57,3,boredom,False
S0002260,U04889,active_engager,2025-01-27 12:48:38,2025-01-27 12:58:38,10,interruption,False
S0002261,U01388,trend_hopper,2025-08-11 18:18:52,2025-08-11 18:26:52,8,fatigue,False
S0002262,U00243,passive_scroller,2025-11-20 01:33:08,2025-11-20 01:38:08,5,boredom,False
S0002263,U03949,trend_hopper,2025-05-18 20:58:40,2025-05-18 21:16:40,18,goal_completed,True
S0002264,U01997,passive_scroller,2025-05-16 23:40:22,2025-05-16 23:43:22,3,boredom,False
S0002265,U02655,passive_scroller,2025-09-17 08:00:42,2025-09-17 08:02:42,2,goal_completed,False
S0002266,U01990,trend_hopper,2026-01-29 21:33:01,2026-01-29 21:48:01,15,boredom,False
S0002267,U03850,active_engager,2025-11-01 09:14:24,2025-11-01 09:29:24,15,fatigue,True
S0002268,U03144,binge_user,2025-11-11 18:05:41,2025-11-11 19:35:41,90,goal_completed,False
S0002269,U02839,trend_hopper,2025-10-27 22:14:36,2025-10-27 22:24:36,10,fatigue,False
S0002270,U00798,active_engager,2025-10-09 00:10:30,2025-10-09 00:26:30,16,goal_completed,False
S0002271,U01937,active_engager,2025-10-05 13:43:05,2025-10-05 14:09:05,26,interruption,True
S0002272,U01055,passive_scroller,2026-03-21 22:02:20,2026-03-21 22:06:20,4,interruption,True
S0002273,U03852,passive_scroller,2025-09-20 22:31:49,2025-09-20 22:39:49,8,goal_completed,True
S0002274,U03740,binge_user,2025-10-16 23:02:35,2025-10-16 23:57:35,55,interruption,False
S0002275,U04505,active_engager,2026-03-04 23:15:53,2026-03-04 23:51:53,36,interruption,False
S0002276,U04515,passive_scroller,2025-03-26 19:18:55,2025-03-26 19:23:55,5,fatigue,False
S0002277,U04503,trend_hopper,2025-04-05 23:16:53,2025-04-05 23:31:53,15,boredom,True
S0002278,U03776,passive_scroller,2025-01-14 22:28:06,2025-01-14 22:41:06,13,boredom,False
S0002279,U02044,trend_hopper,2025-09-09 13:35:27,2025-09-09 13:55:27,20,fatigue,False
S0002280,U04163,active_engager,2026-04-17 18:50:19,2026-04-17 19:00:19,10,fatigue,False
S0002281,U03636,binge_user,2025-03-06 22:54:17,2025-03-07 00:15:17,81,fatigue,False
S0002282,U00836,trend_hopper,2025-09-05 09:43:06,2025-09-05 10:07:06,24,fatigue,False
S0002283,U04095,trend_hopper,2025-03-10 00:17:43,2025-03-10 00:32:43,15,interruption,False
S0002284,U04356,binge_user,2026-03-03 22:45:48,2026-03-03 23:42:48,57,interruption,False
S0002285,U03696,trend_hopper,2025-12-01 13:03:36,2025-12-01 13:16:36,13,boredom,False
S0002286,U01318,passive_scroller,2025-05-31 23:06:05,2025-05-31 23:19:05,13,fatigue,True
S0002287,U04423,passive_scroller,2026-02-12 01:11:12,2026-02-12 01:17:12,6,fatigue,False
S0002288,U00020,binge_user,2025-03-18 21:36:21,2025-03-18 22:51:21,75,fatigue,False
S0002289,U03310,binge_user,2025-12-22 20:29:51,2025-12-22 21:00:51,31,fatigue,False
S0002290,U00593,trend_hopper,2026-01-26 19:36:06,2026-01-26 19:56:06,20,boredom,False
S0002291,U04533,active_engager,2025-08-03 23:16:55,2025-08-03 23:52:55,36,boredom,True
S0002292,U01451,passive_scroller,2025-01-19 23:05:56,2025-01-19 23:09:56,4,interruption,True
S0002293,U00983,passive_scroller,2025-08-25 22:29:58,2025-08-25 22:38:58,9,goal_completed,False
S0002294,U02164,binge_user,2025-07-11 22:59:45,2025-07-12 00:30:45,91,fatigue,False
S0002295,U04728,active_engager,2025-09-21 00:44:09,2025-09-21 01:22:09,38,goal_completed,True
S0002296,U00356,trend_hopper,2025-12-14 21:10:42,2025-12-14 21:22:42,12,boredom,True
S0002297,U01756,binge_user,2025-05-09 00:38:57,2025-05-09 01:20:57,42,boredom,False
S0002298,U02348,active_engager,2025-08-21 21:16:47,2025-08-21 21:39:47,23,fatigue,False
S0002299,U01810,passive_scroller,2025-10-10 23:50:12,2025-10-11 00:03:12,13,interruption,False
S0002300,U01864,active_engager,2025-12-25 13:53:02,2025-12-25 14:18:02,25,interruption,False
S0002301,U01032,binge_user,2026-01-12 19:55:39,2026-01-12 21:47:39,112,fatigue,False
S0002302,U01637,active_engager,2026-04-04 22:32:56,2026-04-04 22:48:56,16,boredom,True
S0002303,U03327,passive_scroller,2025-12-15 18:25:01,2025-12-15 18:32:01,7,interruption,False
S0002304,U00975,active_engager,2025-10-13 21:13:00,2025-10-13 21:43:00,30,fatigue,False
S0002305,U03523,active_engager,2025-10-31 09:50:56,2025-10-31 10:07:56,17,boredom,False
S0002306,U01011,binge_user,2026-02-07 22:35:17,2026-02-08 00:05:17,90,interruption,True
S0002307,U04176,passive_scroller,2025-06-08 21:01:07,2025-06-08 21:07:07,6,boredom,True
S0002308,U02103,passive_scroller,2025-09-05 22:10:16,2025-09-05 22:19:16,9,interruption,False
S0002309,U00823,active_engager,2025-03-07 01:59:19,2025-03-07 02:33:19,34,interruption,False
S0002310,U02023,trend_hopper,2025-02-18 22:13:12,2025-02-18 22:24:12,11,boredom,False
S0002311,U02559,trend_hopper,2026-04-06 09:27:55,2026-04-06 09:44:55,17,goal_completed,False
S0002312,U01080,active_engager,2025-09-09 23:54:38,2025-09-10 00:39:38,45,fatigue,False
S0002313,U00534,binge_user,2025-01-05 21:36:27,2025-01-06 00:00:27,144,goal_completed,True
S0002314,U03170,binge_user,2025-10-10 22:16:14,2025-10-10 23:12:14,56,boredom,False
S0002315,U01088,trend_hopper,2026-02-09 19:47:48,2026-02-09 20:01:48,14,goal_completed,False
S0002316,U01061,passive_scroller,2025-04-14 12:00:34,2025-04-14 12:11:34,11,boredom,False
S0002317,U03720,trend_hopper,2025-11-22 21:14:12,2025-11-22 21:42:12,28,fatigue,True
S0002318,U01924,active_engager,2025-09-16 20:40:43,2025-09-16 21:07:43,27,interruption,False
S0002319,U03892,binge_user,2025-06-21 01:14:11,2025-06-21 02:20:11,66,interruption,True
S0002320,U04081,trend_hopper,2025-03-26 22:11:30,2025-03-26 22:28:30,17,fatigue,False
S0002321,U01577,active_engager,2025-02-12 23:18:52,2025-02-12 23:58:52,40,interruption,False
S0002322,U00237,passive_scroller,2025-07-24 18:22:11,2025-07-24 18:35:11,13,interruption,False
S0002323,U03410,passive_scroller,2026-04-19 20:28:17,2026-04-19 20:44:17,16,fatigue,True
S0002324,U04490,active_engager,2026-01-16 19:14:01,2026-01-16 19:46:01,32,goal_completed,False
S0002325,U03153,active_engager,2025-12-14 20:32:17,2025-12-14 21:26:17,54,goal_completed,True
S0002326,U03268,trend_hopper,2025-01-31 23:57:43,2025-02-01 00:17:43,20,fatigue,False
S0002327,U02756,passive_scroller,2026-01-12 21:03:17,2026-01-12 21:10:17,7,goal_completed,False
S0002328,U00423,trend_hopper,2026-05-01 22:39:35,2026-05-01 22:46:35,7,boredom,False
S0002329,U04410,passive_scroller,2025-11-08 19:46:14,2025-11-08 19:49:14,3,boredom,True
S0002330,U04763,active_engager,2026-02-02 23:36:48,2026-02-03 00:11:48,35,fatigue,False
S0002331,U02672,trend_hopper,2025-04-15 01:27:18,2025-04-15 01:42:18,15,fatigue,False
S0002332,U01485,passive_scroller,2025-08-12 19:25:51,2025-08-12 19:40:51,15,goal_completed,False
S0002333,U03778,active_engager,2025-08-21 20:58:31,2025-08-21 21:09:31,11,interruption,False
S0002334,U00852,binge_user,2025-08-20 19:40:00,2025-08-20 20:24:00,44,interruption,False
S0002335,U02561,trend_hopper,2025-04-27 19:21:58,2025-04-27 19:29:58,8,boredom,True
S0002336,U01110,binge_user,2025-10-25 21:31:56,2025-10-25 23:11:56,100,interruption,True
S0002337,U00024,trend_hopper,2025-03-02 20:43:05,2025-03-02 20:57:05,14,interruption,True
S0002338,U03555,binge_user,2025-09-21 21:17:59,2025-09-21 21:57:59,40,boredom,True
S0002339,U04953,binge_user,2025-02-18 01:30:45,2025-02-18 02:35:45,65,goal_completed,False
S0002340,U01258,trend_hopper,2025-06-05 22:12:06,2025-06-05 22:35:06,23,boredom,False
S0002341,U02812,passive_scroller,2025-08-16 20:01:28,2025-08-16 20:09:28,8,goal_completed,True
S0002342,U02009,active_engager,2026-04-04 00:05:00,2026-04-04 00:23:00,18,fatigue,True
S0002343,U00067,active_engager,2025-12-31 19:25:31,2025-12-31 20:04:31,39,goal_completed,False
S0002344,U03547,active_engager,2026-03-01 22:17:36,2026-03-01 22:41:36,24,fatigue,True
S0002345,U03716,binge_user,2025-03-18 21:32:29,2025-03-18 22:51:29,79,fatigue,False
S0002346,U03740,binge_user,2025-03-16 01:30:50,2025-03-16 03:24:50,114,goal_completed,True
S0002347,U04721,binge_user,2026-04-10 00:17:58,2026-04-10 00:53:58,36,fatigue,False
S0002348,U03148,active_engager,2026-04-28 20:51:28,2026-04-28 21:36:28,45,goal_completed,False
S0002349,U03694,active_engager,2025-10-05 19:23:17,2025-10-05 19:57:17,34,goal_completed,True
S0002350,U03396,active_engager,2025-01-02 23:50:55,2025-01-03 00:11:55,21,boredom,False
S0002351,U00823,active_engager,2025-01-09 23:42:25,2025-01-10 00:18:25,36,interruption,False
S0002352,U00700,passive_scroller,2026-02-25 23:02:50,2026-02-25 23:16:50,14,boredom,False
S0002353,U01960,passive_scroller,2025-03-26 22:15:47,2025-03-26 22:24:47,9,goal_completed,False
S0002354,U03792,active_engager,2025-02-13 19:48:57,2025-02-13 19:59:57,11,fatigue,False
S0002355,U02955,passive_scroller,2025-12-03 23:43:08,2025-12-03 23:47:08,4,goal_completed,False
S0002356,U00660,passive_scroller,2025-05-20 20:39:53,2025-05-20 20:46:53,7,boredom,False
S0002357,U00636,active_engager,2025-07-24 18:59:48,2025-07-24 19:38:48,39,fatigue,False
S0002358,U02089,passive_scroller,2025-09-04 18:44:19,2025-09-04 18:55:19,11,boredom,False
S0002359,U03727,trend_hopper,2026-04-08 23:33:03,2026-04-08 23:54:03,21,boredom,False
S0002360,U02462,active_engager,2025-06-16 21:06:07,2025-06-16 21:28:07,22,boredom,False
S0002361,U03263,active_engager,2025-04-01 20:12:12,2025-04-01 20:50:12,38,fatigue,False
S0002362,U00748,active_engager,2025-08-30 21:16:11,2025-08-30 21:50:11,34,interruption,True
S0002363,U03296,binge_user,2025-06-21 21:22:58,2025-06-21 22:52:58,90,fatigue,True
S0002364,U01021,active_engager,2025-03-21 22:41:09,2025-03-21 23:05:09,24,goal_completed,False
S0002365,U03651,binge_user,2025-05-18 22:53:51,2025-05-19 00:49:51,116,interruption,True
S0002366,U01837,passive_scroller,2025-05-29 19:21:05,2025-05-29 19:24:05,3,fatigue,False
S0002367,U03381,binge_user,2025-08-26 19:33:53,2025-08-26 20:20:53,47,interruption,False
S0002368,U00977,binge_user,2025-04-02 21:53:25,2025-04-02 22:41:25,48,interruption,False
S0002369,U02106,passive_scroller,2025-04-26 19:37:03,2025-04-26 19:40:03,3,interruption,True
S0002370,U00090,active_engager,2025-06-29 01:42:21,2025-06-29 02:36:21,54,fatigue,True
S0002371,U00269,trend_hopper,2026-01-02 18:33:14,2026-01-02 18:47:14,14,fatigue,False
S0002372,U02188,active_engager,2025-06-30 19:08:33,2025-06-30 19:53:33,45,fatigue,False
S0002373,U00118,active_engager,2025-03-18 20:48:10,2025-03-18 21:20:10,32,goal_completed,False
S0002374,U04229,trend_hopper,2026-01-08 23:14:19,2026-01-08 23:26:19,12,goal_completed,False
S0002375,U00147,passive_scroller,2026-04-03 19:27:07,2026-04-03 19:41:07,14,fatigue,False
S0002376,U00351,trend_hopper,2026-02-04 00:39:01,2026-02-04 00:58:01,19,fatigue,False
S0002377,U03821,binge_user,2025-06-03 01:20:04,2025-06-03 02:01:04,41,interruption,False
S0002378,U03961,binge_user,2025-04-13 12:38:51,2025-04-13 14:57:51,139,boredom,True
S0002379,U02109,binge_user,2025-07-31 22:52:56,2025-07-31 23:30:56,38,goal_completed,False
S0002380,U03765,active_engager,2025-01-01 23:18:00,2025-01-01 23:47:00,29,interruption,False
S0002381,U01375,passive_scroller,2025-06-20 22:42:49,2025-06-20 22:51:49,9,goal_completed,False
S0002382,U01116,passive_scroller,2025-06-26 19:13:06,2025-06-26 19:27:06,14,interruption,False
S0002383,U02259,trend_hopper,2025-10-24 20:19:29,2025-10-24 20:42:29,23,goal_completed,False
S0002384,U02830,trend_hopper,2025-10-06 23:31:28,2025-10-06 23:45:28,14,boredom,False
S0002385,U00830,passive_scroller,2025-12-12 19:47:43,2025-12-12 19:49:43,2,goal_completed,False
S0002386,U02690,active_engager,2025-01-29 09:12:41,2025-01-29 09:28:41,16,boredom,False
S0002387,U00889,active_engager,2025-03-13 23:48:08,2025-03-14 00:33:08,45,interruption,False
S0002388,U01481,binge_user,2025-03-01 23:17:51,2025-03-02 01:00:51,103,goal_completed,True
S0002389,U01540,binge_user,2025-04-20 08:07:57,2025-04-20 10:07:57,120,goal_completed,True
S0002390,U01233,trend_hopper,2025-11-15 18:20:49,2025-11-15 18:50:49,30,boredom,True
S0002391,U04542,passive_scroller,2025-03-22 22:47:44,2025-03-22 22:51:44,4,boredom,True
S0002392,U00901,active_engager,2025-07-10 22:35:28,2025-07-10 22:55:28,20,boredom,False
S0002393,U02163,active_engager,2025-07-04 08:45:18,2025-07-04 09:11:18,26,interruption,False
S0002394,U01378,passive_scroller,2025-12-20 21:17:54,2025-12-20 21:25:54,8,boredom,True
S0002395,U02373,active_engager,2025-06-03 23:47:22,2025-06-04 00:13:22,26,boredom,False
S0002396,U01944,active_engager,2025-12-30 23:05:11,2025-12-30 23:25:11,20,interruption,False
S0002397,U02280,trend_hopper,2026-04-09 13:16:48,2026-04-09 13:35:48,19,goal_completed,False
S0002398,U03779,active_engager,2025-07-10 20:08:02,2025-07-10 20:23:02,15,fatigue,False
S0002399,U02137,trend_hopper,2025-09-09 20:52:16,2025-09-09 21:07:16,15,fatigue,False
S0002400,U04565,active_engager,2026-01-28 20:15:57,2026-01-28 20:56:57,41,goal_completed,False
S0002401,U03656,trend_hopper,2026-04-25 23:36:07,2026-04-25 23:51:07,15,boredom,True
S0002402,U00117,binge_user,2025-03-01 13:35:49,2025-03-01 14:17:49,42,goal_completed,True
S0002403,U01244,trend_hopper,2025-01-18 19:52:28,2025-01-18 20:07:28,15,interruption,True
S0002404,U01205,active_engager,2025-07-11 19:16:20,2025-07-11 19:56:20,40,goal_completed,False
S0002405,U04043,active_engager,2025-04-30 00:13:45,2025-04-30 00:25:45,12,fatigue,False
S0002406,U01307,passive_scroller,2026-01-21 23:53:43,2026-01-22 00:05:43,12,boredom,False
S0002407,U01235,active_engager,2026-04-15 23:28:02,2026-04-15 23:54:02,26,goal_completed,False
S0002408,U03000,binge_user,2025-05-18 20:27:54,2025-05-18 22:49:54,142,fatigue,True
S0002409,U01899,passive_scroller,2025-09-15 00:38:47,2025-09-15 00:50:47,12,goal_completed,False
S0002410,U03032,trend_hopper,2025-06-07 12:36:08,2025-06-07 13:06:08,30,goal_completed,True
S0002411,U00262,trend_hopper,2025-01-25 21:35:21,2025-01-25 22:00:21,25,fatigue,True
S0002412,U02309,passive_scroller,2025-06-28 18:23:07,2025-06-28 18:30:07,7,fatigue,True
S0002413,U00647,trend_hopper,2026-02-07 20:50:22,2026-02-07 21:04:22,14,interruption,True
S0002414,U03881,binge_user,2025-07-12 21:09:04,2025-07-12 21:58:04,49,fatigue,True
S0002415,U00557,binge_user,2025-05-24 13:26:21,2025-05-24 15:24:21,118,fatigue,True
S0002416,U02628,trend_hopper,2025-06-22 18:37:56,2025-06-22 18:47:56,10,interruption,True
S0002417,U03349,binge_user,2025-03-06 19:16:10,2025-03-06 19:52:10,36,boredom,False
S0002418,U01359,passive_scroller,2026-02-14 22:47:40,2026-02-14 23:02:40,15,goal_completed,True
S0002419,U01713,active_engager,2025-11-26 01:44:52,2025-11-26 02:10:52,26,interruption,False
S0002420,U04345,passive_scroller,2025-01-30 09:13:04,2025-01-30 09:20:04,7,fatigue,False
S0002421,U01260,trend_hopper,2026-02-06 22:07:02,2026-02-06 22:26:02,19,fatigue,False
S0002422,U01409,binge_user,2025-12-21 21:43:38,2025-12-21 22:56:38,73,boredom,True
S0002423,U00268,passive_scroller,2025-05-14 23:02:47,2025-05-14 23:11:47,9,fatigue,False
S0002424,U03874,passive_scroller,2025-11-23 13:12:49,2025-11-23 13:30:49,18,boredom,True
S0002425,U01367,active_engager,2025-09-22 23:01:29,2025-09-22 23:21:29,20,interruption,False
S0002426,U00630,binge_user,2026-02-13 19:22:53,2026-02-13 20:00:53,38,boredom,False
S0002427,U03911,passive_scroller,2026-04-22 22:43:01,2026-04-22 22:51:01,8,boredom,False
S0002428,U03407,trend_hopper,2025-07-10 12:50:20,2025-07-10 13:03:20,13,interruption,False
S0002429,U02173,passive_scroller,2025-07-10 12:03:11,2025-07-10 12:15:11,12,boredom,False
S0002430,U02990,active_engager,2025-09-03 22:05:47,2025-09-03 22:36:47,31,boredom,False
S0002431,U04239,binge_user,2025-06-08 12:59:43,2025-06-08 14:23:43,84,boredom,True
S0002432,U02095,binge_user,2025-10-02 22:43:53,2025-10-02 23:44:53,61,interruption,False
S0002433,U00880,trend_hopper,2025-09-23 23:17:16,2025-09-23 23:38:16,21,interruption,False
S0002434,U03949,trend_hopper,2025-12-11 19:53:05,2025-12-11 20:01:05,8,goal_completed,False
S0002435,U04218,trend_hopper,2025-08-16 01:18:17,2025-08-16 01:36:17,18,boredom,True
S0002436,U03969,active_engager,2025-09-24 09:40:15,2025-09-24 09:52:15,12,fatigue,False
S0002437,U01387,passive_scroller,2025-04-11 12:46:04,2025-04-11 12:54:04,8,fatigue,False
S0002438,U00812,active_engager,2025-03-10 20:26:41,2025-03-10 21:09:41,43,interruption,False
S0002439,U02633,trend_hopper,2025-02-12 21:25:11,2025-02-12 21:31:11,6,goal_completed,False
S0002440,U01685,trend_hopper,2026-02-06 23:04:12,2026-02-06 23:18:12,14,fatigue,False
S0002441,U04690,binge_user,2025-07-07 01:08:51,2025-07-07 02:00:51,52,fatigue,False
S0002442,U03375,passive_scroller,2025-04-07 19:47:46,2025-04-07 19:51:46,4,fatigue,False
S0002443,U03120,trend_hopper,2025-10-16 20:43:36,2025-10-16 21:03:36,20,interruption,False
S0002444,U01369,passive_scroller,2026-02-10 13:28:32,2026-02-10 13:34:32,6,boredom,False
S0002445,U04352,passive_scroller,2025-05-19 21:09:37,2025-05-19 21:16:37,7,interruption,False
S0002446,U04285,passive_scroller,2025-11-26 00:16:41,2025-11-26 00:19:41,3,boredom,False
S0002447,U00594,passive_scroller,2025-10-07 08:41:30,2025-10-07 08:45:30,4,boredom,False
S0002448,U03261,binge_user,2025-05-27 12:16:29,2025-05-27 13:17:29,61,fatigue,False
S0002449,U00028,passive_scroller,2025-01-06 20:13:36,2025-01-06 20:26:36,13,fatigue,False
S0002450,U03890,binge_user,2025-08-28 21:56:35,2025-08-28 23:08:35,72,boredom,False
S0002451,U02572,trend_hopper,2025-09-18 21:12:47,2025-09-18 21:26:47,14,interruption,False
S0002452,U01668,trend_hopper,2025-12-10 12:46:57,2025-12-10 12:54:57,8,fatigue,False
S0002453,U03941,active_engager,2025-10-23 23:53:17,2025-10-24 00:20:17,27,boredom,False
S0002454,U02096,trend_hopper,2025-12-22 20:41:34,2025-12-22 20:47:34,6,goal_completed,False
S0002455,U04355,active_engager,2026-02-02 00:30:56,2026-02-02 01:04:56,34,boredom,False
S0002456,U01812,active_engager,2025-03-25 01:12:18,2025-03-25 01:29:18,17,fatigue,False
S0002457,U00656,trend_hopper,2025-09-14 21:16:12,2025-09-14 21:22:12,6,interruption,True
S0002458,U04251,binge_user,2025-12-02 23:03:55,2025-12-03 00:35:55,92,interruption,False
S0002459,U00969,passive_scroller,2025-06-07 20:49:17,2025-06-07 20:59:17,10,fatigue,True
S0002460,U04923,binge_user,2025-05-16 19:28:10,2025-05-16 20:49:10,81,fatigue,False
S0002461,U00599,binge_user,2026-01-15 23:18:48,2026-01-16 00:57:48,99,boredom,False
S0002462,U00828,active_engager,2026-02-02 21:39:39,2026-02-02 22:05:39,26,interruption,False
S0002463,U02183,active_engager,2026-02-06 01:04:32,2026-02-06 01:31:32,27,goal_completed,False
S0002464,U00240,binge_user,2025-11-27 22:06:57,2025-11-28 00:06:57,120,fatigue,False
S0002465,U00635,trend_hopper,2025-08-21 23:07:40,2025-08-21 23:20:40,13,interruption,False
S0002466,U03510,trend_hopper,2026-02-14 00:30:36,2026-02-14 00:43:36,13,fatigue,True
S0002467,U02234,passive_scroller,2025-10-03 18:01:19,2025-10-03 18:03:19,2,boredom,False
S0002468,U02368,passive_scroller,2025-07-09 12:58:00,2025-07-09 13:12:00,14,interruption,False
S0002469,U02978,trend_hopper,2026-04-21 00:56:46,2026-04-21 01:08:46,12,goal_completed,False
S0002470,U00338,binge_user,2026-04-02 20:27:36,2026-04-02 22:05:36,98,fatigue,False
S0002471,U02824,active_engager,2025-03-02 21:07:31,2025-03-02 21:53:31,46,interruption,True
S0002472,U04426,active_engager,2025-01-05 18:19:43,2025-01-05 18:50:43,31,boredom,True
S0002473,U03580,active_engager,2025-01-08 22:31:54,2025-01-08 23:00:54,29,goal_completed,False
S0002474,U00232,active_engager,2026-03-07 12:31:23,2026-03-07 13:04:23,33,goal_completed,True
S0002475,U00370,trend_hopper,2026-01-14 21:03:44,2026-01-14 21:20:44,17,interruption,False
S0002476,U03955,active_engager,2025-11-21 18:14:29,2025-11-21 18:39:29,25,goal_completed,False
S0002477,U01830,binge_user,2025-02-25 23:03:26,2025-02-26 00:52:26,109,interruption,False
S0002478,U04020,binge_user,2025-03-02 23:31:52,2025-03-03 00:21:52,50,goal_completed,True
S0002479,U03548,binge_user,2025-02-01 19:04:28,2025-02-01 20:42:28,98,goal_completed,True
S0002480,U01282,trend_hopper,2026-03-19 23:07:06,2026-03-19 23:15:06,8,fatigue,False
S0002481,U00166,active_engager,2025-04-01 18:13:44,2025-04-01 18:58:44,45,fatigue,False
S0002482,U03059,binge_user,2025-09-13 12:51:30,2025-09-13 14:07:30,76,boredom,True
S0002483,U00518,passive_scroller,2025-09-27 18:56:36,2025-09-27 19:02:36,6,fatigue,True
S0002484,U04234,active_engager,2025-01-31 22:32:48,2025-01-31 22:56:48,24,interruption,False
S0002485,U01712,passive_scroller,2026-02-04 21:50:44,2026-02-04 21:52:44,2,fatigue,False
S0002486,U02795,passive_scroller,2025-02-02 09:06:31,2025-02-02 09:08:31,2,goal_completed,True
S0002487,U03760,trend_hopper,2025-05-21 21:53:08,2025-05-21 22:10:08,17,boredom,False
S0002488,U00430,active_engager,2025-07-11 21:37:06,2025-07-11 22:04:06,27,interruption,False
S0002489,U00936,passive_scroller,2025-04-24 19:25:59,2025-04-24 19:36:59,11,interruption,False
S0002490,U01539,passive_scroller,2025-11-29 23:35:48,2025-11-29 23:49:48,14,boredom,True
S0002491,U02344,active_engager,2026-03-16 20:31:41,2026-03-16 20:53:41,22,fatigue,False
S0002492,U03746,trend_hopper,2025-04-11 23:35:18,2025-04-11 23:42:18,7,boredom,False
S0002493,U03629,trend_hopper,2026-03-01 00:30:58,2026-03-01 00:56:58,26,boredom,True
S0002494,U02479,passive_scroller,2025-09-08 23:27:04,2025-09-08 23:37:04,10,interruption,False
S0002495,U04848,trend_hopper,2025-08-02 00:23:47,2025-08-02 00:51:47,28,interruption,True
S0002496,U03519,active_engager,2026-03-30 23:20:07,2026-03-30 23:38:07,18,interruption,False
S0002497,U01643,trend_hopper,2025-09-24 00:46:48,2025-09-24 01:00:48,14,goal_completed,False
S0002498,U02889,active_engager,2025-09-30 18:04:54,2025-09-30 18:29:54,25,boredom,False
S0002499,U01366,binge_user,2025-02-15 19:20:43,2025-02-15 21:21:43,121,boredom,True
S0002500,U01844,binge_user,2026-04-29 18:59:06,2026-04-29 20:58:06,119,interruption,False
S0002501,U03955,active_engager,2026-02-13 08:40:07,2026-02-13 09:16:07,36,fatigue,False
S0002502,U00318,trend_hopper,2026-03-17 19:55:04,2026-03-17 20:02:04,7,interruption,False
S0002503,U01744,binge_user,2025-10-20 18:20:17,2025-10-20 18:54:17,34,boredom,False
S0002504,U03129,passive_scroller,2025-10-01 22:27:11,2025-10-01 22:42:11,15,interruption,False
S0002505,U01769,passive_scroller,2025-11-22 22:07:24,2025-11-22 22:13:24,6,boredom,True
S0002506,U02809,binge_user,2025-08-09 20:29:22,2025-08-09 21:57:22,88,goal_completed,True
S0002507,U01236,passive_scroller,2025-07-10 21:38:08,2025-07-10 21:47:08,9,boredom,False
S0002508,U03753,active_engager,2025-09-03 20:38:03,2025-09-03 21:03:03,25,fatigue,False
S0002509,U02182,active_engager,2025-01-19 09:35:18,2025-01-19 09:59:18,24,goal_completed,True
S0002510,U00643,binge_user,2026-03-26 00:36:37,2026-03-26 02:17:37,101,boredom,False
S0002511,U04145,active_engager,2025-07-14 23:05:04,2025-07-14 23:19:04,14,fatigue,False
S0002512,U00161,trend_hopper,2025-04-09 22:17:26,2025-04-09 22:33:26,16,boredom,False
S0002513,U02730,passive_scroller,2025-09-15 20:40:10,2025-09-15 20:55:10,15,goal_completed,False
S0002514,U03722,active_engager,2025-01-23 23:41:33,2025-01-24 00:07:33,26,goal_completed,False
S0002515,U04811,trend_hopper,2026-01-21 22:18:33,2026-01-21 22:26:33,8,boredom,False
S0002516,U00680,binge_user,2026-01-02 18:32:45,2026-01-02 19:13:45,41,interruption,False
S0002517,U02056,active_engager,2025-02-14 23:28:02,2025-02-15 00:03:02,35,goal_completed,False
S0002518,U01058,trend_hopper,2025-02-21 12:20:26,2025-02-21 12:35:26,15,boredom,False
S0002519,U01350,binge_user,2025-12-28 21:31:06,2025-12-28 23:22:06,111,goal_completed,True
S0002520,U03043,trend_hopper,2026-01-10 20:36:37,2026-01-10 20:51:37,15,boredom,True
S0002521,U03487,passive_scroller,2026-04-06 01:01:15,2026-04-06 01:13:15,12,interruption,False
S0002522,U02035,trend_hopper,2025-04-11 21:39:18,2025-04-11 21:57:18,18,goal_completed,False
S0002523,U04499,trend_hopper,2026-01-24 13:33:55,2026-01-24 13:51:55,18,boredom,True
S0002524,U02835,passive_scroller,2025-07-08 19:16:19,2025-07-08 19:22:19,6,fatigue,False
S0002525,U00407,binge_user,2025-10-16 18:41:10,2025-10-16 19:50:10,69,goal_completed,False
S0002526,U02158,active_engager,2025-10-28 22:32:51,2025-10-28 23:11:51,39,goal_completed,False
S0002527,U02850,binge_user,2026-04-30 19:09:35,2026-04-30 19:55:35,46,boredom,False
S0002528,U03220,trend_hopper,2025-08-04 21:06:23,2025-08-04 21:17:23,11,goal_completed,False
S0002529,U04534,passive_scroller,2026-03-12 23:33:15,2026-03-12 23:38:15,5,goal_completed,False
S0002530,U01657,active_engager,2025-02-20 01:40:34,2025-02-20 01:51:34,11,fatigue,False
S0002531,U01788,active_engager,2025-05-21 20:09:51,2025-05-21 20:30:51,21,interruption,False
S0002532,U01394,passive_scroller,2025-07-06 21:33:37,2025-07-06 21:43:37,10,goal_completed,True
S0002533,U00274,passive_scroller,2025-05-31 13:44:41,2025-05-31 13:52:41,8,fatigue,True
S0002534,U02339,active_engager,2025-03-30 19:36:17,2025-03-30 20:06:17,30,boredom,True
S0002535,U02707,binge_user,2025-11-28 23:12:19,2025-11-29 01:04:19,112,boredom,False
S0002536,U01277,passive_scroller,2025-04-08 19:33:02,2025-04-08 19:48:02,15,boredom,False
S0002537,U01511,active_engager,2025-10-31 21:15:32,2025-10-31 21:50:32,35,fatigue,False
S0002538,U02964,binge_user,2025-10-18 20:16:49,2025-10-18 21:01:49,45,boredom,True
S0002539,U02108,trend_hopper,2025-01-26 12:36:31,2025-01-26 12:54:31,18,fatigue,True
S0002540,U00661,binge_user,2025-06-02 20:54:26,2025-06-02 21:50:26,56,fatigue,False
S0002541,U03999,active_engager,2025-12-03 20:07:06,2025-12-03 20:38:06,31,goal_completed,False
S0002542,U04387,passive_scroller,2025-02-14 09:55:42,2025-02-14 10:06:42,11,interruption,False
S0002543,U04634,passive_scroller,2025-06-13 22:53:40,2025-06-13 23:00:40,7,interruption,False
S0002544,U04831,passive_scroller,2025-05-29 20:53:13,2025-05-29 21:02:13,9,interruption,False
S0002545,U03137,trend_hopper,2025-02-21 13:01:09,2025-02-21 13:15:09,14,interruption,False
S0002546,U02890,trend_hopper,2026-02-08 01:39:17,2026-02-08 01:53:17,14,boredom,True
S0002547,U01638,trend_hopper,2025-10-15 18:36:44,2025-10-15 18:54:44,18,goal_completed,False
S0002548,U03319,binge_user,2026-01-05 18:57:56,2026-01-05 19:51:56,54,interruption,False
S0002549,U02207,trend_hopper,2025-05-21 20:42:12,2025-05-21 20:53:12,11,boredom,False
S0002550,U04032,binge_user,2026-03-23 21:15:57,2026-03-23 22:48:57,93,interruption,False
S0002551,U03693,binge_user,2025-09-19 19:32:48,2025-09-19 20:51:48,79,interruption,False
S0002552,U04081,trend_hopper,2025-03-14 00:31:23,2025-03-14 00:50:23,19,fatigue,False
S0002553,U02400,active_engager,2025-01-15 22:22:39,2025-01-15 22:55:39,33,goal_completed,False
S0002554,U02931,active_engager,2025-03-22 21:40:47,2025-03-22 22:30:47,50,boredom,True
S0002555,U03867,trend_hopper,2025-04-14 22:49:17,2025-04-14 22:54:17,5,fatigue,False
S0002556,U01677,trend_hopper,2026-02-12 01:37:04,2026-02-12 01:47:04,10,boredom,False
S0002557,U00220,passive_scroller,2025-11-01 00:06:07,2025-11-01 00:16:07,10,boredom,True
S0002558,U04231,binge_user,2026-01-17 00:48:04,2026-01-17 02:30:04,102,boredom,True
S0002559,U04807,passive_scroller,2025-08-20 22:41:54,2025-08-20 22:45:54,4,interruption,False
S0002560,U04531,trend_hopper,2026-03-08 23:51:05,2026-03-09 00:11:05,20,fatigue,True
S0002561,U01062,passive_scroller,2025-08-28 12:59:00,2025-08-28 13:14:00,15,fatigue,False
S0002562,U02938,trend_hopper,2025-09-27 21:59:05,2025-09-27 22:19:05,20,fatigue,True
S0002563,U01924,active_engager,2025-05-28 18:26:22,2025-05-28 18:51:22,25,fatigue,False
S0002564,U02117,trend_hopper,2025-01-14 20:34:16,2025-01-14 20:47:16,13,goal_completed,False
S0002565,U04562,active_engager,2025-02-28 23:37:43,2025-03-01 00:06:43,29,fatigue,False
S0002566,U04102,trend_hopper,2025-01-02 22:30:54,2025-01-02 22:55:54,25,interruption,False
S0002567,U04635,trend_hopper,2025-12-31 22:43:07,2025-12-31 22:51:07,8,goal_completed,False
S0002568,U00964,passive_scroller,2025-05-06 21:56:58,2025-05-06 22:11:58,15,fatigue,False
S0002569,U02700,binge_user,2025-11-12 22:17:11,2025-11-12 23:01:11,44,interruption,False
S0002570,U04200,active_engager,2025-09-12 00:52:15,2025-09-12 01:08:15,16,interruption,False
S0002571,U04139,active_engager,2025-02-20 22:51:03,2025-02-20 23:25:03,34,goal_completed,False
S0002572,U00180,binge_user,2026-01-14 20:22:44,2026-01-14 21:25:44,63,goal_completed,False
S0002573,U03219,active_engager,2025-07-01 23:30:25,2025-07-01 23:58:25,28,goal_completed,False
S0002574,U00485,active_engager,2025-01-22 20:16:12,2025-01-22 20:38:12,22,goal_completed,False
S0002575,U03788,binge_user,2026-04-09 22:13:56,2026-04-10 00:06:56,113,fatigue,False
S0002576,U01405,active_engager,2026-02-19 22:19:34,2026-02-19 22:50:34,31,interruption,False
S0002577,U04846,active_engager,2025-12-04 01:46:57,2025-12-04 02:24:57,38,interruption,False
S0002578,U04157,active_engager,2025-01-15 23:34:08,2025-01-16 00:01:08,27,fatigue,False
S0002579,U04039,active_engager,2025-08-08 19:08:41,2025-08-08 19:45:41,37,goal_completed,False
S0002580,U03492,active_engager,2025-12-21 22:04:26,2025-12-21 22:42:26,38,interruption,True
S0002581,U01641,trend_hopper,2026-04-21 00:28:08,2026-04-21 00:50:08,22,interruption,False
S0002582,U03357,trend_hopper,2026-02-15 00:56:12,2026-02-15 01:05:12,9,goal_completed,True
S0002583,U04922,binge_user,2026-02-27 18:44:21,2026-02-27 20:13:21,89,interruption,False
S0002584,U00934,binge_user,2025-10-02 23:54:40,2025-10-03 01:35:40,101,fatigue,False
S0002585,U01465,binge_user,2026-04-25 23:09:39,2026-04-26 00:40:39,91,fatigue,True
S0002586,U04262,binge_user,2026-02-22 23:41:41,2026-02-23 00:31:41,50,boredom,True
S0002587,U04747,trend_hopper,2025-09-03 22:29:48,2025-09-03 22:35:48,6,fatigue,False
S0002588,U02092,passive_scroller,2025-12-13 22:28:17,2025-12-13 22:32:17,4,fatigue,True
S0002589,U03555,binge_user,2025-12-12 23:30:38,2025-12-13 01:27:38,117,goal_completed,False
S0002590,U02322,passive_scroller,2025-04-22 22:39:51,2025-04-22 22:46:51,7,fatigue,False
S0002591,U00870,binge_user,2025-08-23 18:36:09,2025-08-23 20:57:09,141,boredom,True
S0002592,U01878,binge_user,2026-03-03 22:07:49,2026-03-04 00:07:49,120,fatigue,False
S0002593,U02941,trend_hopper,2026-02-24 09:26:39,2026-02-24 09:36:39,10,boredom,False
S0002594,U01837,passive_scroller,2025-04-19 21:13:21,2025-04-19 21:26:21,13,fatigue,True
S0002595,U00201,binge_user,2025-11-12 13:56:49,2025-11-12 15:10:49,74,fatigue,False
S0002596,U04196,active_engager,2025-10-30 21:05:29,2025-10-30 21:40:29,35,goal_completed,False
S0002597,U04856,trend_hopper,2026-03-02 21:12:14,2026-03-02 21:27:14,15,interruption,False
S0002598,U04933,active_engager,2025-11-03 12:36:27,2025-11-03 13:01:27,25,fatigue,False
S0002599,U04620,trend_hopper,2026-01-22 18:19:20,2026-01-22 18:33:20,14,interruption,False
S0002600,U03492,active_engager,2025-03-26 23:44:23,2025-03-27 00:09:23,25,boredom,False
S0002601,U01657,active_engager,2026-02-20 01:13:34,2026-02-20 01:30:34,17,interruption,False
S0002602,U02726,trend_hopper,2025-03-05 21:31:26,2025-03-05 21:39:26,8,interruption,False
S0002603,U04221,binge_user,2025-08-29 12:25:38,2025-08-29 14:11:38,106,goal_completed,False
S0002604,U02511,passive_scroller,2025-04-03 21:50:32,2025-04-03 21:53:32,3,fatigue,False
S0002605,U03512,trend_hopper,2025-12-28 13:51:57,2025-12-28 14:17:57,26,interruption,True
S0002606,U00079,active_engager,2026-02-20 20:55:57,2026-02-20 21:35:57,40,boredom,False
S0002607,U00968,binge_user,2025-01-30 19:50:44,2025-01-30 20:34:44,44,fatigue,False
S0002608,U03869,binge_user,2026-04-30 18:29:32,2026-04-30 19:56:32,87,goal_completed,False
S0002609,U01925,trend_hopper,2025-01-11 19:49:30,2025-01-11 20:14:30,25,boredom,True
S0002610,U00359,active_engager,2025-11-27 21:07:30,2025-11-27 21:45:30,38,fatigue,False
S0002611,U03387,binge_user,2026-03-14 20:09:03,2026-03-14 21:42:03,93,goal_completed,True
S0002612,U04614,trend_hopper,2025-01-27 23:46:08,2025-01-27 23:58:08,12,goal_completed,False
S0002613,U04428,passive_scroller,2025-04-05 22:59:35,2025-04-05 23:14:35,15,interruption,True
S0002614,U03552,binge_user,2026-03-29 00:38:59,2026-03-29 02:21:59,103,boredom,True
S0002615,U04832,active_engager,2026-03-15 01:17:04,2026-03-15 01:30:04,13,goal_completed,True
S0002616,U02890,trend_hopper,2025-07-20 22:46:50,2025-07-20 23:13:50,27,boredom,True
S0002617,U02688,binge_user,2025-12-20 20:41:40,2025-12-20 22:48:40,127,boredom,True
S0002618,U03381,binge_user,2025-01-23 23:53:57,2025-01-24 01:17:57,84,goal_completed,False
S0002619,U04204,binge_user,2025-09-04 22:18:25,2025-09-05 00:11:25,113,boredom,False
S0002620,U00321,trend_hopper,2025-06-17 23:22:40,2025-06-17 23:36:40,14,boredom,False
S0002621,U01333,active_engager,2026-01-13 21:11:21,2026-01-13 21:52:21,41,goal_completed,False
S0002622,U04223,binge_user,2025-08-25 23:38:18,2025-08-26 00:38:18,60,boredom,False
S0002623,U00536,passive_scroller,2025-12-04 01:03:26,2025-12-04 01:13:26,10,goal_completed,False
S0002624,U03656,trend_hopper,2025-07-28 18:04:33,2025-07-28 18:23:33,19,boredom,False
S0002625,U01566,binge_user,2025-06-26 00:07:37,2025-06-26 02:04:37,117,interruption,False
S0002626,U00170,binge_user,2025-05-26 09:48:45,2025-05-26 11:21:45,93,boredom,False
S0002627,U00738,binge_user,2025-06-22 19:45:08,2025-06-22 20:37:08,52,goal_completed,True
S0002628,U04534,passive_scroller,2025-01-24 13:59:22,2025-01-24 14:02:22,3,boredom,False
S0002629,U00799,binge_user,2025-09-13 23:08:40,2025-09-14 00:27:40,79,goal_completed,True
S0002630,U04372,active_engager,2025-02-07 19:08:58,2025-02-07 19:28:58,20,interruption,False
S0002631,U02735,binge_user,2026-01-21 22:40:20,2026-01-21 23:20:20,40,boredom,False
S0002632,U02605,binge_user,2025-02-23 13:09:40,2025-02-23 15:03:40,114,boredom,True
S0002633,U00967,passive_scroller,2025-03-22 21:18:55,2025-03-22 21:30:55,12,boredom,True
S0002634,U01768,trend_hopper,2025-01-26 20:18:41,2025-01-26 20:43:41,25,fatigue,True
S0002635,U04865,binge_user,2025-10-12 22:34:48,2025-10-12 23:24:48,50,fatigue,True
S0002636,U00381,active_engager,2026-04-13 13:15:49,2026-04-13 13:27:49,12,goal_completed,False
S0002637,U02738,binge_user,2025-12-11 21:23:43,2025-12-11 23:04:43,101,goal_completed,False
S0002638,U02762,binge_user,2025-04-17 18:46:50,2025-04-17 20:27:50,101,fatigue,False
S0002639,U02134,active_engager,2025-01-17 23:43:12,2025-01-18 00:26:12,43,goal_completed,False
S0002640,U00067,active_engager,2026-03-05 19:32:41,2026-03-05 19:45:41,13,boredom,False
S0002641,U02973,active_engager,2025-12-06 23:08:20,2025-12-06 23:32:20,24,interruption,True
S0002642,U02508,active_engager,2025-12-12 00:03:26,2025-12-12 00:26:26,23,goal_completed,False
S0002643,U02315,active_engager,2025-09-17 19:25:09,2025-09-17 20:03:09,38,interruption,False
S0002644,U02820,binge_user,2026-04-11 00:25:42,2026-04-11 02:44:42,139,goal_completed,True
S0002645,U01219,active_engager,2025-08-17 09:19:06,2025-08-17 09:53:06,34,fatigue,True
S0002646,U00686,passive_scroller,2025-09-19 18:04:26,2025-09-19 18:11:26,7,boredom,False
S0002647,U01246,active_engager,2025-11-08 09:01:34,2025-11-08 09:49:34,48,goal_completed,True
S0002648,U00171,passive_scroller,2025-11-22 18:08:22,2025-11-22 18:23:22,15,interruption,True
S0002649,U00360,binge_user,2025-02-18 20:28:16,2025-02-18 21:46:16,78,interruption,False
S0002650,U01553,binge_user,2025-08-23 01:46:36,2025-08-23 03:19:36,93,fatigue,True
S0002651,U04309,binge_user,2025-09-13 20:10:32,2025-09-13 21:07:32,57,goal_completed,True
S0002652,U03423,trend_hopper,2025-08-11 09:00:29,2025-08-11 09:25:29,25,goal_completed,False
S0002653,U04065,active_engager,2026-01-01 09:23:59,2026-01-01 09:40:59,17,fatigue,False
S0002654,U00545,binge_user,2025-08-20 20:51:47,2025-08-20 21:42:47,51,boredom,False
S0002655,U03291,trend_hopper,2025-07-30 22:39:51,2025-07-30 22:49:51,10,interruption,False
S0002656,U00675,passive_scroller,2025-08-22 20:06:10,2025-08-22 20:15:10,9,goal_completed,False
S0002657,U03063,trend_hopper,2026-01-07 00:53:39,2026-01-07 01:05:39,12,fatigue,False
S0002658,U03932,passive_scroller,2025-07-17 12:34:09,2025-07-17 12:49:09,15,goal_completed,False
S0002659,U00896,trend_hopper,2026-03-21 20:19:17,2026-03-21 20:25:17,6,boredom,True
S0002660,U03312,passive_scroller,2025-05-07 22:51:49,2025-05-07 23:00:49,9,boredom,False
S0002661,U04633,passive_scroller,2026-03-14 23:25:02,2026-03-14 23:32:02,7,boredom,True
S0002662,U00314,active_engager,2025-07-24 18:38:46,2025-07-24 19:01:46,23,fatigue,False
S0002663,U02353,binge_user,2025-03-24 13:55:28,2025-03-24 14:39:28,44,goal_completed,False
S0002664,U02699,passive_scroller,2025-09-07 20:21:11,2025-09-07 20:28:11,7,interruption,True
S0002665,U02035,trend_hopper,2025-03-20 00:35:45,2025-03-20 00:45:45,10,goal_completed,False
S0002666,U02664,trend_hopper,2025-08-20 20:42:51,2025-08-20 21:07:51,25,boredom,False
S0002667,U02670,active_engager,2025-07-21 01:41:33,2025-07-21 02:12:33,31,interruption,False
S0002668,U03235,active_engager,2026-03-05 23:28:35,2026-03-06 00:04:35,36,goal_completed,False
S0002669,U01270,passive_scroller,2026-04-22 00:40:00,2026-04-22 00:43:00,3,goal_completed,False
S0002670,U02076,trend_hopper,2025-10-19 18:13:46,2025-10-19 18:20:46,7,interruption,True
S0002671,U03576,passive_scroller,2025-02-08 20:27:31,2025-02-08 20:30:31,3,fatigue,True
S0002672,U02182,active_engager,2026-01-24 13:21:30,2026-01-24 14:03:30,42,boredom,True
S0002673,U00378,binge_user,2025-03-08 00:30:34,2025-03-08 01:19:34,49,interruption,True
S0002674,U00967,passive_scroller,2025-09-11 22:53:33,2025-09-11 23:04:33,11,boredom,False
S0002675,U02287,passive_scroller,2025-05-19 23:16:50,2025-05-19 23:27:50,11,interruption,False
S0002676,U00092,active_engager,2025-09-18 22:27:32,2025-09-18 22:41:32,14,fatigue,False
S0002677,U01890,active_engager,2026-03-28 00:40:52,2026-03-28 00:59:52,19,goal_completed,True
S0002678,U02725,binge_user,2025-01-14 20:27:10,2025-01-14 21:26:10,59,fatigue,False
S0002679,U03538,passive_scroller,2025-09-27 01:00:23,2025-09-27 01:03:23,3,fatigue,True
S0002680,U03884,passive_scroller,2025-05-15 18:45:58,2025-05-15 18:58:58,13,goal_completed,False
S0002681,U01467,passive_scroller,2025-08-06 12:46:45,2025-08-06 12:49:45,3,interruption,False
S0002682,U02026,binge_user,2025-03-05 20:41:17,2025-03-05 21:41:17,60,interruption,False
S0002683,U01640,binge_user,2025-12-28 19:10:02,2025-12-28 21:28:02,138,goal_completed,True
S0002684,U02987,binge_user,2025-09-11 22:37:20,2025-09-12 00:10:20,93,goal_completed,False
S0002685,U01162,trend_hopper,2025-05-01 00:58:10,2025-05-01 01:03:10,5,interruption,False
S0002686,U00923,binge_user,2025-08-25 19:32:19,2025-08-25 20:26:19,54,fatigue,False
S0002687,U03009,active_engager,2025-07-06 09:02:14,2025-07-06 09:36:14,34,interruption,True
S0002688,U03487,passive_scroller,2025-09-15 22:41:51,2025-09-15 22:56:51,15,boredom,False
S0002689,U02214,trend_hopper,2026-04-07 00:54:03,2026-04-07 01:11:03,17,goal_completed,False
S0002690,U04825,binge_user,2025-04-13 23:01:34,2025-04-14 00:14:34,73,goal_completed,True
S0002691,U03031,binge_user,2025-10-17 19:36:36,2025-10-17 20:21:36,45,boredom,False
S0002692,U03082,trend_hopper,2025-03-22 19:19:07,2025-03-22 19:34:07,15,boredom,True
S0002693,U04874,active_engager,2025-08-25 20:29:37,2025-08-25 20:48:37,19,interruption,False
S0002694,U00511,trend_hopper,2025-08-11 09:26:13,2025-08-11 09:37:13,11,boredom,False
S0002695,U03127,trend_hopper,2025-05-25 00:27:11,2025-05-25 00:45:11,18,goal_completed,True
S0002696,U04907,trend_hopper,2025-08-16 21:07:38,2025-08-16 21:17:38,10,goal_completed,True
S0002697,U00028,passive_scroller,2026-03-20 20:45:59,2026-03-20 21:00:59,15,goal_completed,False
S0002698,U01953,active_engager,2025-12-21 21:07:34,2025-12-21 21:59:34,52,interruption,True
S0002699,U00440,binge_user,2025-10-23 23:57:38,2025-10-24 00:43:38,46,interruption,False
S0002700,U01030,trend_hopper,2025-08-14 23:24:59,2025-08-14 23:48:59,24,interruption,False
S0002701,U03614,binge_user,2025-10-11 21:02:04,2025-10-11 22:33:04,91,boredom,True
S0002702,U00518,passive_scroller,2025-07-17 13:07:13,2025-07-17 13:10:13,3,boredom,False
S0002703,U04330,passive_scroller,2025-05-02 21:42:45,2025-05-02 21:56:45,14,fatigue,False
S0002704,U00242,trend_hopper,2026-03-29 00:01:02,2026-03-29 00:26:02,25,boredom,True
S0002705,U03382,active_engager,2025-07-13 19:49:55,2025-07-13 20:15:55,26,boredom,True
S0002706,U04269,active_engager,2025-01-25 22:18:31,2025-01-25 22:51:31,33,fatigue,True
S0002707,U01073,binge_user,2026-03-22 13:58:28,2026-03-22 16:11:28,133,boredom,True
S0002708,U03793,active_engager,2026-02-18 22:41:52,2026-02-18 23:13:52,32,goal_completed,False
S0002709,U02297,passive_scroller,2025-11-23 23:43:09,2025-11-23 23:53:09,10,fatigue,True
S0002710,U01529,trend_hopper,2026-03-28 23:10:15,2026-03-28 23:31:15,21,goal_completed,True
S0002711,U02210,binge_user,2025-12-31 23:31:07,2026-01-01 00:44:07,73,boredom,False
S0002712,U01632,trend_hopper,2025-10-20 12:55:09,2025-10-20 13:04:09,9,goal_completed,False
S0002713,U02185,active_engager,2025-09-13 00:54:15,2025-09-13 01:25:15,31,boredom,True
S0002714,U03955,active_engager,2026-02-03 21:12:48,2026-02-03 21:55:48,43,fatigue,False
S0002715,U00111,active_engager,2025-07-28 21:33:41,2025-07-28 22:10:41,37,interruption,False
S0002716,U01190,binge_user,2026-02-04 00:54:53,2026-02-04 02:14:53,80,goal_completed,False
S0002717,U02091,binge_user,2025-09-15 19:55:15,2025-09-15 20:44:15,49,goal_completed,False
S0002718,U03015,active_engager,2026-02-11 21:23:06,2026-02-11 21:34:06,11,boredom,False
S0002719,U01567,trend_hopper,2026-03-15 21:51:26,2026-03-15 21:58:26,7,fatigue,True
S0002720,U03987,active_engager,2025-04-20 21:13:59,2025-04-20 21:26:59,13,interruption,True
S0002721,U00837,active_engager,2025-04-02 20:05:29,2025-04-02 20:32:29,27,fatigue,False
S0002722,U02385,binge_user,2025-07-19 08:09:37,2025-07-19 09:28:37,79,goal_completed,True
S0002723,U04188,active_engager,2025-04-15 23:40:21,2025-04-15 23:51:21,11,goal_completed,False
S0002724,U01891,passive_scroller,2025-08-19 19:04:50,2025-08-19 19:17:50,13,fatigue,False
S0002725,U04576,active_engager,2025-07-30 20:52:22,2025-07-30 21:09:22,17,interruption,False
S0002726,U00197,passive_scroller,2025-04-24 20:12:09,2025-04-24 20:23:09,11,interruption,False
S0002727,U03183,binge_user,2026-03-14 21:41:38,2026-03-14 23:21:38,100,fatigue,True
S0002728,U02325,active_engager,2026-02-11 20:39:01,2026-02-11 21:09:01,30,fatigue,False
S0002729,U01567,trend_hopper,2025-06-14 18:18:16,2025-06-14 18:24:16,6,fatigue,True
S0002730,U03197,active_engager,2025-04-28 22:19:55,2025-04-28 22:46:55,27,boredom,False
S0002731,U04474,trend_hopper,2026-02-17 21:57:45,2026-02-17 22:07:45,10,goal_completed,False
S0002732,U00878,active_engager,2025-04-28 20:40:47,2025-04-28 21:03:47,23,interruption,False
S0002733,U00413,passive_scroller,2025-10-12 18:11:07,2025-10-12 18:17:07,6,goal_completed,True
S0002734,U04334,passive_scroller,2025-11-24 18:14:11,2025-11-24 18:29:11,15,interruption,False
S0002735,U03810,binge_user,2025-12-05 20:46:50,2025-12-05 21:17:50,31,interruption,False
S0002736,U02575,trend_hopper,2025-03-25 23:36:54,2025-03-25 23:53:54,17,goal_completed,False
S0002737,U04532,passive_scroller,2025-05-05 22:52:21,2025-05-05 23:07:21,15,boredom,False
S0002738,U04423,passive_scroller,2025-05-18 12:31:02,2025-05-18 12:49:02,18,goal_completed,True
S0002739,U04369,active_engager,2025-05-28 21:53:37,2025-05-28 22:29:37,36,fatigue,False
S0002740,U00989,binge_user,2026-01-14 22:16:40,2026-01-14 23:02:40,46,interruption,False
S0002741,U00058,binge_user,2026-01-09 22:34:11,2026-01-09 23:56:11,82,interruption,False
S0002742,U04425,binge_user,2025-06-14 00:11:35,2025-06-14 01:54:35,103,fatigue,True
S0002743,U02654,passive_scroller,2025-12-18 20:38:53,2025-12-18 20:42:53,4,fatigue,False
S0002744,U01708,active_engager,2025-05-21 22:12:59,2025-05-21 22:46:59,34,goal_completed,False
S0002745,U04679,passive_scroller,2025-09-03 22:40:42,2025-09-03 22:52:42,12,fatigue,False
S0002746,U01622,active_engager,2025-02-20 13:41:46,2025-02-20 14:09:46,28,interruption,False
S0002747,U04283,passive_scroller,2025-12-20 22:48:10,2025-12-20 22:56:10,8,boredom,True
S0002748,U04693,active_engager,2025-07-13 18:25:48,2025-07-13 19:10:48,45,interruption,True
S0002749,U01281,passive_scroller,2025-01-11 21:09:53,2025-01-11 21:15:53,6,interruption,True
S0002750,U00535,passive_scroller,2025-06-09 13:45:17,2025-06-09 13:54:17,9,fatigue,False
S0002751,U01158,trend_hopper,2026-02-16 21:44:32,2026-02-16 22:02:32,18,boredom,False
S0002752,U00790,trend_hopper,2025-01-17 20:21:37,2025-01-17 20:31:37,10,boredom,False
S0002753,U01064,passive_scroller,2025-06-17 22:00:40,2025-06-17 22:13:40,13,boredom,False
S0002754,U03456,passive_scroller,2026-04-30 21:28:42,2026-04-30 21:41:42,13,goal_completed,False
S0002755,U04333,trend_hopper,2025-02-08 22:53:46,2025-02-08 23:23:46,30,goal_completed,True
S0002756,U03677,trend_hopper,2025-05-03 21:58:42,2025-05-03 22:04:42,6,fatigue,True
S0002757,U00601,active_engager,2026-04-11 22:49:20,2026-04-11 23:16:20,27,fatigue,True
S0002758,U04299,passive_scroller,2025-07-17 21:29:24,2025-07-17 21:43:24,14,boredom,False
S0002759,U01282,trend_hopper,2025-10-13 09:08:38,2025-10-13 09:18:38,10,boredom,False
S0002760,U00410,active_engager,2025-06-27 13:34:57,2025-06-27 14:15:57,41,goal_completed,False
S0002761,U04547,binge_user,2026-02-12 01:13:04,2026-02-12 02:53:04,100,goal_completed,False
S0002762,U04746,active_engager,2025-10-29 20:07:46,2025-10-29 20:41:46,34,boredom,False
S0002763,U03752,trend_hopper,2025-11-17 18:57:48,2025-11-17 19:13:48,16,goal_completed,False
S0002764,U04694,trend_hopper,2025-07-06 19:27:50,2025-07-06 19:42:50,15,interruption,True
S0002765,U01352,passive_scroller,2025-07-05 18:51:31,2025-07-05 19:09:31,18,goal_completed,True
S0002766,U03072,passive_scroller,2025-01-13 23:03:56,2025-01-13 23:08:56,5,goal_completed,False
S0002767,U01704,active_engager,2025-02-07 20:25:48,2025-02-07 20:38:48,13,boredom,False
S0002768,U00100,binge_user,2025-10-25 08:52:20,2025-10-25 09:37:20,45,fatigue,True
S0002769,U00701,passive_scroller,2025-08-07 22:07:23,2025-08-07 22:21:23,14,boredom,False
S0002770,U02745,passive_scroller,2025-12-23 09:57:56,2025-12-23 10:02:56,5,interruption,False
S0002771,U01921,binge_user,2026-03-18 12:55:55,2026-03-18 14:03:55,68,goal_completed,False
S0002772,U03947,active_engager,2025-01-13 08:02:11,2025-01-13 08:27:11,25,interruption,False
S0002773,U00965,passive_scroller,2025-09-17 18:40:27,2025-09-17 18:44:27,4,boredom,False
S0002774,U01430,active_engager,2025-12-10 12:56:48,2025-12-10 13:13:48,17,boredom,False
S0002775,U00774,binge_user,2026-04-22 20:20:18,2026-04-22 21:03:18,43,goal_completed,False
S0002776,U03000,binge_user,2025-05-20 21:04:02,2025-05-20 22:22:02,78,goal_completed,False
S0002777,U00014,trend_hopper,2025-04-26 13:48:42,2025-04-26 14:14:42,26,interruption,True
S0002778,U02920,active_engager,2025-06-16 23:10:10,2025-06-16 23:27:10,17,fatigue,False
S0002779,U01524,binge_user,2025-07-03 20:15:45,2025-07-03 21:28:45,73,interruption,False
S0002780,U04310,passive_scroller,2026-04-27 00:52:00,2026-04-27 01:07:00,15,boredom,False
S0002781,U00325,active_engager,2025-02-04 20:04:52,2025-02-04 20:35:52,31,goal_completed,False
S0002782,U01233,trend_hopper,2025-02-27 00:30:42,2025-02-27 00:53:42,23,goal_completed,False
S0002783,U04914,passive_scroller,2026-03-23 18:03:45,2026-03-23 18:14:45,11,fatigue,False
S0002784,U00825,trend_hopper,2025-12-07 09:20:28,2025-12-07 09:30:28,10,goal_completed,True
S0002785,U04699,active_engager,2025-09-25 22:27:36,2025-09-25 22:48:36,21,goal_completed,False
S0002786,U00113,binge_user,2026-02-02 01:23:00,2026-02-02 03:07:00,104,boredom,False
S0002787,U04203,trend_hopper,2026-02-10 18:40:52,2026-02-10 18:58:52,18,boredom,False
S0002788,U02491,binge_user,2026-01-26 09:41:09,2026-01-26 11:05:09,84,fatigue,False
S0002789,U02863,passive_scroller,2025-03-27 19:10:16,2025-03-27 19:22:16,12,interruption,False
S0002790,U01335,active_engager,2025-05-06 08:07:21,2025-05-06 08:34:21,27,boredom,False
S0002791,U00515,trend_hopper,2026-03-10 12:32:19,2026-03-10 12:43:19,11,boredom,False
S0002792,U02116,passive_scroller,2025-09-21 01:34:51,2025-09-21 01:38:51,4,goal_completed,True
S0002793,U02429,binge_user,2026-03-26 20:59:52,2026-03-26 22:24:52,85,interruption,False
S0002794,U01467,passive_scroller,2025-12-04 00:55:59,2025-12-04 01:01:59,6,goal_completed,False
S0002795,U03435,binge_user,2025-02-27 08:12:19,2025-02-27 09:02:19,50,boredom,False
S0002796,U02919,passive_scroller,2025-08-12 19:07:42,2025-08-12 19:18:42,11,goal_completed,False
S0002797,U01115,trend_hopper,2025-09-23 20:50:15,2025-09-23 21:11:15,21,interruption,False
S0002798,U00082,passive_scroller,2025-11-28 21:07:10,2025-11-28 21:19:10,12,fatigue,False
S0002799,U00115,active_engager,2025-01-24 18:03:25,2025-01-24 18:43:25,40,fatigue,False
S0002800,U00971,trend_hopper,2025-04-23 13:10:21,2025-04-23 13:15:21,5,interruption,False
S0002801,U04833,trend_hopper,2026-04-30 22:47:17,2026-04-30 22:54:17,7,boredom,False
S0002802,U02748,trend_hopper,2025-05-01 21:17:17,2025-05-01 21:28:17,11,fatigue,False
S0002803,U00879,binge_user,2025-11-15 23:33:12,2025-11-16 01:49:12,136,goal_completed,True
S0002804,U04268,binge_user,2025-02-04 09:54:28,2025-02-04 11:11:28,77,fatigue,False
S0002805,U02158,active_engager,2025-10-12 13:28:21,2025-10-12 14:05:21,37,goal_completed,True
S0002806,U01989,active_engager,2025-11-03 01:43:55,2025-11-03 02:17:55,34,goal_completed,False
S0002807,U02146,active_engager,2025-08-09 21:49:51,2025-08-09 22:39:51,50,interruption,True
S0002808,U02597,trend_hopper,2025-06-06 18:59:59,2025-06-06 19:20:59,21,fatigue,False
S0002809,U01360,passive_scroller,2025-08-30 08:55:25,2025-08-30 09:02:25,7,interruption,True
S0002810,U04045,trend_hopper,2025-04-11 13:28:21,2025-04-11 13:33:21,5,fatigue,False
S0002811,U02024,active_engager,2025-10-04 22:01:23,2025-10-04 22:22:23,21,interruption,True
S0002812,U01293,passive_scroller,2026-03-16 21:01:47,2026-03-16 21:06:47,5,boredom,False
S0002813,U00557,binge_user,2025-12-03 21:58:37,2025-12-03 23:43:37,105,interruption,False
S0002814,U00147,passive_scroller,2025-09-25 21:32:00,2025-09-25 21:45:00,13,fatigue,False
S0002815,U00076,passive_scroller,2025-05-09 22:30:01,2025-05-09 22:36:01,6,fatigue,False
S0002816,U02520,binge_user,2025-02-01 18:14:11,2025-02-01 19:15:11,61,goal_completed,True
S0002817,U01247,passive_scroller,2026-01-30 00:26:41,2026-01-30 00:36:41,10,boredom,False
S0002818,U00558,binge_user,2025-02-26 00:42:25,2025-02-26 02:24:25,102,interruption,False
S0002819,U03464,active_engager,2025-09-08 21:00:43,2025-09-08 21:39:43,39,goal_completed,False
S0002820,U01518,binge_user,2026-03-19 22:40:29,2026-03-19 23:52:29,72,fatigue,False
S0002821,U01921,binge_user,2025-05-02 12:01:32,2025-05-02 13:45:32,104,fatigue,False
S0002822,U02361,trend_hopper,2025-03-10 20:42:16,2025-03-10 21:04:16,22,fatigue,False
S0002823,U02838,passive_scroller,2025-02-16 21:51:47,2025-02-16 22:04:47,13,fatigue,True
S0002824,U02162,binge_user,2026-03-13 18:44:11,2026-03-13 20:39:11,115,boredom,False
S0002825,U01193,binge_user,2025-11-03 23:16:40,2025-11-04 00:05:40,49,fatigue,False
S0002826,U01441,active_engager,2026-04-08 18:20:03,2026-04-08 18:33:03,13,interruption,False
S0002827,U00270,passive_scroller,2025-01-06 18:17:11,2025-01-06 18:24:11,7,boredom,False
S0002828,U01444,passive_scroller,2025-12-30 12:14:34,2025-12-30 12:23:34,9,goal_completed,False
S0002829,U03560,trend_hopper,2025-03-09 12:56:07,2025-03-09 13:18:07,22,interruption,True
S0002830,U02367,active_engager,2025-05-23 20:10:59,2025-05-23 20:39:59,29,boredom,False
S0002831,U02112,active_engager,2025-12-03 13:10:47,2025-12-03 13:40:47,30,fatigue,False
S0002832,U03404,binge_user,2025-08-31 19:17:30,2025-08-31 20:15:30,58,fatigue,True
S0002833,U02764,passive_scroller,2025-08-24 00:41:51,2025-08-24 00:48:51,7,boredom,True
S0002834,U03946,active_engager,2025-07-07 21:57:05,2025-07-07 22:08:05,11,fatigue,False
S0002835,U04736,binge_user,2025-11-29 20:34:48,2025-11-29 22:42:48,128,goal_completed,True
S0002836,U04343,passive_scroller,2025-02-15 09:25:42,2025-02-15 09:34:42,9,boredom,True
S0002837,U02284,active_engager,2025-01-21 08:10:55,2025-01-21 08:21:55,11,goal_completed,False
S0002838,U02052,binge_user,2026-02-23 18:19:51,2026-02-23 20:05:51,106,interruption,False
S0002839,U01827,trend_hopper,2025-06-16 00:54:02,2025-06-16 01:06:02,12,fatigue,False
S0002840,U04500,active_engager,2025-06-24 12:48:45,2025-06-24 13:31:45,43,boredom,False
S0002841,U04795,active_engager,2026-03-09 01:11:34,2026-03-09 01:50:34,39,interruption,False
S0002842,U03954,binge_user,2025-11-28 20:28:24,2025-11-28 22:19:24,111,boredom,False
S0002843,U03559,trend_hopper,2025-09-22 21:50:22,2025-09-22 21:55:22,5,goal_completed,False
S0002844,U01750,passive_scroller,2025-11-17 19:14:14,2025-11-17 19:24:14,10,interruption,False
S0002845,U03379,passive_scroller,2025-10-12 21:13:44,2025-10-12 21:23:44,10,boredom,True
S0002846,U00822,trend_hopper,2026-02-11 01:29:02,2026-02-11 01:46:02,17,boredom,False
S0002847,U04743,passive_scroller,2025-03-29 13:29:23,2025-03-29 13:32:23,3,boredom,True
S0002848,U04698,active_engager,2026-02-23 13:46:35,2026-02-23 13:56:35,10,fatigue,False
S0002849,U04895,passive_scroller,2026-04-22 20:28:48,2026-04-22 20:30:48,2,fatigue,False
S0002850,U02624,trend_hopper,2026-02-20 19:24:40,2026-02-20 19:46:40,22,goal_completed,False
S0002851,U04511,trend_hopper,2026-02-20 01:28:10,2026-02-20 01:50:10,22,boredom,False
S0002852,U03146,active_engager,2025-08-17 22:51:02,2025-08-17 23:43:02,52,interruption,True
S0002853,U03033,trend_hopper,2025-09-01 13:46:03,2025-09-01 13:54:03,8,boredom,False
S0002854,U01367,active_engager,2025-10-23 19:52:44,2025-10-23 20:02:44,10,goal_completed,False
S0002855,U04411,passive_scroller,2025-12-11 22:54:30,2025-12-11 23:05:30,11,boredom,False
S0002856,U02748,trend_hopper,2025-01-26 13:32:02,2025-01-26 13:44:02,12,goal_completed,True
S0002857,U00358,trend_hopper,2026-02-22 01:09:08,2026-02-22 01:21:08,12,boredom,True
S0002858,U01161,binge_user,2026-02-15 20:24:40,2026-02-15 21:32:40,68,boredom,True
S0002859,U03881,binge_user,2025-03-15 21:56:54,2025-03-15 23:06:54,70,interruption,True
S0002860,U04005,binge_user,2025-09-01 22:44:57,2025-09-01 23:24:57,40,boredom,False
S0002861,U01519,trend_hopper,2025-09-17 21:32:29,2025-09-17 21:38:29,6,interruption,False
S0002862,U03273,passive_scroller,2025-03-18 01:27:44,2025-03-18 01:29:44,2,boredom,False
S0002863,U03291,trend_hopper,2025-09-26 19:13:03,2025-09-26 19:30:03,17,goal_completed,False
S0002864,U01289,trend_hopper,2025-06-20 20:30:02,2025-06-20 20:47:02,17,goal_completed,False
S0002865,U01854,trend_hopper,2025-10-01 22:30:37,2025-10-01 22:36:37,6,goal_completed,False
S0002866,U03242,active_engager,2025-03-31 19:46:56,2025-03-31 20:03:56,17,fatigue,False
S0002867,U02063,passive_scroller,2026-02-02 20:24:36,2026-02-02 20:27:36,3,boredom,False
S0002868,U03807,trend_hopper,2025-06-23 19:34:53,2025-06-23 19:42:53,8,boredom,False
S0002869,U00508,trend_hopper,2025-06-13 22:54:32,2025-06-13 23:15:32,21,interruption,False
S0002870,U02426,active_engager,2026-02-01 21:37:30,2026-02-01 22:27:30,50,boredom,True
S0002871,U00652,passive_scroller,2025-06-12 01:13:50,2025-06-12 01:22:50,9,boredom,False
S0002872,U02900,active_engager,2025-05-29 18:27:51,2025-05-29 18:45:51,18,boredom,False
S0002873,U02021,binge_user,2025-08-25 22:04:59,2025-08-25 23:35:59,91,fatigue,False
S0002874,U02661,active_engager,2025-12-01 22:02:41,2025-12-01 22:19:41,17,goal_completed,False
S0002875,U03131,trend_hopper,2025-09-27 13:18:46,2025-09-27 13:32:46,14,fatigue,True
S0002876,U04986,trend_hopper,2025-01-20 00:40:23,2025-01-20 00:53:23,13,boredom,False
S0002877,U01866,active_engager,2026-04-09 13:44:32,2026-04-09 14:19:32,35,interruption,False
S0002878,U02734,binge_user,2026-02-06 22:48:26,2026-02-06 23:57:26,69,fatigue,False
S0002879,U04542,passive_scroller,2025-06-29 01:07:32,2025-06-29 01:20:32,13,fatigue,True
S0002880,U03556,passive_scroller,2026-01-09 21:35:04,2026-01-09 21:45:04,10,goal_completed,False
S0002881,U03497,passive_scroller,2025-05-06 20:08:55,2025-05-06 20:19:55,11,goal_completed,False
S0002882,U00161,trend_hopper,2025-06-17 01:48:27,2025-06-17 02:12:27,24,fatigue,False
S0002883,U00524,passive_scroller,2025-05-21 00:41:21,2025-05-21 00:50:21,9,goal_completed,False
S0002884,U04541,trend_hopper,2025-04-14 23:10:12,2025-04-14 23:35:12,25,interruption,False
S0002885,U01742,trend_hopper,2025-07-25 01:21:45,2025-07-25 01:39:45,18,interruption,False
S0002886,U04918,trend_hopper,2026-04-07 21:37:10,2026-04-07 21:45:10,8,fatigue,False
S0002887,U04191,active_engager,2025-08-21 22:44:22,2025-08-21 23:06:22,22,goal_completed,False
S0002888,U02717,active_engager,2025-10-28 23:59:06,2025-10-29 00:16:06,17,fatigue,False
S0002889,U04865,binge_user,2025-04-22 22:27:07,2025-04-23 00:22:07,115,goal_completed,False
S0002890,U02036,passive_scroller,2025-03-04 22:38:21,2025-03-04 22:51:21,13,fatigue,False
S0002891,U01774,trend_hopper,2026-02-11 22:35:26,2026-02-11 22:59:26,24,fatigue,False
S0002892,U00758,passive_scroller,2025-07-22 22:05:16,2025-07-22 22:16:16,11,goal_completed,False
S0002893,U00060,active_engager,2025-04-26 21:57:43,2025-04-26 22:31:43,34,interruption,True
S0002894,U00832,binge_user,2026-04-15 13:34:17,2026-04-15 15:24:17,110,interruption,False
S0002895,U02889,active_engager,2026-04-21 22:40:02,2026-04-21 23:24:02,44,boredom,False
S0002896,U04556,active_engager,2026-03-16 20:27:50,2026-03-16 20:58:50,31,goal_completed,False
S0002897,U02202,passive_scroller,2025-12-30 19:58:08,2025-12-30 20:00:08,2,fatigue,False
S0002898,U01457,active_engager,2025-02-27 19:18:14,2025-02-27 19:29:14,11,goal_completed,False
S0002899,U02732,trend_hopper,2026-04-06 20:40:29,2026-04-06 20:57:29,17,boredom,False
S0002900,U02925,passive_scroller,2025-08-16 20:56:05,2025-08-16 21:12:05,16,fatigue,True
S0002901,U01108,trend_hopper,2025-01-17 18:46:44,2025-01-17 18:58:44,12,boredom,False
S0002902,U04744,passive_scroller,2025-07-05 21:33:28,2025-07-05 21:47:28,14,interruption,True
S0002903,U00839,passive_scroller,2026-02-07 19:25:28,2026-02-07 19:37:28,12,fatigue,True
S0002904,U02397,passive_scroller,2025-03-23 18:07:06,2025-03-23 18:11:06,4,interruption,True
S0002905,U04404,trend_hopper,2025-12-20 19:30:43,2025-12-20 19:43:43,13,interruption,True
S0002906,U03392,binge_user,2026-03-22 18:11:04,2026-03-22 20:07:04,116,boredom,True
S0002907,U03278,trend_hopper,2025-08-05 20:26:00,2025-08-05 20:34:00,8,fatigue,False
S0002908,U00299,binge_user,2025-08-28 21:40:27,2025-08-28 22:22:27,42,goal_completed,False
S0002909,U01768,trend_hopper,2025-02-19 22:32:08,2025-02-19 22:37:08,5,boredom,False
S0002910,U04720,trend_hopper,2025-04-16 20:53:43,2025-04-16 21:12:43,19,goal_completed,False
S0002911,U00469,passive_scroller,2025-01-04 20:07:41,2025-01-04 20:23:41,16,fatigue,True
S0002912,U04460,binge_user,2025-12-16 20:57:33,2025-12-16 22:08:33,71,boredom,False
S0002913,U02277,active_engager,2025-01-14 12:47:41,2025-01-14 13:25:41,38,fatigue,False
S0002914,U03978,active_engager,2026-02-20 21:45:57,2026-02-20 22:09:57,24,fatigue,False
S0002915,U00647,trend_hopper,2025-05-11 20:05:34,2025-05-11 20:24:34,19,goal_completed,True
S0002916,U00951,trend_hopper,2026-02-03 22:21:02,2026-02-03 22:36:02,15,fatigue,False
S0002917,U00303,binge_user,2025-03-02 19:03:14,2025-03-02 20:18:14,75,fatigue,True
S0002918,U01962,active_engager,2025-01-19 22:33:58,2025-01-19 23:18:58,45,goal_completed,True
S0002919,U01987,trend_hopper,2025-03-15 18:04:58,2025-03-15 18:24:58,20,boredom,True
S0002920,U02755,binge_user,2025-11-28 22:23:11,2025-11-28 22:55:11,32,fatigue,False
S0002921,U00012,binge_user,2025-04-04 01:45:06,2025-04-04 02:15:06,30,goal_completed,False
S0002922,U03931,trend_hopper,2025-11-22 22:27:41,2025-11-22 22:55:41,28,fatigue,True
S0002923,U02126,binge_user,2025-04-30 13:48:24,2025-04-30 14:57:24,69,boredom,False
S0002924,U03014,passive_scroller,2025-09-03 22:37:53,2025-09-03 22:42:53,5,boredom,False
S0002925,U01954,binge_user,2025-11-17 19:52:42,2025-11-17 20:54:42,62,boredom,False
S0002926,U00879,binge_user,2025-02-27 20:18:38,2025-02-27 21:59:38,101,fatigue,False
S0002927,U03629,trend_hopper,2026-04-23 23:30:17,2026-04-23 23:54:17,24,goal_completed,False
S0002928,U00636,active_engager,2026-02-24 23:25:29,2026-02-24 23:55:29,30,goal_completed,False
S0002929,U00078,passive_scroller,2025-07-06 19:00:59,2025-07-06 19:13:59,13,boredom,True
S0002930,U02237,binge_user,2026-03-17 00:13:43,2026-03-17 00:48:43,35,goal_completed,False
S0002931,U03240,passive_scroller,2025-02-23 23:15:51,2025-02-23 23:21:51,6,fatigue,True
S0002932,U03974,trend_hopper,2026-04-03 22:15:29,2026-04-03 22:39:29,24,fatigue,False
S0002933,U03900,binge_user,2025-12-31 23:52:07,2026-01-01 00:50:07,58,goal_completed,False
S0002934,U01048,active_engager,2025-02-06 20:00:33,2025-02-06 20:34:33,34,fatigue,False
S0002935,U04221,binge_user,2025-03-18 20:55:30,2025-03-18 22:04:30,69,interruption,False
S0002936,U00473,active_engager,2026-03-20 22:34:39,2026-03-20 22:53:39,19,fatigue,False
S0002937,U00991,binge_user,2025-02-06 23:28:33,2025-02-07 01:01:33,93,goal_completed,False
S0002938,U03756,trend_hopper,2025-06-21 18:58:54,2025-06-21 19:14:54,16,fatigue,True
S0002939,U00582,passive_scroller,2025-03-20 19:15:53,2025-03-20 19:25:53,10,boredom,False
S0002940,U02242,binge_user,2025-11-06 22:28:29,2025-11-06 23:45:29,77,goal_completed,False
S0002941,U03403,trend_hopper,2025-07-18 00:57:42,2025-07-18 01:03:42,6,goal_completed,False
S0002942,U04251,binge_user,2026-03-22 19:11:50,2026-03-22 21:05:50,114,interruption,True
S0002943,U00875,active_engager,2025-05-22 08:42:07,2025-05-22 09:12:07,30,interruption,False
S0002944,U01658,active_engager,2025-02-01 13:09:53,2025-02-01 14:03:53,54,goal_completed,True
S0002945,U03226,passive_scroller,2025-01-16 23:49:49,2025-01-17 00:02:49,13,boredom,False
S0002946,U01363,passive_scroller,2026-02-28 21:36:38,2026-02-28 21:43:38,7,interruption,True
S0002947,U01892,passive_scroller,2025-08-15 19:26:26,2025-08-15 19:31:26,5,goal_completed,False
S0002948,U04698,active_engager,2026-01-07 19:19:41,2026-01-07 19:59:41,40,interruption,False
S0002949,U03823,active_engager,2025-05-19 18:12:55,2025-05-19 18:33:55,21,interruption,False
S0002950,U03042,trend_hopper,2025-11-17 23:07:13,2025-11-17 23:20:13,13,goal_completed,False
S0002951,U03875,trend_hopper,2025-02-16 00:56:46,2025-02-16 01:16:46,20,goal_completed,True
S0002952,U00205,active_engager,2025-07-23 22:51:34,2025-07-23 23:11:34,20,goal_completed,False
S0002953,U04971,trend_hopper,2026-01-17 00:59:29,2026-01-17 01:20:29,21,fatigue,True
S0002954,U03733,active_engager,2025-09-28 19:56:53,2025-09-28 20:41:53,45,interruption,True
S0002955,U02661,active_engager,2025-03-26 19:39:54,2025-03-26 20:10:54,31,boredom,False
S0002956,U04479,binge_user,2025-05-27 23:51:59,2025-05-28 01:07:59,76,boredom,False
S0002957,U02008,passive_scroller,2025-11-16 20:18:00,2025-11-16 20:21:00,3,boredom,True
S0002958,U00034,active_engager,2025-08-05 13:00:46,2025-08-05 13:24:46,24,fatigue,False
S0002959,U00312,active_engager,2026-03-03 20:17:29,2026-03-03 20:57:29,40,goal_completed,False
S0002960,U04341,passive_scroller,2026-02-20 01:10:11,2026-02-20 01:25:11,15,interruption,False
S0002961,U03035,binge_user,2025-05-31 18:34:00,2025-05-31 20:48:00,134,boredom,True
S0002962,U03381,binge_user,2025-10-16 18:15:11,2025-10-16 19:30:11,75,fatigue,False
S0002963,U04803,passive_scroller,2026-01-07 19:10:08,2026-01-07 19:15:08,5,goal_completed,False
S0002964,U04548,trend_hopper,2025-08-09 12:02:00,2025-08-09 12:16:00,14,goal_completed,True
S0002965,U02762,binge_user,2025-11-19 18:48:27,2025-11-19 20:17:27,89,fatigue,False
S0002966,U01547,passive_scroller,2025-05-31 00:09:21,2025-05-31 00:19:21,10,boredom,True
S0002967,U00831,binge_user,2025-04-23 22:44:53,2025-04-23 23:32:53,48,fatigue,False
S0002968,U01514,trend_hopper,2025-12-19 22:16:43,2025-12-19 22:34:43,18,interruption,False
S0002969,U02914,trend_hopper,2026-02-22 20:10:09,2026-02-22 20:35:09,25,boredom,True
S0002970,U02643,passive_scroller,2026-04-26 00:00:39,2026-04-26 00:15:39,15,boredom,True
S0002971,U01096,active_engager,2025-12-06 21:57:54,2025-12-06 22:15:54,18,goal_completed,True
S0002972,U02990,active_engager,2025-09-09 18:26:07,2025-09-09 18:50:07,24,goal_completed,False
S0002973,U03175,active_engager,2025-04-23 19:29:37,2025-04-23 19:43:37,14,fatigue,False
S0002974,U04191,active_engager,2025-02-26 13:18:23,2025-02-26 14:00:23,42,interruption,False
S0002975,U01038,trend_hopper,2025-09-19 21:50:33,2025-09-19 22:10:33,20,goal_completed,False
S0002976,U02201,passive_scroller,2025-05-06 22:13:34,2025-05-06 22:18:34,5,fatigue,False
S0002977,U04157,active_engager,2025-03-29 13:21:08,2025-03-29 14:06:08,45,fatigue,True
S0002978,U02010,active_engager,2025-06-07 20:58:41,2025-06-07 21:49:41,51,goal_completed,True
S0002979,U00179,active_engager,2025-02-19 20:16:26,2025-02-19 20:39:26,23,goal_completed,False
S0002980,U00059,binge_user,2026-02-24 19:24:16,2026-02-24 20:31:16,67,boredom,False
S0002981,U04169,passive_scroller,2025-11-10 22:28:24,2025-11-10 22:33:24,5,fatigue,False
S0002982,U01427,binge_user,2026-04-20 18:06:55,2026-04-20 19:33:55,87,boredom,False
S0002983,U01566,binge_user,2026-01-08 22:02:56,2026-01-08 23:00:56,58,goal_completed,False
S0002984,U04025,binge_user,2025-02-27 23:26:20,2025-02-28 00:11:20,45,interruption,False
S0002985,U00696,binge_user,2025-08-08 21:11:55,2025-08-08 22:21:55,70,fatigue,False
S0002986,U03468,binge_user,2026-04-24 19:42:36,2026-04-24 21:18:36,96,boredom,False
S0002987,U01269,active_engager,2025-04-13 19:24:53,2025-04-13 20:02:53,38,interruption,True
S0002988,U01209,binge_user,2025-05-04 21:18:30,2025-05-04 22:48:30,90,interruption,True
S0002989,U04518,trend_hopper,2025-11-07 00:32:44,2025-11-07 00:53:44,21,goal_completed,False
S0002990,U04268,binge_user,2025-10-14 18:48:26,2025-10-14 19:43:26,55,fatigue,False
S0002991,U02866,active_engager,2025-04-10 18:45:54,2025-04-10 19:24:54,39,interruption,False
S0002992,U04337,binge_user,2026-04-23 23:05:10,2026-04-24 00:42:10,97,goal_completed,False
S0002993,U02336,trend_hopper,2026-02-25 21:14:39,2026-02-25 21:20:39,6,boredom,False
S0002994,U04803,passive_scroller,2025-10-25 18:18:55,2025-10-25 18:31:55,13,boredom,True
S0002995,U01659,binge_user,2025-09-01 01:59:50,2025-09-01 03:20:50,81,goal_completed,False
S0002996,U02445,trend_hopper,2025-07-20 08:53:47,2025-07-20 09:13:47,20,goal_completed,True
S0002997,U02295,trend_hopper,2025-02-14 20:02:10,2025-02-14 20:13:10,11,interruption,False
S0002998,U04575,active_engager,2025-12-29 12:34:28,2025-12-29 12:56:28,22,goal_completed,False
S0002999,U01412,trend_hopper,2026-03-14 21:18:50,2026-03-14 21:44:50,26,interruption,True
S0003000,U00392,active_engager,2025-02-04 21:11:23,2025-02-04 21:22:23,11,goal_completed,False
S0003001,U04758,binge_user,2025-05-19 08:46:15,2025-05-19 10:45:15,119,boredom,False
S0003002,U03349,binge_user,2025-05-07 21:10:18,2025-05-07 22:57:18,107,boredom,False
S0003003,U00901,active_engager,2025-04-12 21:22:00,2025-04-12 21:43:00,21,boredom,True
S0003004,U01577,active_engager,2026-03-27 00:52:02,2026-03-27 01:13:02,21,interruption,False
S0003005,U04027,trend_hopper,2026-02-17 19:17:07,2026-02-17 19:37:07,20,fatigue,False
S0003006,U01919,trend_hopper,2025-11-11 13:07:09,2025-11-11 13:12:09,5,boredom,False
S0003007,U03963,passive_scroller,2025-04-26 23:43:24,2025-04-26 23:53:24,10,goal_completed,True
S0003008,U02299,passive_scroller,2026-03-14 20:52:25,2026-03-14 20:56:25,4,fatigue,True
S0003009,U00601,active_engager,2025-09-15 01:03:15,2025-09-15 01:36:15,33,boredom,False
S0003010,U02761,passive_scroller,2025-08-18 12:06:54,2025-08-18 12:16:54,10,goal_completed,False
S0003011,U03863,passive_scroller,2025-12-11 01:23:34,2025-12-11 01:37:34,14,interruption,False
S0003012,U01315,binge_user,2025-08-23 19:25:08,2025-08-23 21:46:08,141,interruption,True
S0003013,U04540,passive_scroller,2026-03-30 20:47:23,2026-03-30 20:58:23,11,fatigue,False
S0003014,U03035,binge_user,2025-11-20 22:12:16,2025-11-20 23:30:16,78,boredom,False
S0003015,U00886,trend_hopper,2026-01-20 01:55:33,2026-01-20 02:05:33,10,boredom,False
S0003016,U00672,binge_user,2025-12-26 08:17:03,2025-12-26 09:22:03,65,fatigue,False
S0003017,U00511,trend_hopper,2026-02-06 19:52:43,2026-02-06 20:07:43,15,goal_completed,False
S0003018,U04347,trend_hopper,2025-12-13 23:51:08,2025-12-14 00:10:08,19,interruption,True
S0003019,U02264,active_engager,2025-10-04 21:06:30,2025-10-04 21:20:30,14,fatigue,True
S0003020,U00175,passive_scroller,2026-02-21 22:01:37,2026-02-21 22:10:37,9,goal_completed,True
S0003021,U04195,active_engager,2025-06-30 13:58:45,2025-06-30 14:16:45,18,boredom,False
S0003022,U01012,active_engager,2026-01-13 18:30:30,2026-01-13 18:45:30,15,goal_completed,False
S0003023,U01650,binge_user,2026-05-01 21:08:38,2026-05-01 21:59:38,51,fatigue,False
S0003024,U00074,binge_user,2025-09-29 20:31:49,2025-09-29 22:22:49,111,fatigue,False
S0003025,U03430,active_engager,2025-04-14 00:50:29,2025-04-14 01:01:29,11,goal_completed,False
S0003026,U02350,passive_scroller,2025-12-03 19:39:07,2025-12-03 19:48:07,9,goal_completed,False
S0003027,U01556,binge_user,2026-03-09 23:49:47,2026-03-10 00:32:47,43,fatigue,False
S0003028,U03359,active_engager,2025-05-03 22:48:19,2025-05-03 23:30:19,42,interruption,True
S0003029,U03562,trend_hopper,2025-08-14 13:16:43,2025-08-14 13:22:43,6,boredom,False
S0003030,U03066,active_engager,2025-09-11 00:21:55,2025-09-11 00:44:55,23,boredom,False
S0003031,U00148,active_engager,2025-06-02 22:00:07,2025-06-02 22:14:07,14,boredom,False
S0003032,U03960,binge_user,2025-08-11 21:06:10,2025-08-11 21:54:10,48,goal_completed,False
S0003033,U01270,passive_scroller,2026-04-21 00:27:55,2026-04-21 00:33:55,6,fatigue,False
S0003034,U01171,trend_hopper,2025-01-05 23:45:52,2025-01-06 00:10:52,25,fatigue,True
S0003035,U01734,trend_hopper,2026-01-24 20:36:28,2026-01-24 20:55:28,19,fatigue,True
S0003036,U01814,passive_scroller,2025-02-21 21:11:28,2025-02-21 21:16:28,5,interruption,False
S0003037,U02751,active_engager,2025-01-11 21:42:12,2025-01-11 22:20:12,38,interruption,True
S0003038,U02016,active_engager,2025-05-18 19:42:41,2025-05-18 19:58:41,16,interruption,True
S0003039,U02178,trend_hopper,2025-08-11 12:05:27,2025-08-11 12:19:27,14,fatigue,False
S0003040,U03710,trend_hopper,2025-03-30 18:03:17,2025-03-30 18:25:17,22,goal_completed,True
S0003041,U03712,active_engager,2025-05-02 22:00:54,2025-05-02 22:41:54,41,fatigue,False
S0003042,U03965,active_engager,2025-10-31 12:05:14,2025-10-31 12:36:14,31,goal_completed,False
S0003043,U00080,active_engager,2025-03-14 19:14:05,2025-03-14 19:26:05,12,boredom,False
S0003044,U00864,passive_scroller,2025-01-23 23:13:36,2025-01-23 23:23:36,10,fatigue,False
S0003045,U03159,binge_user,2025-12-06 23:36:48,2025-12-07 01:33:48,117,goal_completed,True
S0003046,U02169,passive_scroller,2026-04-05 18:15:56,2026-04-05 18:28:56,13,interruption,True
S0003047,U04557,active_engager,2025-12-25 23:51:18,2025-12-26 00:35:18,44,fatigue,False
S0003048,U01459,binge_user,2025-11-24 22:27:30,2025-11-25 00:02:30,95,fatigue,False
S0003049,U02228,passive_scroller,2025-03-15 18:31:18,2025-03-15 18:43:18,12,boredom,True
S0003050,U02937,passive_scroller,2026-02-01 22:39:15,2026-02-01 22:45:15,6,interruption,True
S0003051,U00839,passive_scroller,2025-04-07 09:07:42,2025-04-07 09:12:42,5,goal_completed,False
S0003052,U02393,active_engager,2025-06-04 18:46:32,2025-06-04 19:15:32,29,interruption,False
S0003053,U01764,passive_scroller,2025-08-02 23:57:55,2025-08-03 00:00:55,3,boredom,True
S0003054,U03536,passive_scroller,2025-12-04 13:57:12,2025-12-04 14:10:12,13,goal_completed,False
S0003055,U00206,passive_scroller,2025-08-15 18:13:32,2025-08-15 18:28:32,15,boredom,False
S0003056,U04218,trend_hopper,2025-07-15 23:57:53,2025-07-16 00:13:53,16,boredom,False
S0003057,U01205,active_engager,2025-07-10 18:38:49,2025-07-10 19:05:49,27,boredom,False
S0003058,U04372,active_engager,2025-05-01 21:16:02,2025-05-01 21:48:02,32,interruption,False
S0003059,U04936,trend_hopper,2025-08-29 23:18:16,2025-08-29 23:24:16,6,boredom,False
S0003060,U02100,passive_scroller,2026-03-29 19:41:22,2026-03-29 19:57:22,16,fatigue,True
S0003061,U02836,binge_user,2025-01-23 21:03:55,2025-01-23 23:02:55,119,goal_completed,False
S0003062,U00093,binge_user,2025-12-06 01:42:40,2025-12-06 02:40:40,58,boredom,True
S0003063,U04360,trend_hopper,2025-02-17 19:56:50,2025-02-17 20:05:50,9,interruption,False
S0003064,U02506,trend_hopper,2026-01-13 23:02:02,2026-01-13 23:20:02,18,interruption,False
S0003065,U02685,binge_user,2025-02-07 01:16:23,2025-02-07 02:13:23,57,goal_completed,False
S0003066,U03877,binge_user,2025-11-29 00:28:42,2025-11-29 02:31:42,123,fatigue,True
S0003067,U04304,binge_user,2025-09-07 22:41:47,2025-09-08 00:38:47,117,goal_completed,True
S0003068,U01170,trend_hopper,2025-11-30 18:32:05,2025-11-30 18:41:05,9,goal_completed,True
S0003069,U04721,binge_user,2025-01-08 08:48:38,2025-01-08 09:23:38,35,goal_completed,False
S0003070,U03383,active_engager,2025-01-24 09:01:52,2025-01-24 09:20:52,19,boredom,False
S0003071,U00398,passive_scroller,2025-07-12 22:25:05,2025-07-12 22:41:05,16,boredom,True
S0003072,U04000,trend_hopper,2025-01-04 23:38:23,2025-01-04 23:52:23,14,interruption,True
S0003073,U00723,active_engager,2025-11-26 12:20:41,2025-11-26 12:32:41,12,fatigue,False
S0003074,U04285,passive_scroller,2025-09-25 19:58:20,2025-09-25 20:02:20,4,interruption,False
S0003075,U01255,active_engager,2025-08-05 00:33:26,2025-08-05 00:47:26,14,goal_completed,False
S0003076,U02706,passive_scroller,2025-03-22 22:06:28,2025-03-22 22:21:28,15,interruption,True
S0003077,U03460,trend_hopper,2025-09-13 22:08:04,2025-09-13 22:27:04,19,interruption,True
S0003078,U00800,trend_hopper,2025-07-30 13:30:56,2025-07-30 13:41:56,11,interruption,False
S0003079,U01154,passive_scroller,2025-03-20 22:30:14,2025-03-20 22:34:14,4,boredom,False
S0003080,U03003,trend_hopper,2026-04-07 21:46:22,2026-04-07 22:03:22,17,boredom,False
S0003081,U04408,passive_scroller,2025-05-07 19:36:39,2025-05-07 19:43:39,7,boredom,False
S0003082,U04427,active_engager,2025-08-14 23:28:11,2025-08-15 00:08:11,40,goal_completed,False
S0003083,U01448,binge_user,2025-07-08 22:52:07,2025-07-09 00:05:07,73,interruption,False
S0003084,U00171,passive_scroller,2026-01-12 19:40:39,2026-01-12 19:53:39,13,fatigue,False
S0003085,U02216,trend_hopper,2025-02-21 00:43:28,2025-02-21 00:56:28,13,fatigue,False
S0003086,U03632,binge_user,2026-01-17 19:16:43,2026-01-17 21:02:43,106,goal_completed,True
S0003087,U01972,binge_user,2025-03-08 13:23:22,2025-03-08 14:43:22,80,boredom,True
S0003088,U01855,active_engager,2025-11-06 20:33:36,2025-11-06 21:05:36,32,boredom,False
S0003089,U04233,passive_scroller,2025-03-24 22:41:28,2025-03-24 22:45:28,4,fatigue,False
S0003090,U02741,binge_user,2025-05-14 21:52:30,2025-05-14 22:55:30,63,fatigue,False
S0003091,U01054,trend_hopper,2025-08-10 01:02:28,2025-08-10 01:08:28,6,boredom,True
S0003092,U01645,binge_user,2025-07-03 12:30:17,2025-07-03 13:55:17,85,goal_completed,False
S0003093,U02782,trend_hopper,2025-06-22 13:52:57,2025-06-22 14:17:57,25,fatigue,True
S0003094,U04666,passive_scroller,2025-07-03 23:49:35,2025-07-03 23:59:35,10,boredom,False
S0003095,U01658,active_engager,2025-10-22 21:18:21,2025-10-22 21:58:21,40,boredom,False
S0003096,U02793,binge_user,2025-10-10 23:09:01,2025-10-11 00:38:01,89,boredom,False
S0003097,U02550,binge_user,2025-01-25 00:04:38,2025-01-25 02:13:38,129,boredom,True
S0003098,U02862,binge_user,2025-12-26 21:34:06,2025-12-26 22:30:06,56,fatigue,False
S0003099,U02744,trend_hopper,2025-03-20 22:07:41,2025-03-20 22:21:41,14,goal_completed,False
S0003100,U02998,active_engager,2026-04-08 21:24:38,2026-04-08 21:58:38,34,goal_completed,False
S0003101,U04672,passive_scroller,2026-02-13 23:06:29,2026-02-13 23:12:29,6,fatigue,False
S0003102,U00559,active_engager,2026-01-20 22:01:13,2026-01-20 22:37:13,36,interruption,False
S0003103,U00980,trend_hopper,2025-03-14 22:15:45,2025-03-14 22:27:45,12,fatigue,False
S0003104,U00621,binge_user,2025-07-06 13:55:30,2025-07-06 15:11:30,76,interruption,True
S0003105,U02075,passive_scroller,2026-02-05 18:35:15,2026-02-05 18:50:15,15,fatigue,False
S0003106,U02642,passive_scroller,2025-02-01 01:35:53,2025-02-01 01:48:53,13,fatigue,True
S0003107,U02342,binge_user,2025-12-24 23:27:22,2025-12-25 01:13:22,106,goal_completed,False
S0003108,U02010,active_engager,2025-05-31 23:00:47,2025-05-31 23:36:47,36,fatigue,True
S0003109,U02466,passive_scroller,2026-03-23 23:44:23,2026-03-23 23:57:23,13,boredom,False
S0003110,U01995,active_engager,2025-04-11 19:04:50,2025-04-11 19:43:50,39,interruption,False
S0003111,U02368,passive_scroller,2025-12-07 00:38:21,2025-12-07 00:53:21,15,boredom,True
S0003112,U03955,active_engager,2026-02-22 09:06:25,2026-02-22 09:58:25,52,boredom,True
S0003113,U02077,active_engager,2025-12-14 23:41:12,2025-12-15 00:02:12,21,fatigue,True
S0003114,U02376,trend_hopper,2026-01-13 21:37:47,2026-01-13 21:54:47,17,goal_completed,False
S0003115,U02977,trend_hopper,2026-04-22 18:52:56,2026-04-22 18:57:56,5,interruption,False
S0003116,U03196,active_engager,2025-01-15 20:52:23,2025-01-15 21:30:23,38,goal_completed,False
S0003117,U04954,passive_scroller,2025-02-12 22:42:15,2025-02-12 22:46:15,4,boredom,False
S0003118,U04641,passive_scroller,2026-02-01 23:23:43,2026-02-01 23:35:43,12,fatigue,True
S0003119,U02392,trend_hopper,2025-12-18 20:00:59,2025-12-18 20:11:59,11,interruption,False
S0003120,U03072,passive_scroller,2026-04-06 21:49:15,2026-04-06 21:53:15,4,boredom,False
S0003121,U02207,trend_hopper,2025-03-20 00:34:46,2025-03-20 00:43:46,9,interruption,False
S0003122,U03221,passive_scroller,2025-11-30 23:51:25,2025-12-01 00:03:25,12,goal_completed,True
S0003123,U01457,active_engager,2025-12-14 13:56:39,2025-12-14 14:34:39,38,fatigue,True
S0003124,U04509,passive_scroller,2025-04-18 21:43:49,2025-04-18 21:51:49,8,boredom,False
S0003125,U03825,binge_user,2025-12-31 20:21:24,2025-12-31 22:15:24,114,boredom,False
S0003126,U00418,passive_scroller,2026-02-15 23:04:35,2026-02-15 23:06:35,2,interruption,True
S0003127,U00686,passive_scroller,2025-08-23 21:57:27,2025-08-23 22:03:27,6,interruption,True
S0003128,U02980,binge_user,2026-02-11 21:30:33,2026-02-11 23:18:33,108,interruption,False
S0003129,U03050,passive_scroller,2026-03-30 12:20:26,2026-03-30 12:23:26,3,interruption,False
S0003130,U00139,trend_hopper,2026-03-05 00:41:04,2026-03-05 00:46:04,5,boredom,False
S0003131,U04381,trend_hopper,2025-03-13 20:03:42,2025-03-13 20:12:42,9,interruption,False
S0003132,U00910,trend_hopper,2026-01-08 09:53:25,2026-01-08 10:08:25,15,interruption,False
S0003133,U01902,active_engager,2025-11-01 22:24:25,2025-11-01 23:09:25,45,boredom,True
S0003134,U01652,passive_scroller,2025-12-22 00:15:31,2025-12-22 00:26:31,11,boredom,False
S0003135,U02995,active_engager,2026-04-17 21:30:15,2026-04-17 21:44:15,14,goal_completed,False
S0003136,U03440,trend_hopper,2025-10-29 19:56:28,2025-10-29 20:18:28,22,goal_completed,False
S0003137,U03718,binge_user,2025-01-11 23:39:52,2025-01-12 01:54:52,135,fatigue,True
S0003138,U00070,passive_scroller,2025-01-01 01:47:01,2025-01-01 01:56:01,9,interruption,False
S0003139,U02038,trend_hopper,2025-09-12 20:59:04,2025-09-12 21:08:04,9,fatigue,False
S0003140,U04179,trend_hopper,2026-03-27 18:07:12,2026-03-27 18:18:12,11,fatigue,False
S0003141,U00096,binge_user,2025-05-22 18:13:53,2025-05-22 19:42:53,89,boredom,False
S0003142,U03699,active_engager,2025-06-01 00:55:04,2025-06-01 01:32:04,37,boredom,True
S0003143,U03160,trend_hopper,2025-11-24 22:13:31,2025-11-24 22:26:31,13,goal_completed,False
S0003144,U02571,trend_hopper,2026-04-19 12:25:54,2026-04-19 12:52:54,27,goal_completed,True
S0003145,U02467,binge_user,2025-02-10 09:36:13,2025-02-10 11:11:13,95,fatigue,False
S0003146,U01391,trend_hopper,2025-08-23 21:11:24,2025-08-23 21:29:24,18,interruption,True
S0003147,U01146,binge_user,2025-08-25 19:46:19,2025-08-25 20:21:19,35,fatigue,False
S0003148,U04667,binge_user,2026-04-27 23:02:02,2026-04-28 00:19:02,77,goal_completed,False
S0003149,U02662,passive_scroller,2025-08-28 21:43:12,2025-08-28 21:47:12,4,boredom,False
S0003150,U01519,trend_hopper,2025-06-19 18:34:13,2025-06-19 18:40:13,6,interruption,False
S0003151,U00428,trend_hopper,2025-05-23 00:35:49,2025-05-23 00:43:49,8,interruption,False
S0003152,U03211,active_engager,2025-05-21 00:13:05,2025-05-21 00:28:05,15,interruption,False
S0003153,U00289,passive_scroller,2025-08-19 13:01:57,2025-08-19 13:09:57,8,boredom,False
S0003154,U02912,binge_user,2025-12-18 19:09:40,2025-12-18 20:50:40,101,interruption,False
S0003155,U02333,passive_scroller,2026-04-13 21:31:42,2026-04-13 21:46:42,15,goal_completed,False
S0003156,U04834,trend_hopper,2025-03-15 19:17:59,2025-03-15 19:35:59,18,boredom,True
S0003157,U00376,binge_user,2025-08-09 20:34:24,2025-08-09 22:32:24,118,goal_completed,True
S0003158,U04484,active_engager,2026-03-15 18:20:08,2026-03-15 18:36:08,16,interruption,True
S0003159,U02970,binge_user,2025-04-20 23:04:57,2025-04-21 01:05:57,121,boredom,True
S0003160,U04642,active_engager,2025-04-16 21:32:08,2025-04-16 22:15:08,43,boredom,False
S0003161,U04858,binge_user,2026-01-11 21:50:26,2026-01-11 23:44:26,114,fatigue,True
S0003162,U04467,trend_hopper,2025-08-16 18:14:42,2025-08-16 18:29:42,15,goal_completed,True
S0003163,U01912,trend_hopper,2026-01-01 21:35:44,2026-01-01 21:47:44,12,fatigue,False
S0003164,U01595,binge_user,2025-10-05 01:31:54,2025-10-05 02:34:54,63,boredom,True
S0003165,U04826,binge_user,2025-01-30 01:31:41,2025-01-30 02:37:41,66,boredom,False
S0003166,U01827,trend_hopper,2025-10-19 18:28:18,2025-10-19 18:56:18,28,boredom,True
S0003167,U01547,passive_scroller,2025-01-31 19:57:06,2025-01-31 20:03:06,6,interruption,False
S0003168,U00561,trend_hopper,2025-12-23 22:16:31,2025-12-23 22:30:31,14,goal_completed,False
S0003169,U04636,trend_hopper,2025-05-04 23:57:01,2025-05-05 00:15:01,18,boredom,True
S0003170,U04956,active_engager,2025-04-16 19:19:00,2025-04-16 19:51:00,32,interruption,False
S0003171,U02830,trend_hopper,2025-06-20 18:14:42,2025-06-20 18:24:42,10,goal_completed,False
S0003172,U01064,passive_scroller,2025-01-18 23:40:50,2025-01-18 23:50:50,10,fatigue,True
S0003173,U02487,active_engager,2025-05-27 21:16:09,2025-05-27 21:31:09,15,fatigue,False
S0003174,U01081,binge_user,2025-04-06 23:30:30,2025-04-07 00:10:30,40,interruption,True
S0003175,U00971,trend_hopper,2025-01-30 18:39:08,2025-01-30 18:55:08,16,fatigue,False
S0003176,U00744,passive_scroller,2025-01-22 21:29:01,2025-01-22 21:34:01,5,goal_completed,False
S0003177,U03739,binge_user,2025-09-18 19:17:41,2025-09-18 20:01:41,44,fatigue,False
S0003178,U04096,binge_user,2025-04-10 20:28:00,2025-04-10 21:13:00,45,goal_completed,False
S0003179,U03919,passive_scroller,2026-03-01 21:31:57,2026-03-01 21:45:57,14,goal_completed,True
S0003180,U00623,passive_scroller,2025-09-20 19:54:40,2025-09-20 20:09:40,15,boredom,True
S0003181,U01995,active_engager,2025-04-26 12:10:39,2025-04-26 12:50:39,40,goal_completed,True
S0003182,U01502,passive_scroller,2025-01-03 23:57:51,2025-01-03 23:59:51,2,boredom,False
S0003183,U01648,passive_scroller,2025-01-24 23:51:29,2025-01-24 23:55:29,4,boredom,False
S0003184,U02536,binge_user,2025-08-04 18:17:52,2025-08-04 19:34:52,77,fatigue,False
S0003185,U04174,passive_scroller,2026-02-27 13:36:39,2026-02-27 13:42:39,6,boredom,False
S0003186,U00307,active_engager,2026-01-28 00:13:16,2026-01-28 00:43:16,30,interruption,False
S0003187,U01643,trend_hopper,2026-04-14 22:30:31,2026-04-14 22:47:31,17,boredom,False
S0003188,U01921,binge_user,2025-11-28 22:22:04,2025-11-28 23:35:04,73,boredom,False
S0003189,U03661,passive_scroller,2025-11-06 18:44:23,2025-11-06 18:48:23,4,boredom,False
S0003190,U00421,trend_hopper,2025-03-03 22:44:27,2025-03-03 23:06:27,22,fatigue,False
S0003191,U01161,binge_user,2025-01-14 12:32:27,2025-01-14 13:19:27,47,boredom,False
S0003192,U00162,passive_scroller,2026-04-15 19:59:10,2026-04-15 20:11:10,12,goal_completed,False
S0003193,U00192,passive_scroller,2025-09-15 01:10:56,2025-09-15 01:21:56,11,fatigue,False
S0003194,U00276,trend_hopper,2026-02-18 20:48:40,2026-02-18 21:10:40,22,fatigue,False
S0003195,U01395,trend_hopper,2025-09-19 19:10:48,2025-09-19 19:20:48,10,interruption,False
S0003196,U01135,binge_user,2025-12-29 19:19:27,2025-12-29 20:31:27,72,interruption,False
S0003197,U02825,active_engager,2025-07-10 00:33:07,2025-07-10 01:03:07,30,goal_completed,False
S0003198,U03053,trend_hopper,2025-08-25 23:27:35,2025-08-25 23:49:35,22,interruption,False
S0003199,U04837,passive_scroller,2025-10-14 19:02:48,2025-10-14 19:15:48,13,fatigue,False
S0003200,U03598,active_engager,2025-10-24 01:46:07,2025-10-24 02:02:07,16,fatigue,False
S0003201,U03487,passive_scroller,2025-02-28 20:50:33,2025-02-28 21:03:33,13,goal_completed,False
S0003202,U02366,binge_user,2025-01-23 22:42:48,2025-01-23 23:36:48,54,interruption,False
S0003203,U04926,binge_user,2026-02-22 18:09:22,2026-02-22 20:21:22,132,fatigue,True
S0003204,U03255,active_engager,2025-02-23 23:25:08,2025-02-24 00:13:08,48,interruption,True
S0003205,U00912,binge_user,2026-04-21 22:15:15,2026-04-21 22:59:15,44,boredom,False
S0003206,U04045,trend_hopper,2025-11-29 23:59:06,2025-11-30 00:27:06,28,interruption,True
S0003207,U00462,passive_scroller,2025-11-26 22:47:44,2025-11-26 23:02:44,15,boredom,False
S0003208,U04611,active_engager,2025-02-07 00:38:05,2025-02-07 00:54:05,16,fatigue,False
S0003209,U00057,active_engager,2025-12-12 21:01:56,2025-12-12 21:33:56,32,boredom,False
S0003210,U02758,active_engager,2026-01-17 21:12:58,2026-01-17 22:03:58,51,fatigue,True
S0003211,U02161,passive_scroller,2025-08-18 23:03:53,2025-08-18 23:15:53,12,goal_completed,False
S0003212,U03116,passive_scroller,2025-01-14 08:02:15,2025-01-14 08:17:15,15,fatigue,False
S0003213,U00276,trend_hopper,2026-04-22 21:15:49,2026-04-22 21:32:49,17,fatigue,False
S0003214,U01314,binge_user,2026-02-11 22:45:32,2026-02-11 23:18:32,33,boredom,False
S0003215,U03222,binge_user,2026-03-21 23:46:40,2026-03-22 02:07:40,141,interruption,True
S0003216,U03631,binge_user,2025-09-11 09:20:11,2025-09-11 09:57:11,37,boredom,False
S0003217,U00882,binge_user,2026-02-09 22:19:48,2026-02-09 23:53:48,94,interruption,False
S0003218,U00894,passive_scroller,2025-05-09 12:58:10,2025-05-09 13:13:10,15,goal_completed,False
S0003219,U00229,trend_hopper,2026-03-18 01:01:07,2026-03-18 01:21:07,20,boredom,False
S0003220,U04218,trend_hopper,2025-12-22 21:16:18,2025-12-22 21:29:18,13,goal_completed,False
S0003221,U01508,passive_scroller,2025-07-12 20:33:46,2025-07-12 20:40:46,7,goal_completed,True
S0003222,U03157,passive_scroller,2025-07-06 22:39:21,2025-07-06 22:45:21,6,boredom,True
S0003223,U03258,trend_hopper,2025-04-23 12:46:02,2025-04-23 12:53:02,7,fatigue,False
S0003224,U03126,passive_scroller,2025-12-15 19:41:35,2025-12-15 19:54:35,13,goal_completed,False
S0003225,U01065,trend_hopper,2025-03-24 12:37:41,2025-03-24 12:45:41,8,interruption,False
S0003226,U03199,binge_user,2025-04-14 01:46:01,2025-04-14 03:39:01,113,goal_completed,False
S0003227,U03288,binge_user,2026-01-01 01:25:29,2026-01-01 03:20:29,115,fatigue,False
S0003228,U04844,binge_user,2025-03-11 21:10:06,2025-03-11 22:07:06,57,fatigue,False
S0003229,U03986,active_engager,2025-07-01 20:52:03,2025-07-01 21:21:03,29,interruption,False
S0003230,U03860,passive_scroller,2025-10-02 21:52:31,2025-10-02 21:56:31,4,goal_completed,False
S0003231,U01866,active_engager,2025-07-17 18:20:41,2025-07-17 18:52:41,32,fatigue,False
S0003232,U03196,active_engager,2025-07-17 19:12:48,2025-07-17 19:23:48,11,fatigue,False
S0003233,U00662,active_engager,2025-12-30 12:22:20,2025-12-30 12:40:20,18,fatigue,False
S0003234,U01030,trend_hopper,2025-08-13 00:39:47,2025-08-13 00:56:47,17,boredom,False
S0003235,U03310,binge_user,2025-02-25 19:25:54,2025-02-25 20:00:54,35,goal_completed,False
S0003236,U01244,trend_hopper,2026-02-05 21:02:52,2026-02-05 21:09:52,7,boredom,False
S0003237,U00273,passive_scroller,2025-06-28 21:55:49,2025-06-28 22:13:49,18,boredom,True
S0003238,U01958,binge_user,2026-01-03 09:39:33,2026-01-03 11:58:33,139,fatigue,True
S0003239,U00408,trend_hopper,2026-01-12 20:45:16,2026-01-12 20:57:16,12,interruption,False
S0003240,U03050,passive_scroller,2025-10-23 21:01:06,2025-10-23 21:14:06,13,interruption,False
S0003241,U04869,passive_scroller,2025-01-07 22:41:52,2025-01-07 22:52:52,11,interruption,False
S0003242,U03169,binge_user,2025-06-26 21:19:04,2025-06-26 22:25:04,66,fatigue,False
S0003243,U03593,active_engager,2025-12-23 18:46:00,2025-12-23 19:19:00,33,fatigue,False
S0003244,U04253,binge_user,2026-02-01 22:00:59,2026-02-01 23:15:59,75,fatigue,True
S0003245,U00314,active_engager,2025-07-04 12:55:36,2025-07-04 13:07:36,12,boredom,False
S0003246,U04066,active_engager,2025-05-07 19:52:32,2025-05-07 20:27:32,35,boredom,False
S0003247,U02813,trend_hopper,2025-01-19 20:33:53,2025-01-19 20:53:53,20,goal_completed,True
S0003248,U04461,trend_hopper,2025-01-12 01:13:32,2025-01-12 01:25:32,12,goal_completed,True
S0003249,U04702,binge_user,2025-10-03 12:42:23,2025-10-03 14:40:23,118,boredom,False
S0003250,U02918,active_engager,2025-01-09 20:21:13,2025-01-09 20:55:13,34,interruption,False
S0003251,U03947,active_engager,2025-10-15 00:26:39,2025-10-15 00:55:39,29,boredom,False
S0003252,U00582,passive_scroller,2025-07-31 23:05:14,2025-07-31 23:10:14,5,interruption,False
S0003253,U00243,passive_scroller,2025-08-15 22:33:55,2025-08-15 22:41:55,8,boredom,False
S0003254,U02933,trend_hopper,2025-12-29 20:25:19,2025-12-29 20:42:19,17,interruption,False
S0003255,U03733,active_engager,2025-07-22 12:44:08,2025-07-22 13:26:08,42,interruption,False
S0003256,U03974,trend_hopper,2025-12-12 19:03:12,2025-12-12 19:12:12,9,interruption,False
S0003257,U02047,passive_scroller,2025-10-27 20:25:23,2025-10-27 20:27:23,2,goal_completed,False
S0003258,U01635,trend_hopper,2025-12-04 22:59:41,2025-12-04 23:15:41,16,boredom,False
S0003259,U03536,passive_scroller,2025-11-28 01:29:12,2025-11-28 01:41:12,12,interruption,False
S0003260,U04409,active_engager,2026-03-07 19:50:11,2026-03-07 20:05:11,15,fatigue,True
S0003261,U02565,binge_user,2026-01-22 18:42:52,2026-01-22 20:36:52,114,boredom,False
S0003262,U02840,binge_user,2025-02-12 21:07:07,2025-02-12 21:51:07,44,interruption,False
S0003263,U04109,binge_user,2025-05-11 22:27:31,2025-05-12 00:18:31,111,interruption,True
S0003264,U01591,active_engager,2025-10-01 00:34:43,2025-10-01 00:51:43,17,interruption,False
S0003265,U00209,binge_user,2025-02-20 18:34:20,2025-02-20 19:45:20,71,fatigue,False
S0003266,U04250,binge_user,2025-11-17 18:36:29,2025-11-17 19:38:29,62,boredom,False
S0003267,U01188,trend_hopper,2025-09-15 19:31:37,2025-09-15 19:56:37,25,goal_completed,False
S0003268,U03491,active_engager,2026-02-13 20:25:46,2026-02-13 20:49:46,24,interruption,False
S0003269,U03381,binge_user,2025-06-14 13:09:26,2025-06-14 15:06:26,117,interruption,True
S0003270,U03010,passive_scroller,2025-01-17 18:22:02,2025-01-17 18:33:02,11,goal_completed,False
S0003271,U02011,trend_hopper,2025-06-02 22:42:13,2025-06-02 22:47:13,5,interruption,False
S0003272,U04816,passive_scroller,2025-06-05 20:24:54,2025-06-05 20:29:54,5,fatigue,False
S0003273,U03921,trend_hopper,2025-11-25 12:03:02,2025-11-25 12:10:02,7,fatigue,False
S0003274,U01701,passive_scroller,2026-02-04 21:38:44,2026-02-04 21:46:44,8,boredom,False
S0003275,U02943,trend_hopper,2025-05-18 22:46:42,2025-05-18 23:16:42,30,fatigue,True
S0003276,U00475,active_engager,2026-03-04 21:55:38,2026-03-04 22:40:38,45,boredom,False
S0003277,U01324,active_engager,2025-01-22 19:46:47,2025-01-22 20:03:47,17,interruption,False
S0003278,U01699,passive_scroller,2025-05-23 19:54:07,2025-05-23 20:04:07,10,fatigue,False
S0003279,U02298,trend_hopper,2025-06-11 19:00:19,2025-06-11 19:23:19,23,boredom,False
S0003280,U01322,passive_scroller,2025-02-22 22:48:26,2025-02-22 22:52:26,4,fatigue,True
S0003281,U02540,active_engager,2026-02-15 13:08:31,2026-02-15 13:32:31,24,boredom,True
S0003282,U02554,active_engager,2025-06-06 09:46:23,2025-06-06 10:23:23,37,boredom,False
S0003283,U02530,binge_user,2025-08-06 21:10:51,2025-08-06 22:44:51,94,boredom,False
S0003284,U00428,trend_hopper,2025-07-25 22:44:05,2025-07-25 22:49:05,5,interruption,False
S0003285,U04389,active_engager,2025-10-18 01:28:55,2025-10-18 02:19:55,51,goal_completed,True
S0003286,U04920,binge_user,2025-08-30 12:38:47,2025-08-30 13:16:47,38,interruption,True
S0003287,U02710,passive_scroller,2026-04-11 22:39:56,2026-04-11 22:43:56,4,boredom,True
S0003288,U01472,passive_scroller,2025-03-12 01:54:53,2025-03-12 02:03:53,9,interruption,False
S0003289,U04211,binge_user,2025-07-28 09:29:54,2025-07-28 10:28:54,59,fatigue,False
S0003290,U03096,passive_scroller,2025-10-18 22:18:51,2025-10-18 22:33:51,15,boredom,True
S0003291,U03366,binge_user,2026-01-15 12:56:23,2026-01-15 14:44:23,108,goal_completed,False
S0003292,U01474,binge_user,2025-01-18 19:48:56,2025-01-18 21:50:56,122,boredom,True
S0003293,U03728,trend_hopper,2025-02-26 22:41:21,2025-02-26 22:52:21,11,goal_completed,False
S0003294,U00997,active_engager,2025-06-29 23:53:56,2025-06-30 00:29:56,36,interruption,True
S0003295,U03780,active_engager,2025-02-11 20:27:48,2025-02-11 20:44:48,17,fatigue,False
S0003296,U01217,trend_hopper,2026-02-14 00:21:55,2026-02-14 00:36:55,15,fatigue,True
S0003297,U00630,binge_user,2025-05-21 09:27:01,2025-05-21 10:19:01,52,interruption,False
S0003298,U02078,trend_hopper,2025-11-10 19:01:41,2025-11-10 19:06:41,5,fatigue,False
S0003299,U03211,active_engager,2026-04-29 00:05:08,2026-04-29 00:25:08,20,fatigue,False
S0003300,U00577,passive_scroller,2026-03-10 20:55:01,2026-03-10 21:05:01,10,interruption,False
S0003301,U01429,passive_scroller,2026-02-16 22:17:26,2026-02-16 22:29:26,12,boredom,False
S0003302,U01617,trend_hopper,2025-09-29 09:16:51,2025-09-29 09:30:51,14,interruption,False
S0003303,U01913,active_engager,2026-04-14 01:18:36,2026-04-14 01:30:36,12,fatigue,False
S0003304,U01100,active_engager,2025-07-16 12:02:29,2025-07-16 12:34:29,32,boredom,False
S0003305,U03600,trend_hopper,2025-04-14 20:12:11,2025-04-14 20:34:11,22,interruption,False
S0003306,U04224,passive_scroller,2025-09-10 21:35:26,2025-09-10 21:50:26,15,fatigue,False
S0003307,U01930,trend_hopper,2026-03-06 23:26:03,2026-03-06 23:33:03,7,boredom,False
S0003308,U03965,active_engager,2025-10-18 22:06:52,2025-10-18 22:30:52,24,goal_completed,True
S0003309,U04586,binge_user,2026-01-23 13:30:25,2026-01-23 14:24:25,54,interruption,False
S0003310,U02751,active_engager,2026-02-08 21:03:40,2026-02-08 21:49:40,46,goal_completed,True
S0003311,U00529,active_engager,2025-05-05 22:54:44,2025-05-05 23:35:44,41,boredom,False
S0003312,U02984,binge_user,2026-03-20 20:14:12,2026-03-20 21:43:12,89,fatigue,False
S0003313,U03738,passive_scroller,2025-12-15 18:26:08,2025-12-15 18:32:08,6,boredom,False
S0003314,U02474,active_engager,2025-01-07 21:38:00,2025-01-07 21:58:00,20,boredom,False
S0003315,U01571,active_engager,2025-06-04 13:24:31,2025-06-04 14:01:31,37,interruption,False
S0003316,U03246,active_engager,2025-10-28 01:32:53,2025-10-28 01:55:53,23,goal_completed,False
S0003317,U01262,binge_user,2026-03-10 18:57:17,2026-03-10 20:25:17,88,goal_completed,False
S0003318,U00457,trend_hopper,2025-06-25 20:29:16,2025-06-25 20:42:16,13,goal_completed,False
S0003319,U01565,binge_user,2025-12-11 22:59:44,2025-12-12 00:14:44,75,fatigue,False
S0003320,U00657,trend_hopper,2025-01-15 00:15:17,2025-01-15 00:21:17,6,goal_completed,False
S0003321,U04648,binge_user,2025-01-23 23:29:35,2025-01-24 01:19:35,110,goal_completed,False
S0003322,U04864,active_engager,2026-03-18 23:29:43,2026-03-19 00:05:43,36,interruption,False
S0003323,U04110,active_engager,2025-08-01 12:30:48,2025-08-01 13:09:48,39,goal_completed,False
S0003324,U04706,trend_hopper,2025-04-19 21:42:36,2025-04-19 22:10:36,28,boredom,True
S0003325,U01118,trend_hopper,2025-05-03 22:40:02,2025-05-03 22:50:02,10,interruption,True
S0003326,U04704,active_engager,2026-01-12 20:18:07,2026-01-12 20:54:07,36,goal_completed,False
S0003327,U04168,passive_scroller,2025-11-08 19:36:52,2025-11-08 19:39:52,3,boredom,True
S0003328,U03635,trend_hopper,2026-03-05 21:04:21,2026-03-05 21:20:21,16,goal_completed,False
S0003329,U02935,binge_user,2025-04-25 19:39:35,2025-04-25 21:09:35,90,goal_completed,False
S0003330,U03265,binge_user,2025-05-21 20:24:30,2025-05-21 21:02:30,38,goal_completed,False
S0003331,U02808,trend_hopper,2025-02-26 13:15:06,2025-02-26 13:20:06,5,boredom,False
S0003332,U03868,trend_hopper,2025-10-02 09:51:05,2025-10-02 10:14:05,23,boredom,False
S0003333,U04889,active_engager,2025-09-27 12:09:40,2025-09-27 12:55:40,46,goal_completed,True
S0003334,U00850,trend_hopper,2025-01-05 20:25:10,2025-01-05 20:31:10,6,goal_completed,True
S0003335,U04560,active_engager,2025-03-03 22:43:41,2025-03-03 23:24:41,41,boredom,False
S0003336,U04349,binge_user,2025-10-30 00:17:23,2025-10-30 02:16:23,119,fatigue,False
S0003337,U01340,active_engager,2025-07-19 00:01:29,2025-07-19 00:55:29,54,boredom,True
S0003338,U03601,trend_hopper,2025-01-05 23:38:38,2025-01-05 23:50:38,12,goal_completed,True
S0003339,U03071,passive_scroller,2026-01-18 22:24:16,2026-01-18 22:42:16,18,goal_completed,True
S0003340,U03270,passive_scroller,2025-02-24 18:46:59,2025-02-24 18:50:59,4,interruption,False
S0003341,U00077,active_engager,2026-01-14 21:49:40,2026-01-14 22:28:40,39,interruption,False
S0003342,U02065,passive_scroller,2025-04-29 00:01:29,2025-04-29 00:12:29,11,goal_completed,False
S0003343,U02006,trend_hopper,2025-06-26 00:05:45,2025-06-26 00:16:45,11,boredom,False
S0003344,U02681,passive_scroller,2025-01-15 18:43:46,2025-01-15 18:58:46,15,fatigue,False
S0003345,U02841,active_engager,2025-10-25 20:37:22,2025-10-25 20:56:22,19,fatigue,True
S0003346,U02685,binge_user,2025-06-18 23:41:00,2025-06-19 00:35:00,54,boredom,False
S0003347,U01133,binge_user,2025-09-10 20:41:17,2025-09-10 21:47:17,66,boredom,False
S0003348,U02030,active_engager,2025-02-13 12:20:23,2025-02-13 12:42:23,22,boredom,False
S0003349,U01459,binge_user,2025-08-21 20:57:58,2025-08-21 22:30:58,93,boredom,False
S0003350,U03573,active_engager,2025-01-27 23:24:32,2025-01-27 23:49:32,25,boredom,False
S0003351,U04489,trend_hopper,2025-12-10 00:07:34,2025-12-10 00:20:34,13,interruption,False
S0003352,U00883,binge_user,2025-03-28 22:42:06,2025-03-28 23:47:06,65,fatigue,False
S0003353,U02532,trend_hopper,2025-08-09 13:05:32,2025-08-09 13:27:32,22,fatigue,True
S0003354,U02662,passive_scroller,2025-07-06 22:47:51,2025-07-06 23:03:51,16,fatigue,True
S0003355,U04663,trend_hopper,2025-09-06 21:54:28,2025-09-06 22:10:28,16,goal_completed,True
S0003356,U02926,trend_hopper,2025-12-28 22:45:12,2025-12-28 23:12:12,27,interruption,True
S0003357,U03641,active_engager,2025-05-22 13:28:36,2025-05-22 14:12:36,44,goal_completed,False
S0003358,U04617,active_engager,2025-01-05 21:39:48,2025-01-05 21:58:48,19,fatigue,True
S0003359,U00973,passive_scroller,2025-01-30 00:17:08,2025-01-30 00:24:08,7,boredom,False
S0003360,U02240,passive_scroller,2025-09-07 21:00:10,2025-09-07 21:06:10,6,goal_completed,True
S0003361,U04460,binge_user,2025-04-26 19:43:38,2025-04-26 21:33:38,110,fatigue,True
S0003362,U00759,active_engager,2025-02-14 18:02:05,2025-02-14 18:30:05,28,interruption,False
S0003363,U03432,passive_scroller,2025-12-04 20:06:38,2025-12-04 20:15:38,9,boredom,False
S0003364,U03870,active_engager,2026-02-12 21:32:07,2026-02-12 21:53:07,21,fatigue,False
S0003365,U04856,trend_hopper,2025-02-06 18:39:16,2025-02-06 18:48:16,9,fatigue,False
S0003366,U00147,passive_scroller,2025-02-04 01:48:14,2025-02-04 01:53:14,5,fatigue,False
S0003367,U02509,trend_hopper,2025-03-23 21:44:19,2025-03-23 21:52:19,8,goal_completed,True
S0003368,U03495,active_engager,2026-01-22 20:11:43,2026-01-22 20:24:43,13,boredom,False
S0003369,U00993,passive_scroller,2026-02-23 22:11:34,2026-02-23 22:22:34,11,interruption,False
S0003370,U01272,trend_hopper,2025-07-30 13:45:19,2025-07-30 14:06:19,21,interruption,False
S0003371,U01744,binge_user,2025-08-30 21:15:42,2025-08-30 23:25:42,130,fatigue,True
S0003372,U01283,passive_scroller,2025-02-11 13:43:52,2025-02-11 13:53:52,10,interruption,False
S0003373,U00777,active_engager,2025-11-22 20:48:52,2025-11-22 21:31:52,43,boredom,True
S0003374,U01437,active_engager,2025-07-06 08:36:24,2025-07-06 09:18:24,42,interruption,True
S0003375,U02306,passive_scroller,2025-09-05 22:58:20,2025-09-05 23:01:20,3,goal_completed,False
S0003376,U01451,passive_scroller,2025-10-29 12:32:32,2025-10-29 12:40:32,8,fatigue,False
S0003377,U00837,active_engager,2025-09-22 08:10:20,2025-09-22 08:28:20,18,boredom,False
S0003378,U02218,binge_user,2025-08-24 12:51:43,2025-08-24 14:53:43,122,fatigue,True
S0003379,U03300,active_engager,2025-02-17 12:29:53,2025-02-17 12:58:53,29,fatigue,False
S0003380,U01597,active_engager,2026-02-20 13:19:23,2026-02-20 13:50:23,31,boredom,False
S0003381,U04247,trend_hopper,2025-08-15 00:14:14,2025-08-15 00:22:14,8,boredom,False
S0003382,U03707,passive_scroller,2026-03-15 21:13:36,2026-03-15 21:25:36,12,goal_completed,True
S0003383,U01531,binge_user,2025-12-03 20:00:12,2025-12-03 21:33:12,93,goal_completed,False
S0003384,U03281,trend_hopper,2025-03-08 20:49:28,2025-03-08 21:04:28,15,interruption,True
S0003385,U02841,active_engager,2025-07-22 19:03:22,2025-07-22 19:41:22,38,fatigue,False
S0003386,U03576,passive_scroller,2025-01-16 21:33:44,2025-01-16 21:44:44,11,boredom,False
S0003387,U03249,trend_hopper,2025-05-23 21:54:22,2025-05-23 22:05:22,11,boredom,False
S0003388,U02891,binge_user,2026-01-23 19:05:24,2026-01-23 20:12:24,67,interruption,False
S0003389,U03180,active_engager,2025-11-18 21:13:22,2025-11-18 21:33:22,20,fatigue,False
S0003390,U00321,trend_hopper,2026-01-18 18:05:49,2026-01-18 18:19:49,14,goal_completed,True
S0003391,U02451,binge_user,2025-04-16 18:12:56,2025-04-16 19:41:56,89,boredom,False
S0003392,U00318,trend_hopper,2026-03-24 19:10:31,2026-03-24 19:27:31,17,boredom,False
S0003393,U01482,binge_user,2025-04-20 21:39:31,2025-04-20 23:52:31,133,interruption,True
S0003394,U04874,active_engager,2025-07-02 01:07:39,2025-07-02 01:52:39,45,goal_completed,False
S0003395,U01259,trend_hopper,2026-02-18 20:12:36,2026-02-18 20:25:36,13,boredom,False
S0003396,U04234,active_engager,2026-01-03 21:49:43,2026-01-03 22:15:43,26,interruption,True
S0003397,U03383,active_engager,2025-01-08 00:12:30,2025-01-08 00:47:30,35,interruption,False
S0003398,U02100,passive_scroller,2026-01-27 21:11:15,2026-01-27 21:19:15,8,interruption,False
S0003399,U04813,passive_scroller,2025-07-14 19:57:17,2025-07-14 20:10:17,13,fatigue,False
S0003400,U02726,trend_hopper,2025-08-07 18:55:24,2025-08-07 19:14:24,19,boredom,False
S0003401,U03863,passive_scroller,2026-01-14 12:59:53,2026-01-14 13:05:53,6,boredom,False
S0003402,U04453,active_engager,2025-10-25 23:38:07,2025-10-26 00:30:07,52,goal_completed,True
S0003403,U00468,passive_scroller,2025-08-03 19:03:56,2025-08-03 19:13:56,10,fatigue,True
S0003404,U03323,binge_user,2025-06-17 18:29:55,2025-06-17 19:14:55,45,goal_completed,False
S0003405,U00723,active_engager,2026-04-03 19:53:32,2026-04-03 20:08:32,15,fatigue,False
S0003406,U01924,active_engager,2026-03-08 01:02:22,2026-03-08 01:52:22,50,goal_completed,True
S0003407,U01668,trend_hopper,2025-12-22 12:44:08,2025-12-22 13:05:08,21,boredom,False
S0003408,U02203,binge_user,2025-03-23 22:57:56,2025-03-24 00:12:56,75,interruption,True
S0003409,U00366,active_engager,2025-04-10 20:57:56,2025-04-10 21:20:56,23,boredom,False
S0003410,U02658,passive_scroller,2025-12-02 23:54:32,2025-12-03 00:03:32,9,boredom,False
S0003411,U04164,active_engager,2025-08-26 20:02:11,2025-08-26 20:16:11,14,interruption,False
S0003412,U02842,trend_hopper,2025-01-06 22:11:17,2025-01-06 22:22:17,11,interruption,False
S0003413,U00844,passive_scroller,2026-01-17 12:04:40,2026-01-17 12:17:40,13,fatigue,True
S0003414,U00920,binge_user,2026-04-09 01:55:50,2026-04-09 02:25:50,30,fatigue,False
S0003415,U00399,passive_scroller,2025-04-08 12:31:24,2025-04-08 12:44:24,13,interruption,False
S0003416,U03919,passive_scroller,2025-08-10 20:54:08,2025-08-10 21:02:08,8,goal_completed,True
S0003417,U00537,trend_hopper,2025-02-24 21:51:19,2025-02-24 22:12:19,21,fatigue,False
S0003418,U01532,passive_scroller,2025-07-23 18:34:14,2025-07-23 18:39:14,5,boredom,False
S0003419,U03317,binge_user,2025-03-08 18:33:33,2025-03-08 20:06:33,93,fatigue,True
S0003420,U01597,active_engager,2025-12-23 09:07:08,2025-12-23 09:40:08,33,fatigue,False
S0003421,U00049,active_engager,2025-06-09 23:53:32,2025-06-10 00:17:32,24,goal_completed,False
S0003422,U04159,binge_user,2025-12-10 09:54:35,2025-12-10 11:24:35,90,goal_completed,False
S0003423,U04095,trend_hopper,2025-01-16 20:38:39,2025-01-16 20:45:39,7,boredom,False
S0003424,U00153,active_engager,2025-03-30 22:08:35,2025-03-30 22:32:35,24,goal_completed,True
S0003425,U04148,passive_scroller,2026-03-09 20:13:34,2026-03-09 20:20:34,7,fatigue,False
S0003426,U02295,trend_hopper,2026-02-23 13:55:57,2026-02-23 14:06:57,11,goal_completed,False
S0003427,U00636,active_engager,2025-03-08 20:18:11,2025-03-08 20:43:11,25,fatigue,True
S0003428,U01702,trend_hopper,2025-05-11 08:39:28,2025-05-11 08:59:28,20,fatigue,True
S0003429,U04798,trend_hopper,2025-01-25 20:02:05,2025-01-25 20:28:05,26,boredom,True
S0003430,U00133,passive_scroller,2025-06-04 18:46:27,2025-06-04 19:01:27,15,boredom,False
S0003431,U04012,trend_hopper,2025-09-14 12:00:01,2025-09-14 12:06:01,6,interruption,True
S0003432,U00572,trend_hopper,2026-01-03 23:09:25,2026-01-03 23:34:25,25,goal_completed,True
S0003433,U03479,trend_hopper,2025-08-10 13:38:37,2025-08-10 13:58:37,20,goal_completed,True
S0003434,U00557,binge_user,2025-10-17 22:49:28,2025-10-18 00:03:28,74,boredom,False
S0003435,U03194,passive_scroller,2025-06-23 19:36:43,2025-06-23 19:42:43,6,fatigue,False
S0003436,U00349,trend_hopper,2025-12-29 22:43:07,2025-12-29 22:52:07,9,boredom,False
S0003437,U03255,active_engager,2025-04-18 20:22:12,2025-04-18 21:03:12,41,fatigue,False
S0003438,U04300,binge_user,2025-03-21 20:16:54,2025-03-21 21:52:54,96,interruption,False
S0003439,U01735,active_engager,2026-03-12 22:57:04,2026-03-12 23:18:04,21,interruption,False
S0003440,U00429,passive_scroller,2025-05-24 23:07:31,2025-05-24 23:11:31,4,boredom,True
S0003441,U00573,active_engager,2025-07-31 21:58:10,2025-07-31 22:17:10,19,boredom,False
S0003442,U00693,passive_scroller,2025-09-25 23:01:07,2025-09-25 23:12:07,11,fatigue,False
S0003443,U02355,passive_scroller,2025-09-15 23:00:19,2025-09-15 23:12:19,12,interruption,False
S0003444,U03538,passive_scroller,2025-08-07 19:16:41,2025-08-07 19:24:41,8,fatigue,False
S0003445,U04483,trend_hopper,2025-07-26 18:17:46,2025-07-26 18:43:46,26,boredom,True
S0003446,U02641,trend_hopper,2025-08-04 18:59:08,2025-08-04 19:16:08,17,goal_completed,False
S0003447,U03256,binge_user,2026-01-05 22:23:39,2026-01-05 23:37:39,74,interruption,False
S0003448,U01901,active_engager,2026-04-30 01:32:29,2026-04-30 01:43:29,11,boredom,False
S0003449,U01774,trend_hopper,2025-06-30 12:07:39,2025-06-30 12:12:39,5,interruption,False
S0003450,U00485,active_engager,2025-03-06 09:08:21,2025-03-06 09:36:21,28,goal_completed,False
S0003451,U03937,passive_scroller,2025-09-27 19:30:39,2025-09-27 19:33:39,3,boredom,True
S0003452,U01007,active_engager,2025-06-23 22:02:32,2025-06-23 22:26:32,24,goal_completed,False
S0003453,U00534,binge_user,2025-05-05 20:31:05,2025-05-05 21:12:05,41,boredom,False
S0003454,U00062,trend_hopper,2025-05-28 22:52:17,2025-05-28 22:58:17,6,boredom,False
S0003455,U00011,trend_hopper,2025-06-19 23:38:14,2025-06-19 23:53:14,15,interruption,False
S0003456,U01770,trend_hopper,2025-11-18 21:44:32,2025-11-18 21:54:32,10,interruption,False
S0003457,U00467,passive_scroller,2025-01-21 12:52:05,2025-01-21 12:54:05,2,fatigue,False
S0003458,U02425,active_engager,2025-03-19 22:21:34,2025-03-19 22:51:34,30,interruption,False
S0003459,U02140,active_engager,2025-02-13 08:43:22,2025-02-13 09:10:22,27,interruption,False
S0003460,U00136,passive_scroller,2025-02-08 01:45:42,2025-02-08 02:03:42,18,interruption,True
S0003461,U03124,binge_user,2025-11-26 13:57:04,2025-11-26 15:29:04,92,boredom,False
S0003462,U00719,active_engager,2025-01-27 00:24:35,2025-01-27 00:46:35,22,interruption,False
S0003463,U02668,trend_hopper,2026-02-07 22:34:39,2026-02-07 22:41:39,7,boredom,True
S0003464,U02759,trend_hopper,2025-03-18 18:41:26,2025-03-18 18:52:26,11,interruption,False
S0003465,U04945,passive_scroller,2025-05-02 21:16:12,2025-05-02 21:19:12,3,goal_completed,False
S0003466,U03824,binge_user,2025-10-27 20:05:47,2025-10-27 21:43:47,98,interruption,False
S0003467,U02096,trend_hopper,2025-03-14 22:38:51,2025-03-14 22:47:51,9,interruption,False
S0003468,U04948,binge_user,2025-02-28 18:44:05,2025-02-28 20:21:05,97,fatigue,False
S0003469,U03765,active_engager,2025-12-08 00:18:48,2025-12-08 00:47:48,29,boredom,False
S0003470,U01033,binge_user,2025-12-26 21:47:18,2025-12-26 22:17:18,30,fatigue,False
S0003471,U02824,active_engager,2025-10-10 19:53:06,2025-10-10 20:21:06,28,interruption,False
S0003472,U00197,passive_scroller,2025-11-08 19:12:44,2025-11-08 19:28:44,16,boredom,True
S0003473,U03101,active_engager,2025-04-05 21:22:46,2025-04-05 22:12:46,50,interruption,True
S0003474,U03587,trend_hopper,2025-02-07 23:07:07,2025-02-07 23:29:07,22,goal_completed,False
S0003475,U01801,active_engager,2025-10-12 20:55:21,2025-10-12 21:22:21,27,fatigue,True
S0003476,U03511,passive_scroller,2025-06-21 18:52:57,2025-06-21 19:10:57,18,boredom,True
S0003477,U00222,binge_user,2025-07-19 19:01:21,2025-07-19 20:40:21,99,fatigue,True
S0003478,U01129,active_engager,2025-11-13 00:54:41,2025-11-13 01:25:41,31,boredom,False
S0003479,U02229,passive_scroller,2025-11-06 20:15:11,2025-11-06 20:26:11,11,fatigue,False
S0003480,U00761,trend_hopper,2025-09-30 22:52:24,2025-09-30 23:04:24,12,goal_completed,False
S0003481,U04605,passive_scroller,2026-03-15 21:50:46,2026-03-15 22:05:46,15,interruption,True
S0003482,U03717,trend_hopper,2025-04-16 22:07:22,2025-04-16 22:14:22,7,goal_completed,False
S0003483,U01826,trend_hopper,2025-06-23 01:48:57,2025-06-23 02:09:57,21,interruption,False
S0003484,U00909,passive_scroller,2026-04-26 22:02:29,2026-04-26 22:15:29,13,fatigue,True
S0003485,U01419,trend_hopper,2026-03-15 20:02:13,2026-03-15 20:20:13,18,fatigue,True
S0003486,U04883,trend_hopper,2025-04-25 22:02:19,2025-04-25 22:26:19,24,boredom,False
S0003487,U02428,binge_user,2025-10-16 19:44:43,2025-10-16 21:43:43,119,fatigue,False
S0003488,U02167,passive_scroller,2025-10-19 23:09:22,2025-10-19 23:25:22,16,goal_completed,True
S0003489,U03472,trend_hopper,2025-11-05 18:24:16,2025-11-05 18:31:16,7,boredom,False
S0003490,U03088,trend_hopper,2026-01-20 23:54:11,2026-01-20 23:59:11,5,fatigue,False
S0003491,U01371,passive_scroller,2026-02-15 21:14:56,2026-02-15 21:26:56,12,fatigue,True
S0003492,U02982,passive_scroller,2025-08-22 20:04:07,2025-08-22 20:08:07,4,goal_completed,False
S0003493,U00866,binge_user,2026-01-19 09:36:46,2026-01-19 10:35:46,59,goal_completed,False
S0003494,U02144,binge_user,2026-03-03 01:31:44,2026-03-03 02:36:44,65,goal_completed,False
S0003495,U04167,passive_scroller,2025-08-16 12:27:09,2025-08-16 12:29:09,2,fatigue,True
S0003496,U00066,passive_scroller,2025-11-08 19:20:55,2025-11-08 19:35:55,15,goal_completed,True
S0003497,U02949,trend_hopper,2026-01-10 21:00:28,2026-01-10 21:06:28,6,interruption,True
S0003498,U04440,trend_hopper,2026-03-26 21:03:34,2026-03-26 21:22:34,19,boredom,False
S0003499,U00128,active_engager,2025-11-20 20:35:34,2025-11-20 21:14:34,39,fatigue,False
S0003500,U00075,active_engager,2025-04-06 21:02:13,2025-04-06 21:50:13,48,interruption,True
S0003501,U03566,binge_user,2025-03-18 19:19:14,2025-03-18 20:23:14,64,boredom,False
S0003502,U02101,active_engager,2025-11-07 18:59:49,2025-11-07 19:18:49,19,fatigue,False
S0003503,U02768,passive_scroller,2025-05-06 13:04:03,2025-05-06 13:11:03,7,interruption,False
S0003504,U03370,passive_scroller,2025-03-24 01:41:06,2025-03-24 01:46:06,5,goal_completed,False
S0003505,U03954,binge_user,2025-09-08 00:33:39,2025-09-08 02:30:39,117,boredom,False
S0003506,U01974,binge_user,2026-03-30 21:57:15,2026-03-30 23:56:15,119,goal_completed,False
S0003507,U01338,passive_scroller,2025-03-12 21:38:31,2025-03-12 21:50:31,12,boredom,False
S0003508,U04364,passive_scroller,2025-11-23 18:02:49,2025-11-23 18:17:49,15,interruption,True
S0003509,U04404,trend_hopper,2025-03-21 19:07:26,2025-03-21 19:28:26,21,interruption,False
S0003510,U00110,trend_hopper,2025-07-17 21:26:51,2025-07-17 21:49:51,23,fatigue,False
S0003511,U01862,binge_user,2025-05-18 23:28:22,2025-05-19 00:29:22,61,interruption,True
S0003512,U02877,trend_hopper,2026-03-25 01:30:10,2026-03-25 01:42:10,12,interruption,False
S0003513,U01968,active_engager,2025-05-25 01:46:13,2025-05-25 02:16:13,30,fatigue,True
S0003514,U02364,binge_user,2025-05-04 20:37:24,2025-05-04 21:16:24,39,fatigue,True
S0003515,U02352,trend_hopper,2025-03-11 00:16:57,2025-03-11 00:40:57,24,goal_completed,False
S0003516,U01005,binge_user,2025-10-16 23:18:33,2025-10-17 01:03:33,105,boredom,False
S0003517,U04674,trend_hopper,2025-01-07 18:24:19,2025-01-07 18:48:19,24,boredom,False
S0003518,U01287,binge_user,2025-01-07 13:14:52,2025-01-07 14:07:52,53,boredom,False
S0003519,U03872,binge_user,2025-11-24 20:45:19,2025-11-24 22:29:19,104,fatigue,False
S0003520,U03740,binge_user,2025-08-06 00:51:52,2025-08-06 02:22:52,91,goal_completed,False
S0003521,U00413,passive_scroller,2025-08-12 22:30:19,2025-08-12 22:44:19,14,boredom,False
S0003522,U03876,trend_hopper,2026-02-18 00:29:31,2026-02-18 00:52:31,23,goal_completed,False
S0003523,U02257,passive_scroller,2026-02-04 19:53:29,2026-02-04 19:59:29,6,fatigue,False
S0003524,U00881,trend_hopper,2025-11-10 21:31:23,2025-11-10 21:48:23,17,interruption,False
S0003525,U00163,passive_scroller,2025-06-05 12:03:00,2025-06-05 12:07:00,4,boredom,False
S0003526,U01681,trend_hopper,2025-07-25 19:43:36,2025-07-25 20:02:36,19,interruption,False
S0003527,U02052,binge_user,2025-09-19 23:17:30,2025-09-20 00:51:30,94,goal_completed,False
S0003528,U03140,trend_hopper,2025-09-14 09:43:04,2025-09-14 10:13:04,30,fatigue,True
S0003529,U04390,trend_hopper,2025-12-06 22:25:54,2025-12-06 22:52:54,27,goal_completed,True
S0003530,U00352,trend_hopper,2026-03-04 21:52:22,2026-03-04 22:04:22,12,interruption,False
S0003531,U02783,binge_user,2025-09-23 18:02:53,2025-09-23 18:55:53,53,boredom,False
S0003532,U03666,binge_user,2025-11-10 22:07:20,2025-11-10 23:17:20,70,boredom,False
S0003533,U01748,trend_hopper,2025-08-01 18:08:03,2025-08-01 18:18:03,10,interruption,False
S0003534,U00409,binge_user,2025-09-04 19:05:15,2025-09-04 20:09:15,64,boredom,False
S0003535,U04538,passive_scroller,2025-08-28 23:30:35,2025-08-28 23:37:35,7,fatigue,False
S0003536,U02160,passive_scroller,2025-07-29 23:00:08,2025-07-29 23:09:08,9,boredom,False
S0003537,U00893,trend_hopper,2025-12-29 20:08:05,2025-12-29 20:26:05,18,interruption,False
S0003538,U03539,passive_scroller,2025-07-10 22:15:28,2025-07-10 22:24:28,9,interruption,False
S0003539,U01480,active_engager,2025-08-04 19:55:53,2025-08-04 20:15:53,20,goal_completed,False
S0003540,U00453,trend_hopper,2025-11-15 01:01:06,2025-11-15 01:08:06,7,interruption,True
S0003541,U04631,binge_user,2026-02-05 22:49:11,2026-02-06 00:20:11,91,goal_completed,False
S0003542,U03761,active_engager,2026-03-31 21:34:00,2026-03-31 22:01:00,27,fatigue,False
S0003543,U00588,binge_user,2026-01-29 22:59:07,2026-01-29 23:42:07,43,interruption,False
S0003544,U02249,trend_hopper,2025-06-13 19:26:57,2025-06-13 19:46:57,20,goal_completed,False
S0003545,U02026,binge_user,2025-07-02 00:50:49,2025-07-02 02:20:49,90,goal_completed,False
S0003546,U03763,trend_hopper,2025-06-23 21:52:15,2025-06-23 22:12:15,20,boredom,False
S0003547,U00760,binge_user,2025-03-09 23:11:10,2025-03-10 01:08:10,117,fatigue,True
S0003548,U01760,trend_hopper,2025-10-05 21:22:53,2025-10-05 21:49:53,27,fatigue,True
S0003549,U02676,trend_hopper,2025-10-14 20:46:17,2025-10-14 21:08:17,22,interruption,False
S0003550,U01459,binge_user,2025-10-09 20:10:18,2025-10-09 20:46:18,36,interruption,False
S0003551,U01731,binge_user,2025-05-30 22:24:21,2025-05-31 00:03:21,99,goal_completed,False
S0003552,U01208,active_engager,2026-02-15 22:40:02,2026-02-15 23:10:02,30,goal_completed,True
S0003553,U02350,passive_scroller,2025-10-08 19:31:31,2025-10-08 19:35:31,4,goal_completed,False
S0003554,U04811,trend_hopper,2025-08-08 00:40:39,2025-08-08 00:49:39,9,boredom,False
S0003555,U03209,passive_scroller,2026-01-06 18:47:59,2026-01-06 18:56:59,9,goal_completed,False
S0003556,U00451,passive_scroller,2025-03-10 00:30:31,2025-03-10 00:41:31,11,goal_completed,False
S0003557,U00986,trend_hopper,2026-02-28 01:49:31,2026-02-28 02:14:31,25,boredom,True
S0003558,U03378,active_engager,2025-07-07 23:15:59,2025-07-07 23:39:59,24,goal_completed,False
S0003559,U04594,active_engager,2025-09-21 19:58:08,2025-09-21 20:35:08,37,boredom,True
S0003560,U00226,trend_hopper,2026-03-02 22:58:49,2026-03-02 23:09:49,11,goal_completed,False
S0003561,U02117,trend_hopper,2025-04-27 21:02:37,2025-04-27 21:18:37,16,boredom,True
S0003562,U00892,passive_scroller,2026-03-10 23:56:33,2026-03-11 00:04:33,8,interruption,False
S0003563,U02129,trend_hopper,2025-06-11 21:35:19,2025-06-11 21:44:19,9,boredom,False
S0003564,U02365,active_engager,2025-07-10 13:33:12,2025-07-10 13:55:12,22,fatigue,False
S0003565,U03291,trend_hopper,2025-05-19 22:33:01,2025-05-19 22:45:01,12,fatigue,False
S0003566,U01810,passive_scroller,2025-03-31 21:07:23,2025-03-31 21:21:23,14,interruption,False
S0003567,U02727,active_engager,2025-05-25 18:35:25,2025-05-25 18:55:25,20,interruption,True
S0003568,U00609,active_engager,2025-05-07 19:10:01,2025-05-07 19:36:01,26,goal_completed,False
S0003569,U02918,active_engager,2026-01-17 22:04:48,2026-01-17 22:49:48,45,boredom,True
S0003570,U00613,binge_user,2025-11-18 18:08:34,2025-11-18 20:05:34,117,fatigue,False
S0003571,U02714,binge_user,2025-06-24 00:33:50,2025-06-24 01:10:50,37,interruption,False
S0003572,U00510,binge_user,2025-07-30 21:47:18,2025-07-30 22:41:18,54,goal_completed,False
S0003573,U03713,trend_hopper,2025-02-06 21:46:11,2025-02-06 22:05:11,19,boredom,False
S0003574,U04074,binge_user,2025-04-19 22:07:29,2025-04-20 00:09:29,122,interruption,True
S0003575,U04833,trend_hopper,2025-12-07 21:24:08,2025-12-07 21:43:08,19,interruption,True
S0003576,U04376,passive_scroller,2025-12-30 20:49:57,2025-12-30 20:55:57,6,boredom,False
S0003577,U00368,binge_user,2025-03-31 22:12:52,2025-03-31 23:17:52,65,fatigue,False
S0003578,U00486,binge_user,2025-12-26 13:40:46,2025-12-26 15:28:46,108,goal_completed,False
S0003579,U04617,active_engager,2025-08-16 01:21:25,2025-08-16 01:46:25,25,interruption,True
S0003580,U00785,passive_scroller,2026-02-12 18:00:34,2026-02-12 18:04:34,4,fatigue,False
S0003581,U02368,passive_scroller,2026-04-02 01:50:41,2026-04-02 01:52:41,2,interruption,False
S0003582,U04189,trend_hopper,2025-12-13 21:29:18,2025-12-13 21:55:18,26,boredom,True
S0003583,U03925,active_engager,2026-04-01 23:05:47,2026-04-01 23:23:47,18,goal_completed,False
S0003584,U03584,passive_scroller,2025-06-05 22:08:02,2025-06-05 22:22:02,14,interruption,False
S0003585,U02049,trend_hopper,2025-10-14 21:03:48,2025-10-14 21:22:48,19,goal_completed,False
S0003586,U01139,trend_hopper,2025-09-08 08:39:02,2025-09-08 08:54:02,15,interruption,False
S0003587,U00651,trend_hopper,2025-07-07 18:26:40,2025-07-07 18:35:40,9,goal_completed,False
S0003588,U03187,passive_scroller,2025-05-04 00:52:14,2025-05-04 00:55:14,3,boredom,True
S0003589,U02787,trend_hopper,2026-02-26 22:30:54,2026-02-26 22:50:54,20,boredom,False
S0003590,U01468,passive_scroller,2025-08-22 12:35:40,2025-08-22 12:43:40,8,goal_completed,False
S0003591,U02178,trend_hopper,2025-08-06 20:53:08,2025-08-06 21:15:08,22,interruption,False
S0003592,U01039,trend_hopper,2025-10-27 12:46:44,2025-10-27 12:51:44,5,fatigue,False
S0003593,U01057,trend_hopper,2025-02-12 20:02:48,2025-02-12 20:11:48,9,interruption,False
S0003594,U04858,binge_user,2026-01-04 20:52:09,2026-01-04 22:05:09,73,boredom,True
S0003595,U00315,trend_hopper,2025-04-13 23:20:41,2025-04-13 23:33:41,13,boredom,True
S0003596,U01132,active_engager,2025-10-25 21:22:11,2025-10-25 21:56:11,34,interruption,True
S0003597,U00176,passive_scroller,2025-05-13 18:04:44,2025-05-13 18:11:44,7,goal_completed,False
S0003598,U02914,trend_hopper,2026-04-25 13:13:08,2026-04-25 13:29:08,16,interruption,True
S0003599,U04661,trend_hopper,2026-01-11 12:13:31,2026-01-11 12:33:31,20,interruption,True
S0003600,U02298,trend_hopper,2026-01-29 20:24:12,2026-01-29 20:44:12,20,goal_completed,False
S0003601,U01784,active_engager,2025-12-15 23:12:56,2025-12-15 23:55:56,43,boredom,False
S0003602,U02224,active_engager,2026-01-04 01:16:17,2026-01-04 01:41:17,25,boredom,True
S0003603,U01046,binge_user,2025-08-07 12:49:11,2025-08-07 13:24:11,35,goal_completed,False
S0003604,U02148,passive_scroller,2025-10-12 22:04:46,2025-10-12 22:17:46,13,boredom,True
S0003605,U04026,passive_scroller,2025-04-20 21:38:37,2025-04-20 21:53:37,15,fatigue,True
S0003606,U02979,active_engager,2026-04-04 18:21:11,2026-04-04 18:47:11,26,fatigue,True
S0003607,U04250,binge_user,2025-02-18 18:30:02,2025-02-18 20:12:02,102,fatigue,False
S0003608,U01758,active_engager,2025-08-13 21:51:41,2025-08-13 22:27:41,36,goal_completed,False
S0003609,U04900,active_engager,2026-03-06 21:29:25,2026-03-06 21:48:25,19,boredom,False
S0003610,U03213,passive_scroller,2026-03-22 22:19:41,2026-03-22 22:26:41,7,fatigue,True
S0003611,U01390,passive_scroller,2025-03-27 19:54:00,2025-03-27 20:09:00,15,goal_completed,False
S0003612,U03208,binge_user,2025-11-25 21:42:05,2025-11-25 22:21:05,39,boredom,False
S0003613,U01401,passive_scroller,2025-12-07 20:55:31,2025-12-07 21:10:31,15,goal_completed,True
S0003614,U02005,binge_user,2025-07-22 09:31:09,2025-07-22 10:26:09,55,interruption,False
S0003615,U02401,binge_user,2026-01-31 18:53:11,2026-01-31 19:48:11,55,boredom,True
S0003616,U02457,passive_scroller,2025-04-03 20:57:25,2025-04-03 21:02:25,5,fatigue,False
S0003617,U04029,trend_hopper,2026-01-04 22:57:16,2026-01-04 23:04:16,7,fatigue,True
S0003618,U01549,binge_user,2025-11-12 23:31:07,2025-11-13 00:16:07,45,goal_completed,False
S0003619,U03217,active_engager,2025-12-24 23:50:26,2025-12-25 00:28:26,38,goal_completed,False
S0003620,U03812,active_engager,2025-03-19 20:06:18,2025-03-19 20:19:18,13,goal_completed,False
S0003621,U00090,active_engager,2025-05-09 01:57:47,2025-05-09 02:17:47,20,interruption,False
S0003622,U01897,trend_hopper,2025-12-21 19:46:54,2025-12-21 19:53:54,7,fatigue,True
S0003623,U04026,passive_scroller,2025-07-11 22:52:04,2025-07-11 22:58:04,6,boredom,False
S0003624,U02731,passive_scroller,2025-05-15 21:30:07,2025-05-15 21:35:07,5,fatigue,False
S0003625,U03792,active_engager,2025-11-09 20:33:53,2025-11-09 21:09:53,36,interruption,True
S0003626,U04352,passive_scroller,2026-03-10 23:50:05,2026-03-11 00:01:05,11,interruption,False
S0003627,U01101,active_engager,2025-07-21 23:19:52,2025-07-21 23:49:52,30,goal_completed,False
S0003628,U03539,passive_scroller,2025-04-03 21:22:56,2025-04-03 21:31:56,9,goal_completed,False
S0003629,U04806,binge_user,2025-09-29 08:35:02,2025-09-29 09:11:02,36,interruption,False
S0003630,U04017,trend_hopper,2026-01-28 21:34:15,2026-01-28 21:45:15,11,boredom,False
S0003631,U00908,trend_hopper,2026-03-05 23:29:14,2026-03-05 23:38:14,9,boredom,False
S0003632,U01797,active_engager,2025-05-01 20:58:26,2025-05-01 21:12:26,14,goal_completed,False
S0003633,U03931,trend_hopper,2025-02-13 13:04:00,2025-02-13 13:29:00,25,boredom,False
S0003634,U04562,active_engager,2025-09-11 21:16:43,2025-09-11 21:46:43,30,boredom,False
S0003635,U04419,binge_user,2026-02-18 23:11:35,2026-02-19 00:47:35,96,fatigue,False
S0003636,U03570,active_engager,2026-04-08 12:18:05,2026-04-08 12:56:05,38,interruption,False
S0003637,U04829,trend_hopper,2025-08-28 12:12:17,2025-08-28 12:19:17,7,interruption,False
S0003638,U04423,passive_scroller,2026-02-24 20:51:14,2026-02-24 21:00:14,9,boredom,False
S0003639,U01218,trend_hopper,2025-11-19 22:38:52,2025-11-19 22:50:52,12,interruption,False
S0003640,U03434,trend_hopper,2025-09-27 00:18:24,2025-09-27 00:34:24,16,interruption,True
S0003641,U01604,active_engager,2025-12-11 09:14:25,2025-12-11 09:35:25,21,interruption,False
S0003642,U04179,trend_hopper,2025-08-08 01:41:32,2025-08-08 02:04:32,23,fatigue,False
S0003643,U04582,active_engager,2025-06-18 19:56:23,2025-06-18 20:23:23,27,interruption,False
S0003644,U04121,passive_scroller,2025-11-09 23:34:38,2025-11-09 23:46:38,12,goal_completed,True
S0003645,U01829,active_engager,2025-01-10 00:20:02,2025-01-10 01:05:02,45,interruption,False
S0003646,U02913,passive_scroller,2025-02-15 22:05:43,2025-02-15 22:13:43,8,interruption,True
S0003647,U02739,trend_hopper,2026-03-08 20:36:07,2026-03-08 20:52:07,16,interruption,True
S0003648,U03707,passive_scroller,2026-01-11 19:19:37,2026-01-11 19:35:37,16,interruption,True
S0003649,U04215,passive_scroller,2025-08-31 22:47:04,2025-08-31 22:59:04,12,fatigue,True
S0003650,U00803,active_engager,2025-03-04 18:47:59,2025-03-04 19:02:59,15,boredom,False
S0003651,U01647,trend_hopper,2025-01-12 21:11:07,2025-01-12 21:21:07,10,goal_completed,True
S0003652,U00813,binge_user,2025-05-17 13:53:21,2025-05-17 15:03:21,70,boredom,True
S0003653,U02797,passive_scroller,2025-07-18 20:44:12,2025-07-18 20:48:12,4,fatigue,False
S0003654,U01097,active_engager,2025-09-17 09:03:09,2025-09-17 09:31:09,28,boredom,False
S0003655,U04872,trend_hopper,2025-03-07 13:23:12,2025-03-07 13:31:12,8,goal_completed,False
S0003656,U03539,passive_scroller,2025-10-02 21:05:42,2025-10-02 21:16:42,11,goal_completed,False
S0003657,U01304,passive_scroller,2025-06-16 23:08:04,2025-06-16 23:11:04,3,boredom,False
S0003658,U02845,passive_scroller,2025-09-30 19:41:21,2025-09-30 19:47:21,6,fatigue,False
S0003659,U02454,passive_scroller,2025-08-14 18:28:25,2025-08-14 18:32:25,4,interruption,False
S0003660,U03376,binge_user,2025-03-24 23:08:34,2025-03-25 00:39:34,91,fatigue,False
S0003661,U03457,binge_user,2025-06-04 23:08:46,2025-06-05 00:00:46,52,interruption,False
S0003662,U02810,binge_user,2025-07-13 09:52:01,2025-07-13 11:48:01,116,goal_completed,True
S0003663,U00940,active_engager,2025-03-01 21:59:07,2025-03-01 22:25:07,26,interruption,True
S0003664,U04413,passive_scroller,2025-08-09 18:40:59,2025-08-09 18:47:59,7,boredom,True
S0003665,U04558,trend_hopper,2025-09-05 22:33:55,2025-09-05 22:43:55,10,goal_completed,False
S0003666,U04916,passive_scroller,2025-07-13 09:31:22,2025-07-13 09:41:22,10,fatigue,True
S0003667,U00185,binge_user,2025-05-05 20:22:50,2025-05-05 22:03:50,101,fatigue,False
S0003668,U04335,trend_hopper,2026-03-26 00:12:37,2026-03-26 00:37:37,25,fatigue,False
S0003669,U00941,passive_scroller,2025-03-04 01:08:57,2025-03-04 01:19:57,11,interruption,False
S0003670,U03420,active_engager,2025-08-15 00:42:15,2025-08-15 01:07:15,25,interruption,False
S0003671,U02194,trend_hopper,2025-04-10 22:23:36,2025-04-10 22:32:36,9,interruption,False
S0003672,U03301,binge_user,2025-08-26 01:50:45,2025-08-26 03:45:45,115,goal_completed,False
S0003673,U01398,binge_user,2025-11-29 22:53:59,2025-11-30 00:38:59,105,boredom,True
S0003674,U03408,passive_scroller,2025-04-23 12:27:11,2025-04-23 12:31:11,4,boredom,False
S0003675,U04711,binge_user,2026-01-31 21:11:46,2026-01-31 23:23:46,132,goal_completed,True
S0003676,U01294,passive_scroller,2025-04-28 21:43:37,2025-04-28 21:57:37,14,fatigue,False
S0003677,U03864,active_engager,2025-01-03 21:09:33,2025-01-03 21:33:33,24,boredom,False
S0003678,U02469,passive_scroller,2025-11-05 00:28:09,2025-11-05 00:43:09,15,fatigue,False
S0003679,U00138,trend_hopper,2025-01-20 01:01:24,2025-01-20 01:14:24,13,fatigue,False
S0003680,U02655,passive_scroller,2026-01-16 23:39:42,2026-01-16 23:52:42,13,boredom,False
S0003681,U04555,passive_scroller,2026-02-08 21:21:01,2026-02-08 21:36:01,15,interruption,True
S0003682,U02069,passive_scroller,2025-11-23 23:03:36,2025-11-23 23:15:36,12,boredom,True
S0003683,U03211,active_engager,2025-12-09 22:54:43,2025-12-09 23:39:43,45,fatigue,False
S0003684,U01489,active_engager,2026-02-18 20:18:27,2026-02-18 20:53:27,35,fatigue,False
S0003685,U02680,trend_hopper,2025-11-02 22:20:51,2025-11-02 22:36:51,16,fatigue,True
S0003686,U01894,active_engager,2025-05-29 22:38:11,2025-05-29 23:16:11,38,fatigue,False
S0003687,U01437,active_engager,2025-07-04 08:08:41,2025-07-04 08:29:41,21,fatigue,False
S0003688,U02665,passive_scroller,2026-02-13 13:39:33,2026-02-13 13:52:33,13,boredom,False
S0003689,U03728,trend_hopper,2025-04-08 00:31:45,2025-04-08 00:47:45,16,goal_completed,False
S0003690,U02767,trend_hopper,2026-01-21 22:31:05,2026-01-21 22:36:05,5,goal_completed,False
S0003691,U03614,binge_user,2025-11-18 19:49:04,2025-11-18 20:32:04,43,interruption,False
S0003692,U00237,passive_scroller,2026-01-07 23:06:06,2026-01-07 23:20:06,14,fatigue,False
S0003693,U03527,active_engager,2026-03-05 21:08:45,2026-03-05 21:26:45,18,interruption,False
S0003694,U00625,trend_hopper,2025-01-04 18:01:50,2025-01-04 18:14:50,13,boredom,True
S0003695,U04431,binge_user,2025-07-19 21:38:01,2025-07-19 22:54:01,76,boredom,True
S0003696,U03739,binge_user,2025-07-27 00:15:07,2025-07-27 01:18:07,63,fatigue,True
S0003697,U04259,active_engager,2025-07-12 21:46:16,2025-07-12 22:11:16,25,fatigue,True
S0003698,U01811,active_engager,2026-04-21 19:53:30,2026-04-21 20:33:30,40,fatigue,False
S0003699,U01510,active_engager,2025-12-09 01:33:57,2025-12-09 02:02:57,29,boredom,False
S0003700,U03053,trend_hopper,2025-04-30 22:28:33,2025-04-30 22:45:33,17,interruption,False
S0003701,U01235,active_engager,2026-03-16 19:35:44,2026-03-16 19:45:44,10,boredom,False
S0003702,U02384,passive_scroller,2026-01-05 19:38:48,2026-01-05 19:46:48,8,goal_completed,False
S0003703,U03652,trend_hopper,2025-01-10 00:53:09,2025-01-10 01:11:09,18,interruption,False
S0003704,U01719,passive_scroller,2025-04-19 19:26:05,2025-04-19 19:44:05,18,fatigue,True
S0003705,U01635,trend_hopper,2025-09-04 20:53:17,2025-09-04 21:09:17,16,goal_completed,False
S0003706,U01198,passive_scroller,2025-02-08 23:52:32,2025-02-09 00:08:32,16,goal_completed,True
S0003707,U04561,passive_scroller,2026-01-21 19:18:15,2026-01-21 19:31:15,13,interruption,False
S0003708,U00540,active_engager,2025-08-28 08:18:53,2025-08-28 08:55:53,37,boredom,False
S0003709,U03063,trend_hopper,2025-08-08 13:26:24,2025-08-08 13:44:24,18,interruption,False
S0003710,U01470,binge_user,2026-02-15 01:39:41,2026-02-15 02:15:41,36,boredom,True
S0003711,U02532,trend_hopper,2025-12-19 19:52:53,2025-12-19 19:57:53,5,boredom,False
S0003712,U01081,binge_user,2025-12-14 22:34:55,2025-12-14 23:24:55,50,interruption,True
S0003713,U00123,passive_scroller,2025-10-23 23:08:12,2025-10-23 23:17:12,9,fatigue,False
S0003714,U02818,binge_user,2025-02-14 19:32:31,2025-02-14 20:08:31,36,interruption,False
S0003715,U04477,trend_hopper,2025-03-18 20:32:40,2025-03-18 20:44:40,12,goal_completed,False
S0003716,U02437,active_engager,2025-01-13 23:46:18,2025-01-14 00:25:18,39,fatigue,False
S0003717,U02576,active_engager,2025-11-01 18:16:52,2025-11-01 18:42:52,26,fatigue,True
S0003718,U03306,binge_user,2025-06-22 22:26:01,2025-06-23 00:47:01,141,interruption,True
S0003719,U00132,passive_scroller,2026-01-04 22:26:51,2026-01-04 22:39:51,13,boredom,True
S0003720,U01546,passive_scroller,2025-05-17 19:28:14,2025-05-17 19:44:14,16,interruption,True
S0003721,U00884,trend_hopper,2025-04-30 19:36:27,2025-04-30 19:58:27,22,goal_completed,False
S0003722,U02058,binge_user,2025-01-19 21:58:46,2025-01-19 23:32:46,94,boredom,True
S0003723,U01354,binge_user,2025-06-29 13:35:58,2025-06-29 15:53:58,138,goal_completed,True
S0003724,U02202,passive_scroller,2025-10-08 23:32:36,2025-10-08 23:41:36,9,boredom,False
S0003725,U03777,active_engager,2025-10-18 22:38:35,2025-10-18 22:59:35,21,interruption,True
S0003726,U03884,passive_scroller,2025-10-21 21:18:37,2025-10-21 21:21:37,3,goal_completed,False
S0003727,U03234,active_engager,2025-07-15 09:21:19,2025-07-15 09:35:19,14,interruption,False
S0003728,U02836,binge_user,2025-06-08 23:58:51,2025-06-09 01:25:51,87,interruption,True
S0003729,U00407,binge_user,2025-08-09 12:07:50,2025-08-09 13:55:50,108,fatigue,True
S0003730,U02932,binge_user,2025-02-16 21:43:49,2025-02-16 23:19:49,96,fatigue,True
S0003731,U04645,passive_scroller,2026-03-04 09:58:55,2026-03-04 10:06:55,8,fatigue,False
S0003732,U01885,binge_user,2025-10-24 22:09:28,2025-10-24 22:56:28,47,fatigue,False
S0003733,U03556,passive_scroller,2025-03-13 19:06:55,2025-03-13 19:08:55,2,fatigue,False
S0003734,U00539,trend_hopper,2026-04-30 23:31:06,2026-04-30 23:50:06,19,boredom,False
S0003735,U01533,passive_scroller,2025-09-03 18:10:03,2025-09-03 18:13:03,3,boredom,False
S0003736,U04567,passive_scroller,2026-01-20 22:49:55,2026-01-20 23:02:55,13,boredom,False
S0003737,U04771,binge_user,2025-03-26 18:05:54,2025-03-26 19:40:54,95,interruption,False
S0003738,U03730,passive_scroller,2025-10-20 22:49:03,2025-10-20 22:58:03,9,fatigue,False
S0003739,U01481,binge_user,2025-11-19 00:09:59,2025-11-19 00:51:59,42,boredom,False
S0003740,U04516,binge_user,2026-04-01 21:41:11,2026-04-01 23:26:11,105,goal_completed,False
S0003741,U03004,binge_user,2025-01-30 12:45:50,2025-01-30 14:01:50,76,fatigue,False
S0003742,U03938,active_engager,2025-06-30 08:10:08,2025-06-30 08:23:08,13,boredom,False
S0003743,U01959,binge_user,2025-02-01 09:20:20,2025-02-01 10:54:20,94,fatigue,True
S0003744,U03490,binge_user,2025-11-24 22:05:56,2025-11-24 22:37:56,32,interruption,False
S0003745,U02382,passive_scroller,2025-12-20 00:20:12,2025-12-20 00:34:12,14,boredom,True
S0003746,U02191,binge_user,2025-04-23 08:34:20,2025-04-23 09:34:20,60,boredom,False
S0003747,U00979,trend_hopper,2025-10-15 21:51:42,2025-10-15 22:08:42,17,goal_completed,False
S0003748,U03089,trend_hopper,2025-04-11 01:14:30,2025-04-11 01:33:30,19,goal_completed,False
S0003749,U01851,active_engager,2025-01-21 19:29:36,2025-01-21 19:43:36,14,boredom,False
S0003750,U02497,binge_user,2025-01-15 23:53:55,2025-01-16 00:42:55,49,goal_completed,False
S0003751,U03893,trend_hopper,2026-01-18 20:33:51,2026-01-18 20:52:51,19,goal_completed,True
S0003752,U02137,trend_hopper,2025-12-29 22:13:26,2025-12-29 22:31:26,18,boredom,False
S0003753,U00505,trend_hopper,2025-09-26 23:10:32,2025-09-26 23:27:32,17,fatigue,False
S0003754,U00037,active_engager,2026-01-12 23:18:20,2026-01-13 00:01:20,43,boredom,False
S0003755,U04346,active_engager,2025-02-28 22:20:47,2025-02-28 22:51:47,31,fatigue,False
S0003756,U04178,active_engager,2025-11-07 01:48:07,2025-11-07 02:18:07,30,interruption,False
S0003757,U01491,binge_user,2025-02-16 21:54:13,2025-02-16 22:58:13,64,interruption,True
S0003758,U04022,binge_user,2025-09-17 01:58:00,2025-09-17 03:54:00,116,goal_completed,False
S0003759,U01224,trend_hopper,2025-07-30 18:57:00,2025-07-30 19:17:00,20,goal_completed,False
S0003760,U00400,active_engager,2026-01-29 01:01:58,2026-01-29 01:21:58,20,interruption,False
S0003761,U04720,trend_hopper,2025-09-11 00:18:49,2025-09-11 00:28:49,10,fatigue,False
S0003762,U01920,passive_scroller,2025-05-17 18:17:39,2025-05-17 18:27:39,10,goal_completed,True
S0003763,U00018,passive_scroller,2026-03-01 20:06:51,2026-03-01 20:09:51,3,boredom,True
S0003764,U03856,active_engager,2026-03-16 22:07:51,2026-03-16 22:41:51,34,goal_completed,False
S0003765,U02946,binge_user,2026-01-21 21:25:00,2026-01-21 23:04:00,99,goal_completed,False
S0003766,U02892,active_engager,2026-04-17 13:17:47,2026-04-17 14:01:47,44,boredom,False
S0003767,U04336,passive_scroller,2025-09-19 23:14:53,2025-09-19 23:28:53,14,fatigue,False
S0003768,U04479,binge_user,2026-03-09 00:00:48,2026-03-09 01:53:48,113,boredom,False
S0003769,U02993,active_engager,2025-03-31 09:15:16,2025-03-31 09:29:16,14,interruption,False
S0003770,U03412,active_engager,2025-10-16 20:20:12,2025-10-16 20:39:12,19,fatigue,False
S0003771,U04369,active_engager,2025-05-03 08:38:05,2025-05-03 08:53:05,15,interruption,True
S0003772,U01365,passive_scroller,2025-07-03 00:04:14,2025-07-03 00:06:14,2,goal_completed,False
S0003773,U00169,binge_user,2025-11-29 21:43:57,2025-11-29 23:23:57,100,goal_completed,True
S0003774,U00183,active_engager,2025-08-30 22:55:01,2025-08-30 23:35:01,40,fatigue,True
S0003775,U01349,active_engager,2025-02-19 21:25:44,2025-02-19 21:40:44,15,fatigue,False
S0003776,U01318,passive_scroller,2025-10-29 01:06:23,2025-10-29 01:20:23,14,fatigue,False
S0003777,U02440,passive_scroller,2025-05-03 22:09:10,2025-05-03 22:13:10,4,boredom,True
S0003778,U03237,trend_hopper,2025-05-05 22:51:11,2025-05-05 23:09:11,18,fatigue,False
S0003779,U00216,binge_user,2026-02-05 00:55:18,2026-02-05 01:42:18,47,fatigue,False
S0003780,U02791,active_engager,2026-03-30 21:35:11,2026-03-30 21:47:11,12,interruption,False
S0003781,U02575,trend_hopper,2025-10-13 09:12:08,2025-10-13 09:29:08,17,boredom,False
S0003782,U04655,binge_user,2026-04-07 20:07:20,2026-04-07 21:19:20,72,fatigue,False
S0003783,U03352,passive_scroller,2025-11-30 23:51:00,2025-11-30 23:55:00,4,goal_completed,True
S0003784,U02493,passive_scroller,2025-10-02 22:44:29,2025-10-02 22:48:29,4,goal_completed,False
S0003785,U04899,trend_hopper,2025-10-12 12:15:04,2025-10-12 12:22:04,7,goal_completed,True
S0003786,U04942,binge_user,2025-05-26 21:01:40,2025-05-26 22:54:40,113,interruption,False
S0003787,U03655,active_engager,2026-01-25 20:16:36,2026-01-25 20:56:36,40,goal_completed,True
S0003788,U01072,binge_user,2025-03-18 13:25:41,2025-03-18 15:12:41,107,boredom,False
S0003789,U01613,binge_user,2025-11-04 09:16:51,2025-11-04 10:19:51,63,boredom,False
S0003790,U04247,trend_hopper,2025-11-22 19:26:03,2025-11-22 19:39:03,13,fatigue,True
S0003791,U00259,active_engager,2025-01-31 00:40:18,2025-01-31 00:59:18,19,boredom,False
S0003792,U00720,active_engager,2026-01-28 20:24:44,2026-01-28 20:52:44,28,boredom,False
S0003793,U01344,passive_scroller,2025-02-23 13:32:37,2025-02-23 13:40:37,8,goal_completed,True
S0003794,U01493,trend_hopper,2025-05-10 08:43:27,2025-05-10 08:59:27,16,interruption,True
S0003795,U03924,passive_scroller,2025-06-23 21:48:10,2025-06-23 21:59:10,11,boredom,False
S0003796,U00978,passive_scroller,2025-01-03 18:34:42,2025-01-03 18:44:42,10,interruption,False
S0003797,U03823,active_engager,2025-10-18 19:55:50,2025-10-18 20:39:50,44,interruption,True
S0003798,U01665,active_engager,2025-04-27 23:52:38,2025-04-28 00:07:38,15,fatigue,True
S0003799,U04678,binge_user,2026-03-08 21:20:29,2026-03-08 22:15:29,55,boredom,True
S0003800,U04316,binge_user,2025-12-08 21:44:52,2025-12-08 23:19:52,95,boredom,False
S0003801,U03614,binge_user,2025-11-01 01:47:09,2025-11-01 02:50:09,63,interruption,True
S0003802,U01805,active_engager,2025-06-28 21:16:15,2025-06-28 22:02:15,46,fatigue,True
S0003803,U01110,binge_user,2025-12-06 13:36:52,2025-12-06 14:48:52,72,goal_completed,True
S0003804,U01259,trend_hopper,2025-06-02 13:52:12,2025-06-02 14:09:12,17,interruption,False
S0003805,U03576,passive_scroller,2025-10-06 22:26:45,2025-10-06 22:28:45,2,boredom,False
S0003806,U04713,passive_scroller,2025-09-19 00:21:46,2025-09-19 00:35:46,14,boredom,False
S0003807,U04891,passive_scroller,2025-03-20 01:23:48,2025-03-20 01:26:48,3,interruption,False
S0003808,U02952,trend_hopper,2025-02-11 20:13:35,2025-02-11 20:28:35,15,interruption,False
S0003809,U02439,active_engager,2026-02-19 22:28:38,2026-02-19 22:43:38,15,interruption,False
S0003810,U00563,passive_scroller,2025-10-12 01:29:50,2025-10-12 01:42:50,13,fatigue,True
S0003811,U03561,binge_user,2026-03-18 22:50:57,2026-03-19 00:25:57,95,boredom,False
S0003812,U00453,trend_hopper,2025-07-05 01:57:11,2025-07-05 02:04:11,7,boredom,True
S0003813,U00038,binge_user,2025-10-08 21:15:37,2025-10-08 23:10:37,115,boredom,False
S0003814,U03339,passive_scroller,2026-03-19 20:10:36,2026-03-19 20:19:36,9,goal_completed,False
S0003815,U02894,binge_user,2025-03-14 23:49:25,2025-03-15 00:50:25,61,boredom,False
S0003816,U02744,trend_hopper,2025-03-24 19:51:26,2025-03-24 20:11:26,20,goal_completed,False
S0003817,U02286,active_engager,2025-07-27 21:23:25,2025-07-27 22:13:25,50,interruption,True
S0003818,U02582,active_engager,2025-07-26 08:53:37,2025-07-26 09:27:37,34,boredom,True
S0003819,U03596,active_engager,2025-11-21 19:19:06,2025-11-21 19:58:06,39,boredom,False
S0003820,U03583,active_engager,2025-05-21 21:49:10,2025-05-21 22:16:10,27,interruption,False
S0003821,U00908,trend_hopper,2025-08-28 21:05:20,2025-08-28 21:19:20,14,boredom,False
S0003822,U01728,active_engager,2025-10-13 12:45:21,2025-10-13 13:13:21,28,interruption,False
S0003823,U00618,binge_user,2025-08-27 20:05:11,2025-08-27 20:56:11,51,goal_completed,False
S0003824,U02170,passive_scroller,2026-03-24 01:19:45,2026-03-24 01:28:45,9,goal_completed,False
S0003825,U04834,trend_hopper,2026-03-02 20:33:03,2026-03-02 20:48:03,15,interruption,False
S0003826,U04785,binge_user,2025-10-04 18:54:01,2025-10-04 20:44:01,110,interruption,True
S0003827,U00687,trend_hopper,2025-02-13 21:00:47,2025-02-13 21:17:47,17,interruption,False
S0003828,U01877,passive_scroller,2025-10-18 22:16:53,2025-10-18 22:32:53,16,goal_completed,True
S0003829,U01416,passive_scroller,2025-08-28 19:20:10,2025-08-28 19:24:10,4,fatigue,False
S0003830,U03131,trend_hopper,2026-01-29 22:15:00,2026-01-29 22:40:00,25,fatigue,False
S0003831,U00610,passive_scroller,2025-02-09 23:25:28,2025-02-09 23:39:28,14,fatigue,True
S0003832,U03236,trend_hopper,2025-10-20 20:50:03,2025-10-20 21:07:03,17,interruption,False
S0003833,U04488,binge_user,2026-01-20 18:41:25,2026-01-20 19:58:25,77,fatigue,False
S0003834,U03124,binge_user,2026-01-25 22:06:18,2026-01-25 23:37:18,91,interruption,True
S0003835,U00473,active_engager,2025-04-17 21:34:31,2025-04-17 22:08:31,34,goal_completed,False
S0003836,U04908,active_engager,2025-05-20 20:12:44,2025-05-20 20:49:44,37,interruption,False
S0003837,U00557,binge_user,2025-03-29 21:01:55,2025-03-29 22:58:55,117,boredom,True
S0003838,U03521,active_engager,2025-02-03 22:01:53,2025-02-03 22:38:53,37,fatigue,False
S0003839,U00076,passive_scroller,2026-02-20 12:28:27,2026-02-20 12:31:27,3,goal_completed,False
S0003840,U04391,binge_user,2026-01-08 20:44:08,2026-01-08 21:18:08,34,boredom,False
S0003841,U02928,active_engager,2025-10-30 22:53:52,2025-10-30 23:24:52,31,fatigue,False
S0003842,U01817,binge_user,2025-09-07 13:14:55,2025-09-07 14:42:55,88,interruption,True
S0003843,U01939,binge_user,2025-07-29 18:45:48,2025-07-29 20:03:48,78,goal_completed,False
S0003844,U04022,binge_user,2025-06-26 01:37:06,2025-06-26 03:27:06,110,boredom,False
S0003845,U03363,binge_user,2026-01-08 21:35:31,2026-01-08 22:48:31,73,goal_completed,False
S0003846,U00715,binge_user,2026-03-08 20:31:02,2026-03-08 21:35:02,64,fatigue,True
S0003847,U03444,binge_user,2025-01-23 20:34:29,2025-01-23 21:38:29,64,fatigue,False
S0003848,U04560,active_engager,2025-06-07 19:28:38,2025-06-07 20:18:38,50,interruption,True
S0003849,U00312,active_engager,2026-02-14 13:11:08,2026-02-14 14:00:08,49,boredom,True
S0003850,U04742,passive_scroller,2025-12-10 09:34:15,2025-12-10 09:48:15,14,interruption,False
S0003851,U02967,trend_hopper,2025-07-25 01:08:35,2025-07-25 01:21:35,13,fatigue,False
S0003852,U04323,passive_scroller,2025-03-02 22:40:05,2025-03-02 22:50:05,10,goal_completed,True
S0003853,U03145,active_engager,2025-03-27 00:40:25,2025-03-27 01:04:25,24,boredom,False
S0003854,U03880,binge_user,2025-01-12 01:00:42,2025-01-12 02:56:42,116,fatigue,True
S0003855,U01448,binge_user,2026-03-26 21:24:34,2026-03-26 23:01:34,97,interruption,False
S0003856,U01538,binge_user,2025-11-02 21:56:46,2025-11-02 22:36:46,40,fatigue,True
S0003857,U02762,binge_user,2026-01-02 01:46:42,2026-01-02 02:33:42,47,fatigue,False
S0003858,U02359,active_engager,2025-04-05 22:16:54,2025-04-05 22:29:54,13,fatigue,True
S0003859,U00225,trend_hopper,2025-05-25 00:06:24,2025-05-25 00:16:24,10,goal_completed,True
S0003860,U00305,trend_hopper,2025-02-25 00:30:40,2025-02-25 00:35:40,5,boredom,False
S0003861,U02247,passive_scroller,2025-05-30 20:24:11,2025-05-30 20:31:11,7,goal_completed,False
S0003862,U04778,trend_hopper,2025-06-24 23:02:50,2025-06-24 23:09:50,7,goal_completed,False
S0003863,U02885,passive_scroller,2025-09-10 23:47:02,2025-09-10 23:49:02,2,fatigue,False
S0003864,U00586,trend_hopper,2025-04-12 13:11:50,2025-04-12 13:41:50,30,interruption,True
S0003865,U01459,binge_user,2025-02-21 21:58:13,2025-02-21 22:55:13,57,fatigue,False
S0003866,U04931,passive_scroller,2025-08-16 19:40:32,2025-08-16 19:50:32,10,goal_completed,True
S0003867,U02990,active_engager,2025-07-04 18:27:36,2025-07-04 19:07:36,40,fatigue,False
S0003868,U01480,active_engager,2025-03-23 20:45:23,2025-03-23 21:25:23,40,fatigue,True
S0003869,U04149,trend_hopper,2025-11-18 22:08:46,2025-11-18 22:16:46,8,interruption,False
S0003870,U01147,trend_hopper,2025-03-12 09:19:11,2025-03-12 09:40:11,21,boredom,False
S0003871,U02005,binge_user,2025-09-29 19:56:13,2025-09-29 21:12:13,76,fatigue,False
S0003872,U03886,binge_user,2026-03-14 00:43:27,2026-03-14 02:05:27,82,fatigue,True
S0003873,U00689,trend_hopper,2025-01-04 20:16:10,2025-01-04 20:30:10,14,interruption,True
S0003874,U01356,passive_scroller,2025-04-20 23:44:31,2025-04-20 23:50:31,6,goal_completed,True
S0003875,U00431,binge_user,2025-02-12 23:08:26,2025-02-13 01:08:26,120,boredom,False
S0003876,U00366,active_engager,2025-07-22 20:49:43,2025-07-22 21:07:43,18,interruption,False
S0003877,U01668,trend_hopper,2025-03-17 21:52:12,2025-03-17 22:03:12,11,goal_completed,False
S0003878,U01932,trend_hopper,2025-02-28 19:32:07,2025-02-28 19:37:07,5,goal_completed,False
S0003879,U00373,binge_user,2025-07-19 23:04:15,2025-07-19 23:46:15,42,fatigue,True
S0003880,U02333,passive_scroller,2025-11-30 08:35:21,2025-11-30 08:43:21,8,goal_completed,True
S0003881,U03828,passive_scroller,2026-04-23 21:42:34,2026-04-23 21:50:34,8,boredom,False
S0003882,U01018,active_engager,2025-02-22 13:55:13,2025-02-22 14:49:13,54,goal_completed,True
S0003883,U02295,trend_hopper,2025-01-29 13:28:01,2025-01-29 13:45:01,17,goal_completed,False
S0003884,U00816,binge_user,2025-05-09 00:28:23,2025-05-09 02:25:23,117,boredom,False
S0003885,U02571,trend_hopper,2026-01-24 19:29:28,2026-01-24 19:43:28,14,fatigue,True
S0003886,U02298,trend_hopper,2025-08-13 18:14:53,2025-08-13 18:24:53,10,goal_completed,False
S0003887,U01690,binge_user,2025-02-21 22:53:16,2025-02-21 23:36:16,43,fatigue,False
S0003888,U00938,passive_scroller,2025-04-12 23:34:53,2025-04-12 23:47:53,13,goal_completed,True
S0003889,U04450,passive_scroller,2026-02-14 21:07:31,2026-02-14 21:22:31,15,goal_completed,True
S0003890,U02465,passive_scroller,2025-07-21 12:31:04,2025-07-21 12:39:04,8,fatigue,False
S0003891,U00434,binge_user,2025-12-27 01:23:26,2025-12-27 02:00:26,37,interruption,True
S0003892,U04935,active_engager,2026-01-17 13:24:51,2026-01-17 13:48:51,24,goal_completed,True
S0003893,U03259,active_engager,2025-11-17 22:40:50,2025-11-17 23:10:50,30,fatigue,False
S0003894,U03442,binge_user,2026-04-27 21:50:07,2026-04-27 23:27:07,97,goal_completed,False
S0003895,U00570,passive_scroller,2026-03-11 22:34:48,2026-03-11 22:42:48,8,interruption,False
S0003896,U00242,trend_hopper,2026-03-28 12:44:42,2026-03-28 13:08:42,24,boredom,True
S0003897,U02150,trend_hopper,2025-07-18 18:26:02,2025-07-18 18:36:02,10,boredom,False
S0003898,U02613,trend_hopper,2025-08-04 23:34:28,2025-08-04 23:56:28,22,goal_completed,False
S0003899,U03543,active_engager,2025-10-13 23:49:43,2025-10-14 00:11:43,22,fatigue,False
S0003900,U03997,passive_scroller,2026-03-26 00:43:54,2026-03-26 00:48:54,5,interruption,False
S0003901,U04872,trend_hopper,2025-05-23 00:38:50,2025-05-23 01:02:50,24,boredom,False
S0003902,U03757,passive_scroller,2026-03-01 01:20:34,2026-03-01 01:35:34,15,fatigue,True
S0003903,U02072,binge_user,2025-06-24 19:05:10,2025-06-24 19:42:10,37,fatigue,False
S0003904,U02557,active_engager,2025-09-05 13:17:58,2025-09-05 13:51:58,34,goal_completed,False
S0003905,U00806,trend_hopper,2025-03-30 22:43:49,2025-03-30 22:49:49,6,boredom,True
S0003906,U00598,passive_scroller,2026-01-16 13:31:28,2026-01-16 13:37:28,6,interruption,False
S0003907,U00360,binge_user,2025-07-22 13:21:36,2025-07-22 15:06:36,105,boredom,False
S0003908,U04365,binge_user,2025-11-12 13:34:10,2025-11-12 14:24:10,50,boredom,False
S0003909,U01602,passive_scroller,2025-07-21 12:26:52,2025-07-21 12:36:52,10,goal_completed,False
S0003910,U04685,passive_scroller,2025-01-16 09:15:25,2025-01-16 09:22:25,7,goal_completed,False
S0003911,U00392,active_engager,2026-01-22 23:11:35,2026-01-22 23:40:35,29,boredom,False
S0003912,U00573,active_engager,2025-11-09 19:09:55,2025-11-09 19:35:55,26,fatigue,True
S0003913,U02085,binge_user,2025-06-20 22:42:59,2025-06-20 23:52:59,70,interruption,False
S0003914,U01610,binge_user,2026-01-13 22:24:06,2026-01-13 22:56:06,32,interruption,False
S0003915,U03075,trend_hopper,2025-02-05 20:21:55,2025-02-05 20:36:55,15,fatigue,False
S0003916,U04975,active_engager,2025-09-02 20:16:14,2025-09-02 20:38:14,22,fatigue,False
S0003917,U04049,active_engager,2025-05-16 22:26:57,2025-05-16 23:03:57,37,interruption,False
S0003918,U03111,trend_hopper,2025-08-17 18:36:07,2025-08-17 18:44:07,8,interruption,True
S0003919,U00825,trend_hopper,2025-11-01 21:55:10,2025-11-01 22:01:10,6,boredom,True
S0003920,U03751,trend_hopper,2025-06-06 00:29:19,2025-06-06 00:48:19,19,goal_completed,False
S0003921,U04453,active_engager,2025-01-08 19:29:21,2025-01-08 19:46:21,17,boredom,False
S0003922,U02427,trend_hopper,2025-11-18 09:50:48,2025-11-18 10:15:48,25,boredom,False
S0003923,U00398,passive_scroller,2026-02-24 20:34:37,2026-02-24 20:40:37,6,goal_completed,False
S0003924,U01364,binge_user,2025-06-17 20:46:38,2025-06-17 21:55:38,69,goal_completed,False
S0003925,U02534,active_engager,2025-10-24 09:38:55,2025-10-24 10:08:55,30,fatigue,False
S0003926,U03913,passive_scroller,2025-12-14 12:10:27,2025-12-14 12:23:27,13,boredom,True
S0003927,U04422,passive_scroller,2025-04-28 19:12:38,2025-04-28 19:27:38,15,goal_completed,False
S0003928,U04559,passive_scroller,2025-12-28 20:36:23,2025-12-28 20:50:23,14,boredom,True
S0003929,U02944,binge_user,2026-02-03 22:10:49,2026-02-03 23:15:49,65,boredom,False
S0003930,U03835,passive_scroller,2025-08-29 21:17:41,2025-08-29 21:30:41,13,boredom,False
S0003931,U01395,trend_hopper,2025-01-23 20:42:03,2025-01-23 20:49:03,7,interruption,False
S0003932,U03917,active_engager,2025-03-03 22:21:16,2025-03-03 22:39:16,18,goal_completed,False
S0003933,U03161,passive_scroller,2025-04-20 22:36:35,2025-04-20 22:50:35,14,goal_completed,True
S0003934,U02883,active_engager,2025-04-29 23:34:21,2025-04-30 00:13:21,39,goal_completed,False
S0003935,U01094,binge_user,2025-07-19 18:35:28,2025-07-19 20:19:28,104,boredom,True
S0003936,U02775,active_engager,2025-03-10 19:16:05,2025-03-10 19:48:05,32,interruption,False
S0003937,U02144,binge_user,2025-04-15 23:54:17,2025-04-16 01:48:17,114,goal_completed,False
S0003938,U00722,binge_user,2025-07-16 20:45:17,2025-07-16 22:20:17,95,boredom,False
S0003939,U04664,active_engager,2025-10-22 13:05:36,2025-10-22 13:18:36,13,fatigue,False
S0003940,U02958,active_engager,2025-02-06 00:10:55,2025-02-06 00:42:55,32,fatigue,False
S0003941,U04867,passive_scroller,2025-07-07 00:28:34,2025-07-07 00:43:34,15,boredom,False
S0003942,U04292,trend_hopper,2025-01-23 13:35:51,2025-01-23 13:57:51,22,fatigue,False
S0003943,U02170,passive_scroller,2026-03-05 22:55:18,2026-03-05 22:58:18,3,boredom,False
S0003944,U01171,trend_hopper,2026-03-23 18:02:21,2026-03-23 18:24:21,22,interruption,False
S0003945,U00353,active_engager,2025-07-06 01:43:12,2025-07-06 02:04:12,21,goal_completed,True
S0003946,U00195,binge_user,2025-11-09 19:44:28,2025-11-09 20:24:28,40,interruption,True
S0003947,U02950,active_engager,2025-04-18 13:15:59,2025-04-18 13:41:59,26,boredom,False
S0003948,U00879,binge_user,2026-02-16 18:38:51,2026-02-16 19:14:51,36,boredom,False
S0003949,U04396,binge_user,2025-03-26 23:59:27,2025-03-27 01:59:27,120,boredom,False
S0003950,U01662,active_engager,2026-04-11 19:03:36,2026-04-11 19:41:36,38,goal_completed,True
S0003951,U02101,active_engager,2025-11-12 21:53:40,2025-11-12 22:23:40,30,interruption,False
S0003952,U04757,binge_user,2025-08-22 21:03:31,2025-08-22 22:24:31,81,goal_completed,False
S0003953,U00380,binge_user,2026-04-30 20:15:51,2026-04-30 21:46:51,91,fatigue,False
S0003954,U02643,passive_scroller,2026-04-29 21:26:52,2026-04-29 21:39:52,13,boredom,False
S0003955,U03094,binge_user,2026-02-23 22:34:00,2026-02-23 23:57:00,83,fatigue,False
S0003956,U03422,binge_user,2025-12-07 21:45:04,2025-12-07 23:09:04,84,interruption,True
S0003957,U03047,passive_scroller,2026-03-22 21:19:39,2026-03-22 21:27:39,8,goal_completed,True
S0003958,U03506,passive_scroller,2025-08-09 13:08:32,2025-08-09 13:18:32,10,boredom,True
S0003959,U02122,active_engager,2025-02-12 22:53:51,2025-02-12 23:13:51,20,boredom,False
S0003960,U01839,passive_scroller,2025-09-09 18:46:57,2025-09-09 19:01:57,15,goal_completed,False
S0003961,U01259,trend_hopper,2026-04-10 20:39:01,2026-04-10 21:03:01,24,goal_completed,False
S0003962,U00253,active_engager,2025-04-17 21:54:47,2025-04-17 22:27:47,33,interruption,False
S0003963,U02723,trend_hopper,2025-03-25 08:33:53,2025-03-25 08:38:53,5,fatigue,False
S0003964,U00288,active_engager,2025-11-02 18:30:15,2025-11-02 19:20:15,50,goal_completed,True
S0003965,U04419,binge_user,2025-09-30 18:12:46,2025-09-30 19:53:46,101,boredom,False
S0003966,U03392,binge_user,2026-01-23 01:44:09,2026-01-23 02:18:09,34,goal_completed,False
S0003967,U03047,passive_scroller,2025-05-05 22:55:45,2025-05-05 22:58:45,3,goal_completed,False
S0003968,U04013,binge_user,2025-08-22 19:15:32,2025-08-22 20:52:32,97,boredom,False
S0003969,U04445,binge_user,2025-12-16 19:49:03,2025-12-16 21:47:03,118,goal_completed,False
S0003970,U01095,passive_scroller,2026-02-22 13:05:12,2026-02-22 13:09:12,4,fatigue,True
S0003971,U00345,binge_user,2025-10-31 23:41:58,2025-11-01 01:27:58,106,fatigue,False
S0003972,U01257,binge_user,2025-05-26 00:08:46,2025-05-26 00:48:46,40,interruption,False
S0003973,U03343,active_engager,2025-12-14 18:18:40,2025-12-14 18:34:40,16,boredom,True
S0003974,U00601,active_engager,2025-03-28 19:56:23,2025-03-28 20:13:23,17,boredom,False
S0003975,U03670,binge_user,2026-04-26 19:37:24,2026-04-26 21:39:24,122,goal_completed,True
S0003976,U03407,trend_hopper,2025-09-20 22:51:51,2025-09-20 23:13:51,22,goal_completed,True
S0003977,U03834,binge_user,2026-01-06 19:34:05,2026-01-06 20:53:05,79,fatigue,False
S0003978,U03936,active_engager,2025-09-12 19:00:44,2025-09-12 19:34:44,34,fatigue,False
S0003979,U02964,binge_user,2025-04-27 23:12:17,2025-04-28 01:01:17,109,boredom,True
S0003980,U03710,trend_hopper,2025-08-03 21:32:55,2025-08-03 21:59:55,27,boredom,True
S0003981,U01054,trend_hopper,2025-03-12 00:43:11,2025-03-12 00:57:11,14,boredom,False
S0003982,U01202,binge_user,2025-04-07 23:21:58,2025-04-07 23:54:58,33,interruption,False
S0003983,U04090,binge_user,2025-10-30 18:31:23,2025-10-30 19:13:23,42,fatigue,False
S0003984,U02959,binge_user,2026-01-26 00:41:10,2026-01-26 01:48:10,67,fatigue,False
S0003985,U00763,passive_scroller,2025-05-21 13:25:29,2025-05-21 13:28:29,3,boredom,False
S0003986,U00928,trend_hopper,2026-02-27 13:29:13,2026-02-27 13:50:13,21,fatigue,False
S0003987,U00345,binge_user,2026-03-31 12:24:52,2026-03-31 13:24:52,60,boredom,False
S0003988,U01775,passive_scroller,2026-04-15 23:55:58,2026-04-16 00:05:58,10,goal_completed,False
S0003989,U01726,binge_user,2025-05-18 20:05:21,2025-05-18 20:55:21,50,boredom,True
S0003990,U02782,trend_hopper,2025-09-08 22:58:32,2025-09-08 23:22:32,24,goal_completed,False
S0003991,U04685,passive_scroller,2025-07-06 23:00:26,2025-07-06 23:02:26,2,boredom,True
S0003992,U01027,active_engager,2025-07-19 19:37:10,2025-07-19 19:56:10,19,fatigue,True
S0003993,U03172,binge_user,2025-06-28 18:54:23,2025-06-28 19:44:23,50,boredom,True
S0003994,U01443,passive_scroller,2025-09-30 23:10:27,2025-09-30 23:24:27,14,fatigue,False
S0003995,U00761,trend_hopper,2025-03-11 19:30:19,2025-03-11 19:38:19,8,goal_completed,False
S0003996,U04385,binge_user,2025-09-15 12:54:34,2025-09-15 14:39:34,105,fatigue,False
S0003997,U02555,passive_scroller,2025-01-15 20:01:44,2025-01-15 20:16:44,15,interruption,False
S0003998,U00986,trend_hopper,2026-04-27 20:58:37,2026-04-27 21:17:37,19,fatigue,False
S0003999,U00138,trend_hopper,2026-02-15 13:40:27,2026-02-15 14:07:27,27,goal_completed,True
S0004000,U04731,passive_scroller,2025-08-01 21:03:01,2025-08-01 21:05:01,2,interruption,False
S0004001,U02581,active_engager,2026-04-09 20:48:07,2026-04-09 21:14:07,26,boredom,False
S0004002,U00248,active_engager,2025-01-14 21:44:52,2025-01-14 22:12:52,28,boredom,False
S0004003,U01872,binge_user,2026-02-13 19:17:52,2026-02-13 19:51:52,34,boredom,False
S0004004,U03833,trend_hopper,2025-02-09 21:09:38,2025-02-09 21:18:38,9,interruption,True
S0004005,U01431,binge_user,2025-05-19 22:27:25,2025-05-19 23:06:25,39,boredom,False
S0004006,U03974,trend_hopper,2025-01-16 21:38:15,2025-01-16 21:47:15,9,interruption,False
S0004007,U04326,binge_user,2025-10-21 19:57:22,2025-10-21 21:05:22,68,boredom,False
S0004008,U00646,passive_scroller,2025-11-18 22:28:59,2025-11-18 22:37:59,9,interruption,False
S0004009,U04818,trend_hopper,2025-04-20 19:17:50,2025-04-20 19:31:50,14,interruption,True
S0004010,U03069,trend_hopper,2026-02-03 21:27:14,2026-02-03 21:49:14,22,fatigue,False
S0004011,U02192,active_engager,2025-08-03 09:33:06,2025-08-03 10:24:06,51,interruption,True
S0004012,U00936,passive_scroller,2025-10-17 21:42:50,2025-10-17 21:54:50,12,fatigue,False
S0004013,U01354,binge_user,2026-01-11 12:30:46,2026-01-11 13:06:46,36,interruption,True
S0004014,U03787,active_engager,2025-04-03 09:58:07,2025-04-03 10:43:07,45,goal_completed,False
S0004015,U04684,active_engager,2025-10-29 12:59:25,2025-10-29 13:27:25,28,interruption,False
S0004016,U00611,binge_user,2026-02-15 22:28:49,2026-02-15 23:52:49,84,interruption,True
S0004017,U02097,trend_hopper,2025-11-25 23:15:30,2025-11-25 23:29:30,14,interruption,False
S0004018,U00293,binge_user,2025-06-28 23:13:41,2025-06-29 00:23:41,70,interruption,True
S0004019,U04192,binge_user,2026-02-27 18:16:42,2026-02-27 18:49:42,33,fatigue,False
S0004020,U04382,trend_hopper,2025-11-19 18:38:29,2025-11-19 19:03:29,25,goal_completed,False
S0004021,U01195,trend_hopper,2026-02-05 01:52:27,2026-02-05 02:07:27,15,goal_completed,False
S0004022,U04965,trend_hopper,2025-01-18 00:41:42,2025-01-18 00:49:42,8,fatigue,True
S0004023,U00327,passive_scroller,2026-03-08 19:44:56,2026-03-08 19:52:56,8,goal_completed,True
S0004024,U01554,trend_hopper,2026-04-23 22:26:57,2026-04-23 22:42:57,16,goal_completed,False
S0004025,U00036,binge_user,2025-11-27 22:00:11,2025-11-27 22:37:11,37,boredom,False
S0004026,U04950,passive_scroller,2025-06-13 23:59:52,2025-06-14 00:12:52,13,interruption,False
S0004027,U00274,passive_scroller,2025-03-04 23:23:57,2025-03-04 23:28:57,5,boredom,False
S0004028,U02618,active_engager,2025-04-03 13:12:37,2025-04-03 13:56:37,44,goal_completed,False
S0004029,U04064,passive_scroller,2025-01-18 21:05:18,2025-01-18 21:08:18,3,interruption,True
S0004030,U01002,active_engager,2025-01-12 20:01:06,2025-01-12 20:22:06,21,interruption,True
S0004031,U01441,active_engager,2025-06-08 23:23:04,2025-06-08 23:49:04,26,goal_completed,True
S0004032,U00741,active_engager,2025-07-09 21:09:50,2025-07-09 21:33:50,24,interruption,False
S0004033,U03732,binge_user,2025-09-29 20:22:53,2025-09-29 22:14:53,112,goal_completed,False
S0004034,U01060,binge_user,2025-03-21 18:53:41,2025-03-21 20:18:41,85,goal_completed,False
S0004035,U00889,active_engager,2026-01-12 22:27:11,2026-01-12 23:05:11,38,boredom,False
S0004036,U04668,passive_scroller,2025-04-12 23:56:43,2025-04-13 00:08:43,12,interruption,True
S0004037,U03085,passive_scroller,2025-11-26 19:57:58,2025-11-26 20:08:58,11,goal_completed,False
S0004038,U04347,trend_hopper,2025-08-13 23:45:38,2025-08-13 23:56:38,11,interruption,False
S0004039,U03449,trend_hopper,2026-03-30 19:28:18,2026-03-30 19:50:18,22,goal_completed,False
S0004040,U02985,active_engager,2025-11-22 22:12:33,2025-11-22 22:33:33,21,boredom,True
S0004041,U01282,trend_hopper,2025-03-07 01:19:31,2025-03-07 01:38:31,19,fatigue,False
S0004042,U02654,passive_scroller,2025-10-04 12:34:47,2025-10-04 12:49:47,15,interruption,True
S0004043,U01952,passive_scroller,2026-01-31 18:06:53,2026-01-31 18:08:53,2,interruption,True
S0004044,U03110,passive_scroller,2025-10-20 21:08:47,2025-10-20 21:22:47,14,interruption,False
S0004045,U00219,active_engager,2025-01-06 21:30:04,2025-01-06 21:59:04,29,boredom,False
S0004046,U04279,active_engager,2025-08-24 00:22:58,2025-08-24 01:06:58,44,goal_completed,True
S0004047,U00834,binge_user,2025-12-23 23:11:00,2025-12-24 00:22:00,71,goal_completed,False
S0004048,U04125,trend_hopper,2025-06-24 19:27:07,2025-06-24 19:44:07,17,boredom,False
S0004049,U03503,trend_hopper,2025-03-21 22:49:50,2025-03-21 23:01:50,12,boredom,False
S0004050,U03821,binge_user,2026-01-11 01:47:20,2026-01-11 02:38:20,51,fatigue,True
S0004051,U00852,binge_user,2025-01-10 21:14:55,2025-01-10 23:13:55,119,boredom,False
S0004052,U04828,trend_hopper,2025-07-17 22:57:24,2025-07-17 23:19:24,22,goal_completed,False
S0004053,U04772,active_engager,2025-11-22 18:33:46,2025-11-22 19:25:46,52,goal_completed,True
S0004054,U00768,passive_scroller,2025-04-08 19:00:07,2025-04-08 19:12:07,12,goal_completed,False
S0004055,U01730,binge_user,2026-02-24 18:17:28,2026-02-24 20:17:28,120,interruption,False
S0004056,U01519,trend_hopper,2025-02-16 20:51:25,2025-02-16 21:12:25,21,interruption,True
S0004057,U02766,trend_hopper,2026-04-02 21:57:42,2026-04-02 22:10:42,13,fatigue,False
S0004058,U02946,binge_user,2025-07-30 23:34:51,2025-07-31 00:37:51,63,interruption,False
S0004059,U00787,binge_user,2025-03-10 23:51:45,2025-03-11 00:54:45,63,fatigue,False
S0004060,U02620,binge_user,2025-08-10 23:53:47,2025-08-11 01:07:47,74,boredom,True
S0004061,U02936,trend_hopper,2026-01-05 23:55:20,2026-01-06 00:10:20,15,fatigue,False
S0004062,U04176,passive_scroller,2025-03-30 21:09:05,2025-03-30 21:16:05,7,interruption,True
S0004063,U02835,passive_scroller,2026-05-01 21:47:24,2026-05-01 21:55:24,8,interruption,False
S0004064,U00571,active_engager,2026-03-10 00:09:28,2026-03-10 00:28:28,19,goal_completed,False
S0004065,U04425,binge_user,2025-10-25 22:05:55,2025-10-25 23:01:55,56,interruption,True
S0004066,U03706,active_engager,2025-05-12 01:28:17,2025-05-12 01:59:17,31,boredom,False
S0004067,U01128,trend_hopper,2026-01-26 22:16:29,2026-01-26 22:27:29,11,interruption,False
S0004068,U02880,active_engager,2025-01-28 20:06:45,2025-01-28 20:26:45,20,goal_completed,False
S0004069,U02503,passive_scroller,2025-08-15 12:24:46,2025-08-15 12:31:46,7,fatigue,False
S0004070,U03870,active_engager,2025-05-06 20:27:35,2025-05-06 20:38:35,11,interruption,False
S0004071,U00436,active_engager,2025-03-22 23:22:41,2025-03-23 00:00:41,38,boredom,True
S0004072,U03143,trend_hopper,2026-04-28 22:48:05,2026-04-28 23:11:05,23,goal_completed,False
S0004073,U02176,active_engager,2025-01-25 22:47:06,2025-01-25 23:03:06,16,boredom,True
S0004074,U00133,passive_scroller,2026-01-26 22:42:30,2026-01-26 22:55:30,13,boredom,False
S0004075,U00513,active_engager,2025-12-08 21:07:56,2025-12-08 21:48:56,41,interruption,False
S0004076,U04923,binge_user,2025-08-17 00:46:48,2025-08-17 01:25:48,39,fatigue,True
S0004077,U03404,binge_user,2025-10-29 13:43:51,2025-10-29 15:42:51,119,fatigue,False
S0004078,U01206,binge_user,2026-01-15 18:10:51,2026-01-15 18:48:51,38,boredom,False
S0004079,U04807,passive_scroller,2025-04-28 09:11:01,2025-04-28 09:24:01,13,boredom,False
S0004080,U04318,trend_hopper,2025-03-05 19:29:36,2025-03-05 19:44:36,15,boredom,False
S0004081,U01093,active_engager,2025-10-13 01:18:36,2025-10-13 01:34:36,16,interruption,False
S0004082,U01014,binge_user,2025-01-05 00:40:42,2025-01-05 02:43:42,123,interruption,True
S0004083,U04691,trend_hopper,2025-07-14 23:07:24,2025-07-14 23:24:24,17,interruption,False
S0004084,U00120,active_engager,2025-01-06 01:39:14,2025-01-06 01:58:14,19,fatigue,False
S0004085,U04886,binge_user,2025-08-31 23:00:15,2025-09-01 01:07:15,127,fatigue,True
S0004086,U01848,passive_scroller,2025-07-17 08:00:18,2025-07-17 08:12:18,12,interruption,False
S0004087,U03701,binge_user,2026-02-27 19:27:55,2026-02-27 21:08:55,101,boredom,False
S0004088,U03726,active_engager,2026-03-21 13:11:12,2026-03-21 13:36:12,25,interruption,True
S0004089,U00250,trend_hopper,2025-02-27 22:16:47,2025-02-27 22:25:47,9,boredom,False
S0004090,U04116,active_engager,2025-08-11 00:33:11,2025-08-11 01:09:11,36,boredom,False
S0004091,U01967,binge_user,2025-03-12 20:51:31,2025-03-12 22:04:31,73,goal_completed,False
S0004092,U02041,passive_scroller,2026-04-20 22:06:15,2026-04-20 22:08:15,2,fatigue,False
S0004093,U04753,passive_scroller,2025-06-03 21:48:58,2025-06-03 21:56:58,8,boredom,False
S0004094,U04927,passive_scroller,2025-09-30 00:19:07,2025-09-30 00:22:07,3,fatigue,False
S0004095,U01108,trend_hopper,2025-01-02 19:43:35,2025-01-02 20:00:35,17,fatigue,False
S0004096,U02664,trend_hopper,2026-03-26 22:46:37,2026-03-26 23:09:37,23,fatigue,False
S0004097,U03670,binge_user,2025-10-31 22:28:35,2025-10-31 23:41:35,73,goal_completed,False
S0004098,U00845,passive_scroller,2025-09-01 20:55:39,2025-09-01 21:09:39,14,interruption,False
S0004099,U00142,active_engager,2026-02-15 12:24:03,2026-02-15 12:45:03,21,fatigue,True
S0004100,U00559,active_engager,2026-03-23 23:48:58,2026-03-24 00:33:58,45,goal_completed,False
S0004101,U04065,active_engager,2025-12-25 18:04:47,2025-12-25 18:24:47,20,fatigue,False
S0004102,U02263,passive_scroller,2025-03-15 13:42:02,2025-03-15 13:46:02,4,boredom,True
S0004103,U01576,passive_scroller,2025-02-07 20:41:23,2025-02-07 20:51:23,10,goal_completed,False
S0004104,U00723,active_engager,2026-04-14 23:15:41,2026-04-14 23:28:41,13,fatigue,False
S0004105,U01110,binge_user,2025-10-29 21:10:50,2025-10-29 22:34:50,84,goal_completed,False
S0004106,U01063,active_engager,2026-04-14 21:23:18,2026-04-14 21:38:18,15,boredom,False
S0004107,U03023,active_engager,2025-07-31 22:51:23,2025-07-31 23:26:23,35,interruption,False
S0004108,U00515,trend_hopper,2025-01-28 18:20:06,2025-01-28 18:31:06,11,interruption,False
S0004109,U02245,passive_scroller,2025-06-20 01:43:05,2025-06-20 01:55:05,12,interruption,False
S0004110,U03267,binge_user,2025-03-19 19:49:26,2025-03-19 20:28:26,39,boredom,False
S0004111,U02938,trend_hopper,2026-03-15 00:11:11,2026-03-15 00:29:11,18,interruption,True
S0004112,U04236,active_engager,2025-12-16 00:44:56,2025-12-16 01:16:56,32,boredom,False
S0004113,U04138,trend_hopper,2026-04-22 23:47:23,2026-04-23 00:02:23,15,goal_completed,False
S0004114,U00232,active_engager,2025-08-23 20:09:06,2025-08-23 20:57:06,48,interruption,True
S0004115,U03740,binge_user,2025-12-02 23:22:28,2025-12-03 00:40:28,78,boredom,False
S0004116,U03127,trend_hopper,2025-10-08 18:03:13,2025-10-08 18:18:13,15,interruption,False
S0004117,U03630,active_engager,2025-09-15 21:40:28,2025-09-15 22:07:28,27,boredom,False
S0004118,U00438,active_engager,2025-09-21 13:40:21,2025-09-21 13:53:21,13,boredom,True
S0004119,U04468,trend_hopper,2025-03-15 20:40:15,2025-03-15 21:00:15,20,fatigue,True
S0004120,U03979,binge_user,2026-01-12 21:08:51,2026-01-12 23:07:51,119,boredom,False
S0004121,U02405,trend_hopper,2025-06-03 21:36:10,2025-06-03 21:46:10,10,interruption,False
S0004122,U02645,trend_hopper,2025-08-09 01:14:31,2025-08-09 01:33:31,19,interruption,True
S0004123,U01785,active_engager,2026-04-03 00:10:50,2026-04-03 00:33:50,23,boredom,False
S0004124,U01457,active_engager,2025-05-02 00:05:33,2025-05-02 00:27:33,22,interruption,False
S0004125,U03940,passive_scroller,2026-03-23 20:02:20,2026-03-23 20:05:20,3,goal_completed,False
S0004126,U01053,trend_hopper,2025-10-12 22:04:58,2025-10-12 22:31:58,27,fatigue,True
S0004127,U02838,passive_scroller,2025-02-10 21:54:36,2025-02-10 22:04:36,10,boredom,False
S0004128,U00674,active_engager,2026-03-03 23:19:13,2026-03-03 23:43:13,24,goal_completed,False
S0004129,U04584,active_engager,2026-01-31 18:14:21,2026-01-31 18:36:21,22,boredom,True
S0004130,U00363,trend_hopper,2025-05-04 19:19:05,2025-05-04 19:25:05,6,goal_completed,True
S0004131,U02774,binge_user,2026-01-02 22:39:50,2026-01-02 23:58:50,79,fatigue,False
S0004132,U03373,trend_hopper,2025-11-07 18:45:23,2025-11-07 19:02:23,17,goal_completed,False
S0004133,U03432,passive_scroller,2025-01-23 19:13:34,2025-01-23 19:25:34,12,fatigue,False
S0004134,U00740,binge_user,2026-04-20 13:18:13,2026-04-20 15:12:13,114,goal_completed,False
S0004135,U02948,binge_user,2025-03-31 23:18:44,2025-04-01 00:27:44,69,boredom,False
S0004136,U02191,binge_user,2025-03-14 18:24:58,2025-03-14 20:19:58,115,boredom,False
S0004137,U04839,active_engager,2025-07-30 00:46:34,2025-07-30 01:28:34,42,goal_completed,False
S0004138,U01202,binge_user,2025-01-24 22:42:52,2025-01-25 00:18:52,96,boredom,False
S0004139,U04165,passive_scroller,2026-04-15 23:22:28,2026-04-15 23:28:28,6,goal_completed,False
S0004140,U01310,binge_user,2025-12-17 08:40:04,2025-12-17 09:12:04,32,boredom,False
S0004141,U00321,trend_hopper,2025-06-09 13:26:37,2025-06-09 13:32:37,6,interruption,False
S0004142,U01107,trend_hopper,2025-11-08 08:29:08,2025-11-08 08:48:08,19,fatigue,True
S0004143,U00094,active_engager,2026-01-09 01:02:32,2026-01-09 01:15:32,13,interruption,False
S0004144,U03443,trend_hopper,2025-10-10 23:51:36,2025-10-11 00:08:36,17,boredom,False
S0004145,U01683,passive_scroller,2025-04-03 21:15:07,2025-04-03 21:21:07,6,fatigue,False
S0004146,U03061,passive_scroller,2025-10-05 20:38:38,2025-10-05 20:44:38,6,interruption,True
S0004147,U03987,active_engager,2026-04-06 22:01:29,2026-04-06 22:35:29,34,boredom,False
S0004148,U01821,binge_user,2025-09-04 21:10:58,2025-09-04 22:06:58,56,boredom,False
S0004149,U04274,passive_scroller,2026-03-17 12:18:21,2026-03-17 12:33:21,15,boredom,False
S0004150,U02169,passive_scroller,2025-12-01 20:41:57,2025-12-01 20:47:57,6,fatigue,False
S0004151,U00284,binge_user,2025-03-01 13:07:11,2025-03-01 14:16:11,69,interruption,True
S0004152,U01804,trend_hopper,2025-03-31 13:36:43,2025-03-31 13:47:43,11,fatigue,False
S0004153,U01157,active_engager,2025-11-01 19:56:26,2025-11-01 20:14:26,18,fatigue,True
S0004154,U03359,active_engager,2025-09-21 19:14:59,2025-09-21 19:52:59,38,goal_completed,True
S0004155,U01469,trend_hopper,2025-02-23 20:28:44,2025-02-23 20:56:44,28,interruption,True
S0004156,U01408,binge_user,2025-09-05 21:48:33,2025-09-05 22:56:33,68,interruption,False
S0004157,U01034,active_engager,2025-07-27 21:20:29,2025-07-27 22:10:29,50,goal_completed,True
S0004158,U02847,trend_hopper,2026-02-26 22:30:23,2026-02-26 22:39:23,9,interruption,False
S0004159,U01957,binge_user,2025-02-23 23:48:01,2025-02-24 00:39:01,51,fatigue,True
S0004160,U03811,active_engager,2025-11-01 22:25:11,2025-11-01 22:45:11,20,interruption,True
S0004161,U04998,trend_hopper,2026-04-29 20:58:47,2026-04-29 21:12:47,14,fatigue,False
S0004162,U02606,trend_hopper,2025-09-08 19:23:40,2025-09-08 19:28:40,5,fatigue,False
S0004163,U00545,binge_user,2026-02-03 23:40:22,2026-02-04 00:50:22,70,goal_completed,False
S0004164,U03925,active_engager,2025-03-31 09:52:33,2025-03-31 10:12:33,20,boredom,False
S0004165,U03259,active_engager,2026-01-06 18:29:18,2026-01-06 18:41:18,12,goal_completed,False
S0004166,U00080,active_engager,2025-05-21 22:26:17,2025-05-21 22:50:17,24,boredom,False
S0004167,U03842,passive_scroller,2025-08-01 12:49:24,2025-08-01 13:03:24,14,goal_completed,False
S0004168,U01279,binge_user,2025-05-10 21:15:58,2025-05-10 21:55:58,40,interruption,True
S0004169,U01205,active_engager,2025-03-25 23:28:27,2025-03-25 23:58:27,30,goal_completed,False
S0004170,U03131,trend_hopper,2025-10-27 21:41:27,2025-10-27 21:48:27,7,boredom,False
S0004171,U03946,active_engager,2025-09-17 21:26:00,2025-09-17 21:48:00,22,boredom,False
S0004172,U01351,trend_hopper,2025-08-25 22:08:30,2025-08-25 22:24:30,16,fatigue,False
S0004173,U01324,active_engager,2025-08-21 21:39:26,2025-08-21 22:07:26,28,interruption,False
S0004174,U01729,binge_user,2025-09-25 12:13:24,2025-09-25 14:10:24,117,boredom,False
S0004175,U01479,active_engager,2025-03-29 18:41:21,2025-03-29 18:54:21,13,goal_completed,True
S0004176,U03630,active_engager,2025-12-02 22:38:34,2025-12-02 22:55:34,17,goal_completed,False
S0004177,U03848,active_engager,2025-07-22 13:10:39,2025-07-22 13:31:39,21,interruption,False
S0004178,U04541,trend_hopper,2025-12-12 19:16:45,2025-12-12 19:28:45,12,goal_completed,False
S0004179,U03434,trend_hopper,2025-01-28 00:12:07,2025-01-28 00:25:07,13,interruption,False
S0004180,U01201,trend_hopper,2025-04-28 21:24:10,2025-04-28 21:48:10,24,boredom,False
S0004181,U00502,passive_scroller,2025-11-30 21:55:09,2025-11-30 22:08:09,13,goal_completed,True
S0004182,U04148,passive_scroller,2026-02-04 08:56:27,2026-02-04 09:06:27,10,fatigue,False
S0004183,U02966,active_engager,2025-04-11 01:09:33,2025-04-11 01:40:33,31,goal_completed,False
S0004184,U01683,passive_scroller,2025-01-30 01:06:25,2025-01-30 01:13:25,7,interruption,False
S0004185,U01968,active_engager,2025-09-16 22:44:46,2025-09-16 23:03:46,19,interruption,False
S0004186,U02709,binge_user,2025-11-03 18:50:36,2025-11-03 19:32:36,42,fatigue,False
S0004187,U00950,active_engager,2025-02-23 13:19:05,2025-02-23 13:46:05,27,interruption,True
S0004188,U03997,passive_scroller,2025-01-01 23:07:17,2025-01-01 23:20:17,13,boredom,False
S0004189,U00595,passive_scroller,2025-03-19 01:49:15,2025-03-19 01:56:15,7,interruption,False
S0004190,U01978,passive_scroller,2025-10-18 00:55:40,2025-10-18 01:13:40,18,goal_completed,True
S0004191,U02556,trend_hopper,2025-10-05 21:49:45,2025-10-05 22:01:45,12,fatigue,True
S0004192,U02873,active_engager,2025-12-28 19:46:27,2025-12-28 20:22:27,36,interruption,True
S0004193,U02043,binge_user,2026-03-27 13:39:58,2026-03-27 14:42:58,63,boredom,False
S0004194,U04631,binge_user,2025-05-01 19:09:37,2025-05-01 20:08:37,59,boredom,False
S0004195,U03105,trend_hopper,2025-12-25 23:27:20,2025-12-25 23:45:20,18,interruption,False
S0004196,U04186,passive_scroller,2025-05-18 20:36:59,2025-05-18 20:44:59,8,boredom,True
S0004197,U04572,active_engager,2025-02-11 23:32:04,2025-02-12 00:11:04,39,interruption,False
S0004198,U02334,trend_hopper,2025-01-11 00:13:35,2025-01-11 00:23:35,10,goal_completed,True
S0004199,U02097,trend_hopper,2026-04-16 19:52:41,2026-04-16 20:04:41,12,boredom,False
S0004200,U02565,binge_user,2025-03-16 18:59:48,2025-03-16 20:15:48,76,goal_completed,True
S0004201,U04483,trend_hopper,2025-09-04 19:58:02,2025-09-04 20:22:02,24,goal_completed,False
S0004202,U03929,trend_hopper,2025-07-06 20:03:53,2025-07-06 20:16:53,13,goal_completed,True
S0004203,U00470,active_engager,2025-04-20 23:24:31,2025-04-20 23:46:31,22,boredom,True
S0004204,U02521,active_engager,2025-08-31 22:23:04,2025-08-31 23:02:04,39,boredom,True
S0004205,U00966,passive_scroller,2025-10-20 01:08:39,2025-10-20 01:16:39,8,fatigue,False
S0004206,U01440,passive_scroller,2025-08-09 19:44:07,2025-08-09 19:46:07,2,fatigue,True
S0004207,U04118,binge_user,2025-07-14 01:14:02,2025-07-14 02:01:02,47,boredom,False
S0004208,U00002,passive_scroller,2025-08-07 23:29:14,2025-08-07 23:32:14,3,fatigue,False
S0004209,U01180,trend_hopper,2025-03-08 23:42:53,2025-03-09 00:02:53,20,boredom,True
S0004210,U02301,active_engager,2025-06-28 18:21:18,2025-06-28 18:46:18,25,interruption,True
S0004211,U04906,trend_hopper,2025-03-24 21:26:07,2025-03-24 21:47:07,21,interruption,False
S0004212,U03071,passive_scroller,2025-11-03 00:34:04,2025-11-03 00:36:04,2,interruption,False
S0004213,U00864,passive_scroller,2026-02-13 13:29:31,2026-02-13 13:34:31,5,fatigue,False
S0004214,U01940,passive_scroller,2025-08-01 19:52:58,2025-08-01 20:07:58,15,boredom,False
S0004215,U01374,active_engager,2025-04-23 18:31:47,2025-04-23 19:11:47,40,goal_completed,False
S0004216,U02991,trend_hopper,2025-04-07 22:23:19,2025-04-07 22:40:19,17,interruption,False
S0004217,U01869,passive_scroller,2026-04-04 23:19:58,2026-04-04 23:29:58,10,interruption,True
S0004218,U00195,binge_user,2026-02-26 20:52:52,2026-02-26 22:45:52,113,fatigue,False
S0004219,U02030,active_engager,2025-09-10 01:43:33,2025-09-10 02:07:33,24,interruption,False
S0004220,U03725,passive_scroller,2025-06-04 12:13:02,2025-06-04 12:28:02,15,fatigue,False
S0004221,U01927,trend_hopper,2025-03-03 23:30:18,2025-03-03 23:38:18,8,goal_completed,False
S0004222,U03174,binge_user,2025-04-06 23:40:06,2025-04-07 02:02:06,142,boredom,True
S0004223,U00049,active_engager,2025-01-22 00:46:30,2025-01-22 00:59:30,13,boredom,False
S0004224,U00191,passive_scroller,2025-01-09 18:48:56,2025-01-09 18:53:56,5,goal_completed,False
S0004225,U04362,passive_scroller,2025-12-10 01:20:44,2025-12-10 01:25:44,5,fatigue,False
S0004226,U04560,active_engager,2025-03-14 18:19:02,2025-03-14 18:41:02,22,boredom,False
S0004227,U01276,active_engager,2025-07-23 13:14:08,2025-07-23 13:49:08,35,fatigue,False
S0004228,U02902,active_engager,2026-03-13 20:08:11,2026-03-13 20:53:11,45,goal_completed,False
S0004229,U01744,binge_user,2025-07-11 20:39:11,2025-07-11 22:13:11,94,fatigue,False
S0004230,U02630,trend_hopper,2025-10-28 12:12:33,2025-10-28 12:22:33,10,fatigue,False
S0004231,U00848,active_engager,2026-03-13 18:33:32,2026-03-13 18:54:32,21,interruption,False
S0004232,U03113,binge_user,2025-12-30 08:34:32,2025-12-30 09:06:32,32,interruption,False
S0004233,U00528,active_engager,2025-11-03 22:54:59,2025-11-03 23:05:59,11,fatigue,False
S0004234,U03963,passive_scroller,2025-10-15 01:41:40,2025-10-15 01:51:40,10,interruption,False
S0004235,U02982,passive_scroller,2025-06-17 19:48:19,2025-06-17 20:00:19,12,interruption,False
S0004236,U00864,passive_scroller,2026-02-24 23:07:24,2026-02-24 23:21:24,14,interruption,False
S0004237,U01586,binge_user,2025-10-13 18:42:52,2025-10-13 19:40:52,58,interruption,False
S0004238,U01887,trend_hopper,2025-04-17 23:08:40,2025-04-17 23:31:40,23,boredom,False
S0004239,U02172,trend_hopper,2025-12-22 00:54:49,2025-12-22 01:10:49,16,goal_completed,False
S0004240,U00767,passive_scroller,2025-04-17 19:34:52,2025-04-17 19:48:52,14,interruption,False
S0004241,U00844,passive_scroller,2026-02-15 23:25:49,2026-02-15 23:32:49,7,fatigue,True
S0004242,U04482,binge_user,2025-04-02 23:15:30,2025-04-02 23:51:30,36,goal_completed,False
S0004243,U04544,active_engager,2025-07-21 19:33:25,2025-07-21 20:13:25,40,boredom,False
S0004244,U04024,active_engager,2025-01-02 09:15:37,2025-01-02 09:56:37,41,interruption,False
S0004245,U04527,binge_user,2025-05-04 21:18:36,2025-05-04 22:06:36,48,goal_completed,True
S0004246,U01125,active_engager,2025-05-27 20:13:15,2025-05-27 20:55:15,42,fatigue,False
S0004247,U00473,active_engager,2026-03-14 12:07:13,2026-03-14 12:58:13,51,interruption,True
S0004248,U00628,binge_user,2025-06-26 22:27:01,2025-06-26 23:30:01,63,interruption,False
S0004249,U03581,trend_hopper,2025-03-10 22:57:45,2025-03-10 23:16:45,19,boredom,False
S0004250,U00444,passive_scroller,2026-03-09 19:56:59,2026-03-09 19:58:59,2,boredom,False
S0004251,U04873,passive_scroller,2026-02-04 19:15:03,2026-02-04 19:23:03,8,fatigue,False
S0004252,U03104,active_engager,2026-03-25 22:38:58,2026-03-25 23:02:58,24,interruption,False
S0004253,U01496,binge_user,2025-12-23 22:51:26,2025-12-23 23:35:26,44,fatigue,False
S0004254,U03911,passive_scroller,2025-05-19 19:28:22,2025-05-19 19:32:22,4,boredom,False
S0004255,U02351,binge_user,2026-03-23 12:40:04,2026-03-23 14:24:04,104,interruption,False
S0004256,U04958,trend_hopper,2025-04-23 20:56:36,2025-04-23 21:11:36,15,goal_completed,False
S0004257,U03435,binge_user,2026-02-05 21:21:27,2026-02-05 22:00:27,39,interruption,False
S0004258,U04653,passive_scroller,2025-08-25 19:26:40,2025-08-25 19:30:40,4,interruption,False
S0004259,U04622,trend_hopper,2025-06-23 20:56:13,2025-06-23 21:03:13,7,interruption,False
S0004260,U03576,passive_scroller,2025-04-15 13:26:55,2025-04-15 13:35:55,9,goal_completed,False
S0004261,U02760,trend_hopper,2026-03-04 13:50:19,2026-03-04 14:09:19,19,boredom,False
S0004262,U01701,passive_scroller,2025-05-14 20:39:28,2025-05-14 20:41:28,2,fatigue,False
S0004263,U00539,trend_hopper,2025-09-11 22:13:58,2025-09-11 22:37:58,24,goal_completed,False
S0004264,U00801,active_engager,2025-01-21 21:45:05,2025-01-21 22:30:05,45,interruption,False
S0004265,U00087,trend_hopper,2025-07-16 20:54:55,2025-07-16 21:12:55,18,goal_completed,False
S0004266,U00312,active_engager,2026-04-08 21:06:54,2026-04-08 21:47:54,41,interruption,False
S0004267,U04694,trend_hopper,2025-02-06 01:58:16,2025-02-06 02:13:16,15,goal_completed,False
S0004268,U03646,active_engager,2026-04-04 00:25:25,2026-04-04 01:16:25,51,goal_completed,True
S0004269,U02466,passive_scroller,2025-05-27 23:29:58,2025-05-27 23:39:58,10,goal_completed,False
S0004270,U00692,trend_hopper,2025-11-25 18:00:34,2025-11-25 18:19:34,19,fatigue,False
S0004271,U00187,active_engager,2025-09-15 23:56:28,2025-09-16 00:21:28,25,interruption,False
S0004272,U00706,trend_hopper,2026-03-24 20:59:28,2026-03-24 21:14:28,15,interruption,False
S0004273,U01979,active_engager,2026-02-13 21:01:02,2026-02-13 21:35:02,34,fatigue,False
S0004274,U03968,trend_hopper,2026-02-19 18:42:11,2026-02-19 18:50:11,8,goal_completed,False
S0004275,U04117,active_engager,2026-02-26 23:17:14,2026-02-27 00:00:14,43,interruption,False
S0004276,U01951,passive_scroller,2025-08-12 22:34:00,2025-08-12 22:47:00,13,fatigue,False
S0004277,U04704,active_engager,2025-05-03 22:06:56,2025-05-03 22:21:56,15,interruption,True
S0004278,U00301,trend_hopper,2025-02-15 09:42:58,2025-02-15 09:49:58,7,interruption,True
S0004279,U03825,binge_user,2025-11-10 00:54:17,2025-11-10 01:51:17,57,boredom,False
S0004280,U03593,active_engager,2025-12-11 23:04:07,2025-12-11 23:32:07,28,boredom,False
S0004281,U04594,active_engager,2025-05-29 08:32:39,2025-05-29 09:13:39,41,boredom,False
S0004282,U04570,trend_hopper,2025-08-12 09:37:30,2025-08-12 09:50:30,13,interruption,False
S0004283,U01575,trend_hopper,2025-09-17 01:10:27,2025-09-17 01:20:27,10,goal_completed,False
S0004284,U03643,active_engager,2026-04-25 21:30:50,2026-04-25 22:19:50,49,fatigue,True
S0004285,U04747,trend_hopper,2025-08-31 23:01:44,2025-08-31 23:14:44,13,boredom,True
S0004286,U00805,binge_user,2026-02-07 22:05:32,2026-02-07 23:21:32,76,fatigue,True
S0004287,U03708,binge_user,2026-03-22 21:16:41,2026-03-22 21:53:41,37,fatigue,True
S0004288,U03472,trend_hopper,2025-09-14 22:26:16,2025-09-14 22:45:16,19,interruption,True
S0004289,U01516,passive_scroller,2025-12-05 20:32:54,2025-12-05 20:45:54,13,goal_completed,False
S0004290,U01624,passive_scroller,2025-02-22 13:01:37,2025-02-22 13:13:37,12,fatigue,True
S0004291,U00635,trend_hopper,2025-01-24 22:50:15,2025-01-24 23:06:15,16,fatigue,False
S0004292,U03934,binge_user,2025-03-04 12:05:11,2025-03-04 13:58:11,113,interruption,False
S0004293,U02065,passive_scroller,2025-04-24 18:07:35,2025-04-24 18:21:35,14,fatigue,False
S0004294,U04434,trend_hopper,2025-09-24 22:46:16,2025-09-24 23:10:16,24,goal_completed,False
S0004295,U03995,active_engager,2026-03-19 12:46:51,2026-03-19 13:26:51,40,goal_completed,False
S0004296,U01704,active_engager,2026-02-18 21:46:06,2026-02-18 22:30:06,44,goal_completed,False
S0004297,U03946,active_engager,2025-06-24 23:48:32,2025-06-25 00:12:32,24,boredom,False
S0004298,U02497,binge_user,2026-03-05 20:58:31,2026-03-05 22:16:31,78,interruption,False
S0004299,U00391,passive_scroller,2025-08-29 22:18:22,2025-08-29 22:22:22,4,boredom,False
S0004300,U02033,active_engager,2025-02-28 18:59:55,2025-02-28 19:27:55,28,fatigue,False
S0004301,U03541,trend_hopper,2026-04-14 22:48:52,2026-04-14 23:11:52,23,interruption,False
S0004302,U02717,active_engager,2025-05-02 21:15:00,2025-05-02 21:33:00,18,fatigue,False
S0004303,U04769,binge_user,2026-04-04 20:54:14,2026-04-04 22:10:14,76,fatigue,True
S0004304,U04645,passive_scroller,2025-09-02 09:20:19,2025-09-02 09:25:19,5,goal_completed,False
S0004305,U00957,trend_hopper,2025-04-15 20:35:00,2025-04-15 20:44:00,9,interruption,False
S0004306,U02027,trend_hopper,2025-12-09 20:11:24,2025-12-09 20:16:24,5,boredom,False
S0004307,U03895,trend_hopper,2026-01-03 21:31:20,2026-01-03 21:44:20,13,goal_completed,True
S0004308,U02956,passive_scroller,2025-03-07 21:53:38,2025-03-07 22:07:38,14,fatigue,False
S0004309,U04362,passive_scroller,2025-06-15 12:42:24,2025-06-15 13:00:24,18,fatigue,True
S0004310,U04549,binge_user,2026-03-18 12:05:02,2026-03-18 13:24:02,79,boredom,False
S0004311,U03004,binge_user,2025-12-18 23:23:26,2025-12-19 00:32:26,69,boredom,False
S0004312,U02649,passive_scroller,2025-05-22 22:09:25,2025-05-22 22:22:25,13,interruption,False
S0004313,U01526,active_engager,2025-06-11 18:34:32,2025-06-11 18:55:32,21,interruption,False
S0004314,U00167,active_engager,2026-03-29 00:31:29,2026-03-29 01:13:29,42,boredom,True
S0004315,U03936,active_engager,2025-02-22 20:08:57,2025-02-22 20:21:57,13,interruption,True
S0004316,U02951,active_engager,2026-01-01 09:32:48,2026-01-01 09:47:48,15,interruption,False
S0004317,U01033,binge_user,2025-04-29 18:30:38,2025-04-29 19:48:38,78,fatigue,False
S0004318,U01938,binge_user,2025-08-01 20:40:42,2025-08-01 21:44:42,64,fatigue,False
S0004319,U03937,passive_scroller,2026-01-30 19:15:23,2026-01-30 19:18:23,3,boredom,False
S0004320,U04991,passive_scroller,2025-10-15 20:49:39,2025-10-15 21:01:39,12,goal_completed,False
S0004321,U02369,binge_user,2025-02-16 20:03:30,2025-02-16 20:42:30,39,fatigue,True
S0004322,U02969,passive_scroller,2026-02-18 18:06:25,2026-02-18 18:20:25,14,boredom,False
S0004323,U00621,binge_user,2025-05-14 20:38:34,2025-05-14 22:16:34,98,boredom,False
S0004324,U00210,trend_hopper,2026-04-07 18:10:09,2026-04-07 18:27:09,17,fatigue,False
S0004325,U00858,active_engager,2026-03-31 21:58:57,2026-03-31 22:41:57,43,boredom,False
S0004326,U05000,active_engager,2025-09-24 21:07:27,2025-09-24 21:46:27,39,goal_completed,False
S0004327,U02635,binge_user,2025-01-13 18:22:18,2025-01-13 19:43:18,81,fatigue,False
S0004328,U04438,binge_user,2025-06-06 22:02:36,2025-06-06 23:26:36,84,boredom,False
S0004329,U00887,active_engager,2025-07-27 22:26:39,2025-07-27 23:05:39,39,fatigue,True
S0004330,U00449,active_engager,2025-12-20 21:40:39,2025-12-20 21:59:39,19,boredom,True
S0004331,U00162,passive_scroller,2025-11-08 01:46:54,2025-11-08 01:54:54,8,fatigue,True
S0004332,U04947,active_engager,2025-06-26 19:01:28,2025-06-26 19:33:28,32,boredom,False
S0004333,U04486,trend_hopper,2026-01-14 00:45:43,2026-01-14 01:04:43,19,boredom,False
S0004334,U02564,trend_hopper,2026-01-12 21:51:48,2026-01-12 22:09:48,18,interruption,False
S0004335,U01760,trend_hopper,2025-12-19 21:25:57,2025-12-19 21:49:57,24,fatigue,False
S0004336,U03348,trend_hopper,2025-09-10 01:46:56,2025-09-10 01:51:56,5,interruption,False
S0004337,U03538,passive_scroller,2025-11-23 23:11:02,2025-11-23 23:26:02,15,interruption,True
S0004338,U00169,binge_user,2025-12-09 22:34:02,2025-12-09 23:04:02,30,fatigue,False
S0004339,U04999,passive_scroller,2025-07-04 22:51:58,2025-07-04 23:06:58,15,goal_completed,False
S0004340,U00615,passive_scroller,2026-02-02 20:46:44,2026-02-02 20:56:44,10,boredom,False
S0004341,U00757,trend_hopper,2026-04-12 19:07:33,2026-04-12 19:14:33,7,fatigue,True
S0004342,U00390,trend_hopper,2026-01-13 22:27:48,2026-01-13 22:48:48,21,fatigue,False
S0004343,U02072,binge_user,2025-10-26 18:19:43,2025-10-26 20:35:43,136,fatigue,True
S0004344,U04014,passive_scroller,2025-05-14 01:18:58,2025-05-14 01:24:58,6,fatigue,False
S0004345,U03024,passive_scroller,2026-03-22 23:07:02,2026-03-22 23:10:02,3,goal_completed,True
S0004346,U01435,trend_hopper,2025-03-12 12:53:14,2025-03-12 13:17:14,24,goal_completed,False
S0004347,U04447,passive_scroller,2025-06-11 01:35:57,2025-06-11 01:43:57,8,fatigue,False
S0004348,U02379,active_engager,2025-06-11 08:56:02,2025-06-11 09:08:02,12,goal_completed,False
S0004349,U04330,passive_scroller,2025-06-10 23:40:50,2025-06-10 23:42:50,2,interruption,False
S0004350,U01856,binge_user,2025-06-05 22:27:57,2025-06-06 00:10:57,103,fatigue,False
S0004351,U02648,binge_user,2025-08-18 18:41:54,2025-08-18 19:51:54,70,boredom,False
S0004352,U00620,binge_user,2025-01-05 23:24:33,2025-01-06 00:40:33,76,goal_completed,True
S0004353,U03392,binge_user,2026-01-08 00:15:02,2026-01-08 01:14:02,59,fatigue,False
S0004354,U03084,passive_scroller,2025-06-12 23:10:03,2025-06-12 23:25:03,15,boredom,False
S0004355,U02735,binge_user,2025-08-05 20:05:41,2025-08-05 21:42:41,97,goal_completed,False
S0004356,U04684,active_engager,2026-05-01 22:30:51,2026-05-01 23:09:51,39,boredom,False
S0004357,U02841,active_engager,2025-09-01 19:52:18,2025-09-01 20:33:18,41,fatigue,False
S0004358,U02218,binge_user,2025-10-02 20:25:55,2025-10-02 22:17:55,112,fatigue,False
S0004359,U01971,trend_hopper,2025-03-06 23:55:45,2025-03-07 00:00:45,5,interruption,False
S0004360,U03321,trend_hopper,2025-08-14 23:22:33,2025-08-14 23:43:33,21,interruption,False
S0004361,U01940,passive_scroller,2025-10-18 12:11:17,2025-10-18 12:23:17,12,fatigue,True
S0004362,U01429,passive_scroller,2025-10-05 21:27:22,2025-10-05 21:42:22,15,boredom,True
S0004363,U02694,binge_user,2025-02-22 13:53:19,2025-02-22 15:49:19,116,boredom,True
S0004364,U03551,passive_scroller,2026-01-21 00:31:51,2026-01-21 00:46:51,15,boredom,False
S0004365,U02949,trend_hopper,2025-06-24 00:32:14,2025-06-24 00:52:14,20,fatigue,False
S0004366,U03622,passive_scroller,2026-02-06 23:12:43,2026-02-06 23:16:43,4,boredom,False
S0004367,U04638,binge_user,2025-01-02 20:11:45,2025-01-02 20:48:45,37,boredom,False
S0004368,U01194,binge_user,2026-01-31 22:12:54,2026-01-31 23:44:54,92,fatigue,True
S0004369,U00606,binge_user,2025-02-24 01:08:44,2025-02-24 02:29:44,81,boredom,False
S0004370,U00128,active_engager,2025-06-28 01:55:48,2025-06-28 02:19:48,24,interruption,True
S0004371,U01727,trend_hopper,2025-12-24 18:47:14,2025-12-24 18:55:14,8,boredom,False
S0004372,U01636,active_engager,2025-12-31 22:48:03,2025-12-31 23:10:03,22,boredom,False
S0004373,U03888,active_engager,2025-02-15 00:53:26,2025-02-15 01:45:26,52,boredom,True
S0004374,U04036,binge_user,2025-10-31 20:58:38,2025-10-31 22:58:38,120,boredom,False
S0004375,U04878,active_engager,2025-02-20 01:22:15,2025-02-20 01:49:15,27,boredom,False
S0004376,U02288,binge_user,2026-01-07 20:37:13,2026-01-07 21:59:13,82,boredom,False
S0004377,U02256,trend_hopper,2025-03-07 21:22:07,2025-03-07 21:27:07,5,fatigue,False
S0004378,U02978,trend_hopper,2026-04-24 19:34:54,2026-04-24 19:51:54,17,fatigue,False
S0004379,U04664,active_engager,2026-04-23 22:55:34,2026-04-23 23:13:34,18,fatigue,False
S0004380,U02910,active_engager,2025-11-24 20:53:48,2025-11-24 21:33:48,40,goal_completed,False
S0004381,U00714,active_engager,2025-01-16 13:59:55,2025-01-16 14:17:55,18,fatigue,False
S0004382,U02127,trend_hopper,2025-06-10 21:52:24,2025-06-10 22:15:24,23,fatigue,False
S0004383,U01823,trend_hopper,2025-11-23 22:06:13,2025-11-23 22:33:13,27,interruption,True
S0004384,U00639,binge_user,2025-01-02 19:38:49,2025-01-02 20:30:49,52,fatigue,False
S0004385,U00971,trend_hopper,2025-08-19 01:06:49,2025-08-19 01:15:49,9,fatigue,False
S0004386,U02679,trend_hopper,2026-02-21 22:59:56,2026-02-21 23:14:56,15,fatigue,True
S0004387,U00623,passive_scroller,2025-04-19 21:27:31,2025-04-19 21:40:31,13,boredom,True
S0004388,U03181,binge_user,2025-03-15 22:55:23,2025-03-15 23:57:23,62,interruption,True
S0004389,U02029,passive_scroller,2026-04-24 21:40:45,2026-04-24 21:48:45,8,boredom,False
S0004390,U01336,active_engager,2025-06-14 01:41:39,2025-06-14 02:23:39,42,fatigue,True
S0004391,U02657,trend_hopper,2025-09-09 13:49:59,2025-09-09 14:14:59,25,goal_completed,False
S0004392,U04783,trend_hopper,2026-03-28 09:04:52,2026-03-28 09:29:52,25,goal_completed,True
S0004393,U01889,trend_hopper,2025-05-16 12:37:39,2025-05-16 12:45:39,8,fatigue,False
S0004394,U01202,binge_user,2025-03-28 21:31:15,2025-03-28 23:03:15,92,interruption,False
S0004395,U01337,active_engager,2025-12-10 01:13:05,2025-12-10 01:53:05,40,fatigue,False
S0004396,U04478,passive_scroller,2025-05-09 12:22:09,2025-05-09 12:35:09,13,goal_completed,False
S0004397,U04163,active_engager,2025-03-29 23:48:23,2025-03-30 00:08:23,20,goal_completed,True
S0004398,U04249,trend_hopper,2026-02-24 08:25:21,2026-02-24 08:48:21,23,boredom,False
S0004399,U02708,passive_scroller,2025-01-03 21:03:39,2025-01-03 21:05:39,2,interruption,False
S0004400,U01608,trend_hopper,2025-04-10 00:40:43,2025-04-10 00:50:43,10,boredom,False
S0004401,U00949,trend_hopper,2026-02-11 00:14:43,2026-02-11 00:27:43,13,fatigue,False
S0004402,U00901,active_engager,2026-03-01 22:17:33,2026-03-01 22:51:33,34,goal_completed,True
S0004403,U02265,binge_user,2026-03-30 23:25:24,2026-03-31 01:21:24,116,boredom,False
S0004404,U00224,passive_scroller,2026-04-30 23:07:55,2026-04-30 23:22:55,15,interruption,False
S0004405,U02543,binge_user,2025-09-11 13:21:33,2025-09-11 14:56:33,95,fatigue,False
S0004406,U01295,passive_scroller,2025-07-31 21:32:32,2025-07-31 21:44:32,12,fatigue,False
S0004407,U00938,passive_scroller,2025-04-05 18:09:21,2025-04-05 18:16:21,7,interruption,True
S0004408,U04305,passive_scroller,2026-03-26 20:55:14,2026-03-26 21:04:14,9,goal_completed,False
S0004409,U00567,binge_user,2025-06-28 20:38:43,2025-06-28 22:32:43,114,interruption,True
S0004410,U00252,binge_user,2025-07-31 23:03:43,2025-08-01 00:35:43,92,boredom,False
S0004411,U04189,trend_hopper,2025-08-04 19:20:57,2025-08-04 19:41:57,21,fatigue,False
S0004412,U00946,binge_user,2025-06-03 00:05:18,2025-06-03 01:32:18,87,goal_completed,False
S0004413,U00723,active_engager,2025-12-26 22:03:10,2025-12-26 22:18:10,15,fatigue,False
S0004414,U01166,binge_user,2025-11-04 21:36:38,2025-11-04 22:16:38,40,interruption,False
S0004415,U02535,passive_scroller,2025-01-24 21:16:27,2025-01-24 21:28:27,12,goal_completed,False
S0004416,U04556,active_engager,2025-01-08 20:39:41,2025-01-08 20:52:41,13,goal_completed,False
S0004417,U01732,active_engager,2026-03-12 21:55:41,2026-03-12 22:05:41,10,boredom,False
S0004418,U01605,binge_user,2025-03-20 01:24:27,2025-03-20 03:22:27,118,fatigue,False
S0004419,U04340,active_engager,2025-02-10 19:41:26,2025-02-10 20:19:26,38,interruption,False
S0004420,U03099,passive_scroller,2026-01-28 00:02:38,2026-01-28 00:14:38,12,boredom,False
S0004421,U04049,active_engager,2026-01-17 23:05:27,2026-01-17 23:36:27,31,goal_completed,True
S0004422,U01201,trend_hopper,2025-11-03 00:52:43,2025-11-03 01:12:43,20,fatigue,False
S0004423,U03293,binge_user,2025-07-31 23:20:57,2025-08-01 00:41:57,81,fatigue,False
S0004424,U01196,binge_user,2025-12-15 20:21:27,2025-12-15 21:25:27,64,goal_completed,False
S0004425,U03594,passive_scroller,2026-04-11 23:31:19,2026-04-11 23:39:19,8,fatigue,True
S0004426,U00195,binge_user,2026-02-15 23:57:33,2026-02-16 01:25:33,88,fatigue,True
S0004427,U00691,trend_hopper,2025-09-21 01:28:39,2025-09-21 01:53:39,25,boredom,True
S0004428,U02593,active_engager,2025-01-09 21:21:51,2025-01-09 21:32:51,11,goal_completed,False
S0004429,U00445,binge_user,2026-04-09 22:48:19,2026-04-09 23:58:19,70,boredom,False
S0004430,U02157,passive_scroller,2025-12-02 09:23:44,2025-12-02 09:38:44,15,fatigue,False
S0004431,U01308,passive_scroller,2025-05-10 23:37:09,2025-05-10 23:41:09,4,boredom,True
S0004432,U02303,binge_user,2026-02-13 23:00:50,2026-02-14 00:42:50,102,interruption,False
S0004433,U00925,passive_scroller,2026-01-28 01:08:25,2026-01-28 01:12:25,4,interruption,False
S0004434,U01431,binge_user,2025-09-17 19:30:13,2025-09-17 21:00:13,90,boredom,False
S0004435,U00145,passive_scroller,2025-04-22 13:07:14,2025-04-22 13:15:14,8,fatigue,False
S0004436,U00922,trend_hopper,2025-12-20 00:46:53,2025-12-20 01:05:53,19,fatigue,True
S0004437,U00111,active_engager,2025-01-22 12:14:18,2025-01-22 12:30:18,16,goal_completed,False
S0004438,U02309,passive_scroller,2026-04-28 23:43:45,2026-04-28 23:46:45,3,fatigue,False
S0004439,U02020,trend_hopper,2025-02-04 20:51:40,2025-02-04 21:08:40,17,interruption,False
S0004440,U04670,passive_scroller,2025-01-18 20:55:09,2025-01-18 21:02:09,7,interruption,True
S0004441,U03558,passive_scroller,2025-03-18 22:58:20,2025-03-18 23:00:20,2,goal_completed,False
S0004442,U00078,passive_scroller,2026-03-19 00:42:14,2026-03-19 00:51:14,9,interruption,False
S0004443,U03184,passive_scroller,2026-03-24 22:19:03,2026-03-24 22:33:03,14,boredom,False
S0004444,U04147,passive_scroller,2026-01-09 22:46:17,2026-01-09 22:55:17,9,boredom,False
S0004445,U00898,binge_user,2025-10-04 23:48:05,2025-10-05 01:26:05,98,fatigue,True
S0004446,U01309,active_engager,2025-02-14 21:59:17,2025-02-14 22:23:17,24,interruption,False
S0004447,U03195,passive_scroller,2025-07-23 21:16:56,2025-07-23 21:28:56,12,interruption,False
S0004448,U04789,active_engager,2025-05-26 19:53:52,2025-05-26 20:08:52,15,fatigue,False
S0004449,U02551,active_engager,2025-05-30 00:49:47,2025-05-30 01:01:47,12,interruption,False
S0004450,U04639,passive_scroller,2026-01-10 13:35:40,2026-01-10 13:42:40,7,goal_completed,True
S0004451,U04360,trend_hopper,2025-05-09 23:04:00,2025-05-09 23:14:00,10,goal_completed,False
S0004452,U01603,binge_user,2025-08-19 22:14:22,2025-08-19 23:05:22,51,boredom,False
S0004453,U01219,active_engager,2025-11-20 23:09:11,2025-11-20 23:22:11,13,boredom,False
S0004454,U03879,trend_hopper,2025-06-08 00:56:11,2025-06-08 01:17:11,21,boredom,True
S0004455,U03376,binge_user,2025-04-05 19:12:18,2025-04-05 19:51:18,39,interruption,True
S0004456,U04696,passive_scroller,2025-05-24 23:59:32,2025-05-25 00:01:32,2,interruption,True
S0004457,U03890,binge_user,2025-01-29 23:07:40,2025-01-30 00:36:40,89,fatigue,False
S0004458,U00310,active_engager,2025-05-14 21:47:14,2025-05-14 21:58:14,11,interruption,False
S0004459,U01318,passive_scroller,2025-10-02 21:11:40,2025-10-02 21:16:40,5,boredom,False
S0004460,U02480,passive_scroller,2025-11-05 18:07:06,2025-11-05 18:11:06,4,boredom,False
S0004461,U01703,active_engager,2025-03-13 19:11:38,2025-03-13 19:39:38,28,interruption,False
S0004462,U04375,active_engager,2026-03-05 20:17:48,2026-03-05 20:36:48,19,fatigue,False
S0004463,U02878,binge_user,2025-03-04 18:10:44,2025-03-04 19:24:44,74,interruption,False
S0004464,U01182,passive_scroller,2025-09-21 13:20:36,2025-09-21 13:22:36,2,goal_completed,True
S0004465,U02544,trend_hopper,2026-04-09 13:34:04,2026-04-09 13:42:04,8,boredom,False
S0004466,U02044,trend_hopper,2025-05-11 23:29:06,2025-05-11 23:47:06,18,interruption,True
S0004467,U04549,binge_user,2026-04-24 19:42:05,2026-04-24 20:14:05,32,fatigue,False
S0004468,U04825,binge_user,2026-04-18 22:37:17,2026-04-19 00:34:17,117,boredom,True
S0004469,U03236,trend_hopper,2025-02-03 12:09:32,2025-02-03 12:30:32,21,goal_completed,False
S0004470,U04344,binge_user,2025-05-28 00:26:53,2025-05-28 02:06:53,100,interruption,False
S0004471,U04416,active_engager,2025-03-23 22:13:21,2025-03-23 22:58:21,45,fatigue,True
S0004472,U02694,binge_user,2026-04-07 13:27:40,2026-04-07 15:09:40,102,interruption,False
S0004473,U01336,active_engager,2026-04-06 21:38:16,2026-04-06 22:02:16,24,boredom,False
S0004474,U03161,passive_scroller,2025-03-10 22:53:10,2025-03-10 22:59:10,6,interruption,False
S0004475,U01871,trend_hopper,2025-07-04 19:25:52,2025-07-04 19:50:52,25,goal_completed,False
S0004476,U03315,passive_scroller,2025-02-22 01:33:44,2025-02-22 01:46:44,13,interruption,True
S0004477,U04302,trend_hopper,2026-03-14 00:46:28,2026-03-14 00:56:28,10,fatigue,True
S0004478,U01061,passive_scroller,2025-11-12 01:43:34,2025-11-12 01:47:34,4,boredom,False
S0004479,U04245,active_engager,2025-05-24 01:01:05,2025-05-24 01:39:05,38,goal_completed,True
S0004480,U02875,passive_scroller,2025-07-26 19:36:06,2025-07-26 19:42:06,6,goal_completed,True
S0004481,U00019,passive_scroller,2025-10-13 13:15:10,2025-10-13 13:21:10,6,goal_completed,False
S0004482,U00885,passive_scroller,2025-04-04 18:59:32,2025-04-04 19:10:32,11,fatigue,False
S0004483,U01160,passive_scroller,2025-08-31 00:11:58,2025-08-31 00:20:58,9,fatigue,True
S0004484,U01716,binge_user,2026-01-10 23:13:33,2026-01-11 00:05:33,52,boredom,True
S0004485,U00667,trend_hopper,2025-09-13 13:42:37,2025-09-13 14:04:37,22,boredom,True
S0004486,U04383,active_engager,2026-04-15 13:01:34,2026-04-15 13:28:34,27,boredom,False
S0004487,U03167,passive_scroller,2025-10-18 20:49:23,2025-10-18 20:57:23,8,boredom,True
S0004488,U01844,binge_user,2025-10-16 12:03:08,2025-10-16 13:35:08,92,interruption,False
S0004489,U04072,active_engager,2025-12-22 22:45:50,2025-12-22 23:28:50,43,boredom,False
S0004490,U01729,binge_user,2026-01-30 19:18:43,2026-01-30 20:13:43,55,boredom,False
S0004491,U02829,binge_user,2026-02-08 12:28:28,2026-02-08 14:05:28,97,boredom,True
S0004492,U03277,trend_hopper,2025-03-07 18:33:12,2025-03-07 18:46:12,13,fatigue,False
S0004493,U03524,passive_scroller,2025-06-17 19:59:53,2025-06-17 20:14:53,15,fatigue,False
S0004494,U03399,binge_user,2025-02-18 19:31:21,2025-02-18 21:27:21,116,goal_completed,False
S0004495,U02931,active_engager,2025-04-19 22:35:10,2025-04-19 22:49:10,14,fatigue,True
S0004496,U01936,trend_hopper,2025-12-16 22:07:54,2025-12-16 22:18:54,11,goal_completed,False
S0004497,U03614,binge_user,2025-07-26 23:32:54,2025-07-27 01:47:54,135,fatigue,True
S0004498,U00008,binge_user,2026-03-07 22:21:07,2026-03-07 23:23:07,62,boredom,True
S0004499,U04705,trend_hopper,2025-01-07 00:55:01,2025-01-07 01:02:01,7,interruption,False
S0004500,U04957,trend_hopper,2026-03-08 18:05:45,2026-03-08 18:27:45,22,fatigue,True
S0004501,U04337,binge_user,2025-04-09 01:25:11,2025-04-09 03:17:11,112,boredom,False
S0004502,U01434,active_engager,2025-08-27 13:34:47,2025-08-27 13:59:47,25,goal_completed,False
S0004503,U00841,trend_hopper,2025-10-30 01:13:28,2025-10-30 01:32:28,19,goal_completed,False
S0004504,U01007,active_engager,2025-05-18 18:34:09,2025-05-18 19:20:09,46,fatigue,True
S0004505,U00065,binge_user,2025-07-07 22:05:30,2025-07-07 23:26:30,81,interruption,False
S0004506,U02942,active_engager,2025-07-13 01:55:13,2025-07-13 02:19:13,24,fatigue,True
S0004507,U00436,active_engager,2025-02-03 01:53:05,2025-02-03 02:34:05,41,interruption,False
S0004508,U01945,passive_scroller,2025-03-24 19:36:36,2025-03-24 19:44:36,8,fatigue,False
S0004509,U00475,active_engager,2026-04-27 23:43:49,2026-04-28 00:19:49,36,interruption,False
S0004510,U00451,passive_scroller,2026-02-08 09:08:01,2026-02-08 09:18:01,10,boredom,True
S0004511,U02777,trend_hopper,2025-11-15 20:39:39,2025-11-15 20:57:39,18,goal_completed,True
S0004512,U03692,binge_user,2025-06-19 19:18:16,2025-06-19 20:27:16,69,boredom,False
S0004513,U00868,passive_scroller,2025-12-14 19:18:12,2025-12-14 19:33:12,15,interruption,True
S0004514,U03374,passive_scroller,2026-04-28 22:10:41,2026-04-28 22:19:41,9,goal_completed,False
S0004515,U04667,binge_user,2025-11-22 22:33:17,2025-11-23 00:10:17,97,goal_completed,True
S0004516,U01107,trend_hopper,2025-10-19 00:30:17,2025-10-19 00:44:17,14,boredom,True
S0004517,U00966,passive_scroller,2026-04-06 23:39:06,2026-04-06 23:48:06,9,goal_completed,False
S0004518,U01234,active_engager,2025-04-27 20:52:19,2025-04-27 21:36:19,44,goal_completed,True
S0004519,U00404,passive_scroller,2025-12-25 22:11:46,2025-12-25 22:25:46,14,interruption,False
S0004520,U04772,active_engager,2025-12-13 18:03:59,2025-12-13 18:43:59,40,goal_completed,True
S0004521,U04896,active_engager,2026-03-02 00:06:22,2026-03-02 00:51:22,45,boredom,False
S0004522,U00385,trend_hopper,2025-08-18 19:01:28,2025-08-18 19:07:28,6,interruption,False
S0004523,U00884,trend_hopper,2025-11-22 18:20:02,2025-11-22 18:42:02,22,fatigue,True
S0004524,U02179,active_engager,2025-02-28 23:55:39,2025-03-01 00:27:39,32,fatigue,False
S0004525,U01053,trend_hopper,2025-03-14 20:46:31,2025-03-14 21:08:31,22,goal_completed,False
S0004526,U04170,trend_hopper,2025-07-12 21:41:21,2025-07-12 22:03:21,22,interruption,True
S0004527,U03495,active_engager,2025-07-28 01:02:16,2025-07-28 01:25:16,23,goal_completed,False
S0004528,U04189,trend_hopper,2025-10-31 00:17:48,2025-10-31 00:27:48,10,interruption,False
S0004529,U04937,passive_scroller,2025-09-13 12:18:42,2025-09-13 12:26:42,8,boredom,True
S0004530,U04301,active_engager,2025-08-06 20:44:11,2025-08-06 21:10:11,26,goal_completed,False
S0004531,U04237,binge_user,2025-10-13 21:38:10,2025-10-13 22:53:10,75,boredom,False
S0004532,U01443,passive_scroller,2025-08-24 13:24:24,2025-08-24 13:38:24,14,interruption,True
S0004533,U00667,trend_hopper,2026-04-24 00:20:33,2026-04-24 00:35:33,15,goal_completed,False
S0004534,U00834,binge_user,2025-07-30 19:53:34,2025-07-30 21:31:34,98,interruption,False
S0004535,U03951,binge_user,2025-02-09 18:16:56,2025-02-09 19:43:56,87,interruption,True
S0004536,U03709,binge_user,2025-08-21 20:24:15,2025-08-21 21:42:15,78,fatigue,False
S0004537,U03960,binge_user,2025-07-07 21:05:18,2025-07-07 22:21:18,76,goal_completed,False
S0004538,U04011,passive_scroller,2026-01-31 19:35:27,2026-01-31 19:48:27,13,boredom,True
S0004539,U00949,trend_hopper,2026-02-11 20:45:12,2026-02-11 20:50:12,5,goal_completed,False
S0004540,U00792,active_engager,2026-02-23 20:56:05,2026-02-23 21:16:05,20,fatigue,False
S0004541,U00195,binge_user,2025-04-07 23:49:29,2025-04-08 00:37:29,48,goal_completed,False
S0004542,U02023,trend_hopper,2025-12-02 01:35:59,2025-12-02 01:47:59,12,goal_completed,False
S0004543,U02088,binge_user,2026-03-28 20:50:12,2026-03-28 23:09:12,139,fatigue,True
S0004544,U04366,active_engager,2025-02-26 21:45:14,2025-02-26 22:05:14,20,goal_completed,False
S0004545,U01664,binge_user,2025-07-30 20:53:37,2025-07-30 22:52:37,119,goal_completed,False
S0004546,U01498,binge_user,2025-09-27 22:26:14,2025-09-27 23:28:14,62,goal_completed,True
S0004547,U03820,passive_scroller,2025-05-25 19:30:53,2025-05-25 19:34:53,4,goal_completed,True
S0004548,U02630,trend_hopper,2026-04-05 21:20:37,2026-04-05 21:39:37,19,goal_completed,True
S0004549,U02976,passive_scroller,2026-02-06 18:01:56,2026-02-06 18:10:56,9,goal_completed,False
S0004550,U02454,passive_scroller,2026-04-29 13:26:18,2026-04-29 13:35:18,9,interruption,False
S0004551,U03401,trend_hopper,2025-03-18 22:35:40,2025-03-18 22:41:40,6,goal_completed,False
S0004552,U04171,passive_scroller,2026-01-04 21:18:49,2026-01-04 21:34:49,16,interruption,True
S0004553,U01146,binge_user,2026-03-05 19:57:42,2026-03-05 20:39:42,42,fatigue,False
S0004554,U04634,passive_scroller,2025-06-02 20:35:23,2025-06-02 20:37:23,2,fatigue,False
S0004555,U03342,active_engager,2026-05-01 08:58:55,2026-05-01 09:42:55,44,boredom,False
S0004556,U04961,active_engager,2026-01-22 23:58:29,2026-01-23 00:18:29,20,goal_completed,False
S0004557,U00977,binge_user,2025-03-05 22:01:54,2025-03-05 23:34:54,93,boredom,False
S0004558,U03439,binge_user,2025-10-02 20:49:03,2025-10-02 21:38:03,49,boredom,False
S0004559,U03221,passive_scroller,2025-04-12 12:35:26,2025-04-12 12:42:26,7,fatigue,True
S0004560,U03655,active_engager,2026-01-21 01:18:56,2026-01-21 01:28:56,10,fatigue,False
S0004561,U01482,binge_user,2026-03-19 01:22:26,2026-03-19 01:57:26,35,interruption,False
S0004562,U03280,active_engager,2025-01-03 00:27:19,2025-01-03 00:46:19,19,goal_completed,False
S0004563,U01058,trend_hopper,2026-01-07 13:48:07,2026-01-07 14:11:07,23,goal_completed,False
S0004564,U03952,binge_user,2025-08-28 23:19:22,2025-08-28 23:56:22,37,goal_completed,False
S0004565,U00604,trend_hopper,2025-06-29 23:18:12,2025-06-29 23:34:12,16,goal_completed,True
S0004566,U03900,binge_user,2025-12-07 22:26:34,2025-12-08 00:06:34,100,goal_completed,True
S0004567,U01997,passive_scroller,2025-08-07 22:53:15,2025-08-07 23:00:15,7,goal_completed,False
S0004568,U02097,trend_hopper,2025-03-09 18:57:33,2025-03-09 19:25:33,28,fatigue,True
S0004569,U03978,active_engager,2025-10-11 00:59:31,2025-10-11 01:45:31,46,goal_completed,True
S0004570,U00887,active_engager,2025-08-30 12:14:42,2025-08-30 12:56:42,42,interruption,True
S0004571,U00919,binge_user,2026-01-21 12:23:43,2026-01-21 13:37:43,74,goal_completed,False
S0004572,U01542,active_engager,2025-10-03 22:54:37,2025-10-03 23:38:37,44,boredom,False
S0004573,U03771,binge_user,2025-06-25 22:18:08,2025-06-25 22:58:08,40,interruption,False
S0004574,U03371,passive_scroller,2026-04-10 01:53:28,2026-04-10 02:08:28,15,goal_completed,False
S0004575,U00050,trend_hopper,2026-01-24 20:33:47,2026-01-24 20:58:47,25,goal_completed,True
S0004576,U02919,passive_scroller,2025-12-10 21:13:51,2025-12-10 21:24:51,11,fatigue,False
S0004577,U03187,passive_scroller,2025-01-28 21:02:21,2025-01-28 21:17:21,15,boredom,False
S0004578,U00059,binge_user,2025-08-27 18:12:30,2025-08-27 19:40:30,88,boredom,False
S0004579,U01076,passive_scroller,2026-02-06 23:05:36,2026-02-06 23:19:36,14,interruption,False
S0004580,U03898,active_engager,2025-07-19 21:47:14,2025-07-19 22:00:14,13,fatigue,True
S0004581,U01284,binge_user,2025-08-26 09:37:10,2025-08-26 10:39:10,62,boredom,False
S0004582,U02227,active_engager,2025-05-18 09:51:19,2025-05-18 10:24:19,33,goal_completed,True
S0004583,U03595,trend_hopper,2026-02-10 22:59:52,2026-02-10 23:10:52,11,interruption,False
S0004584,U02774,binge_user,2026-03-23 21:59:13,2026-03-23 23:52:13,113,fatigue,False
S0004585,U03006,active_engager,2025-06-27 20:57:13,2025-06-27 21:16:13,19,goal_completed,False
S0004586,U01376,passive_scroller,2025-03-08 23:08:11,2025-03-08 23:26:11,18,goal_completed,True
S0004587,U03338,passive_scroller,2026-01-21 23:54:01,2026-01-22 00:06:01,12,goal_completed,False
S0004588,U00324,active_engager,2026-01-08 20:35:21,2026-01-08 20:52:21,17,goal_completed,False
S0004589,U02760,trend_hopper,2025-05-11 13:53:20,2025-05-11 14:11:20,18,goal_completed,True
S0004590,U03215,binge_user,2025-08-14 19:52:36,2025-08-14 20:27:36,35,interruption,False
S0004591,U03240,passive_scroller,2025-05-23 22:57:08,2025-05-23 23:03:08,6,interruption,False
S0004592,U04767,binge_user,2025-02-13 19:52:49,2025-02-13 20:27:49,35,goal_completed,False
S0004593,U02811,active_engager,2026-01-07 22:04:17,2026-01-07 22:39:17,35,interruption,False
S0004594,U01781,trend_hopper,2025-03-14 20:28:54,2025-03-14 20:34:54,6,boredom,False
S0004595,U03653,trend_hopper,2025-06-17 22:32:06,2025-06-17 22:57:06,25,interruption,False
S0004596,U02527,active_engager,2025-07-05 19:36:08,2025-07-05 20:09:08,33,fatigue,True
S0004597,U00661,binge_user,2025-11-13 18:19:52,2025-11-13 19:29:52,70,goal_completed,False
S0004598,U03899,trend_hopper,2025-12-12 12:20:16,2025-12-12 12:35:16,15,fatigue,False
S0004599,U01964,passive_scroller,2026-05-01 21:32:50,2026-05-01 21:34:50,2,goal_completed,False
S0004600,U00300,trend_hopper,2025-09-28 22:11:40,2025-09-28 22:38:40,27,interruption,True
S0004601,U02586,binge_user,2025-11-01 21:35:38,2025-11-01 23:33:38,118,interruption,True
S0004602,U00479,binge_user,2025-01-03 13:44:36,2025-01-03 15:31:36,107,interruption,False
S0004603,U03996,active_engager,2025-12-24 23:18:10,2025-12-24 23:28:10,10,interruption,False
S0004604,U00148,active_engager,2025-05-29 12:13:48,2025-05-29 12:58:48,45,interruption,False
S0004605,U01705,passive_scroller,2025-03-19 23:35:59,2025-03-19 23:37:59,2,interruption,False
S0004606,U03183,binge_user,2026-04-24 13:17:29,2026-04-24 14:10:29,53,interruption,False
S0004607,U00649,active_engager,2025-07-11 20:55:02,2025-07-11 21:24:02,29,fatigue,False
S0004608,U00730,passive_scroller,2025-01-14 23:01:28,2025-01-14 23:03:28,2,goal_completed,False
S0004609,U02943,trend_hopper,2025-07-26 23:03:08,2025-07-26 23:27:08,24,goal_completed,True
S0004610,U01793,trend_hopper,2025-09-08 20:21:04,2025-09-08 20:43:04,22,interruption,False
S0004611,U03468,binge_user,2026-03-27 23:39:06,2026-03-28 00:17:06,38,goal_completed,False
S0004612,U03639,binge_user,2026-01-24 20:54:40,2026-01-24 22:21:40,87,goal_completed,True
S0004613,U02956,passive_scroller,2025-09-14 12:16:46,2025-09-14 12:29:46,13,fatigue,True
S0004614,U02965,binge_user,2025-06-19 21:16:17,2025-06-19 23:02:17,106,goal_completed,False
S0004615,U04091,active_engager,2025-04-04 19:42:45,2025-04-04 20:12:45,30,goal_completed,False
S0004616,U04267,trend_hopper,2025-06-29 09:33:16,2025-06-29 09:45:16,12,goal_completed,True
S0004617,U02188,active_engager,2025-03-27 23:30:47,2025-03-27 23:43:47,13,goal_completed,False
S0004618,U03354,active_engager,2025-04-07 18:31:50,2025-04-07 19:09:50,38,boredom,False
S0004619,U04736,binge_user,2026-02-13 01:57:12,2026-02-13 03:34:12,97,goal_completed,False
S0004620,U02022,binge_user,2025-06-07 20:15:15,2025-06-07 21:05:15,50,interruption,True
S0004621,U04931,passive_scroller,2026-01-27 00:49:14,2026-01-27 00:54:14,5,fatigue,False
S0004622,U01991,binge_user,2025-05-28 01:47:56,2025-05-28 02:53:56,66,boredom,False
S0004623,U03030,passive_scroller,2026-04-30 00:56:05,2026-04-30 01:03:05,7,goal_completed,False
S0004624,U03057,binge_user,2026-01-05 22:36:12,2026-01-06 00:13:12,97,fatigue,False
S0004625,U02123,active_engager,2025-04-09 00:31:48,2025-04-09 01:07:48,36,boredom,False
S0004626,U00833,trend_hopper,2026-01-23 22:15:38,2026-01-23 22:30:38,15,fatigue,False
S0004627,U03841,passive_scroller,2025-09-15 01:57:37,2025-09-15 01:59:37,2,interruption,False
S0004628,U03204,trend_hopper,2025-11-23 23:30:42,2025-11-23 23:54:42,24,fatigue,True
S0004629,U04951,passive_scroller,2026-03-10 20:27:01,2026-03-10 20:31:01,4,boredom,False
S0004630,U03344,passive_scroller,2026-03-24 23:29:01,2026-03-24 23:44:01,15,boredom,False
S0004631,U03516,binge_user,2025-08-09 09:39:54,2025-08-09 11:19:54,100,fatigue,True
S0004632,U01428,passive_scroller,2025-05-23 23:15:14,2025-05-23 23:29:14,14,goal_completed,False
S0004633,U02443,passive_scroller,2025-12-23 18:31:16,2025-12-23 18:37:16,6,interruption,False
S0004634,U02157,passive_scroller,2025-11-14 01:41:00,2025-11-14 01:46:00,5,interruption,False
S0004635,U01170,trend_hopper,2025-05-28 23:18:47,2025-05-28 23:41:47,23,interruption,False
S0004636,U01654,passive_scroller,2025-08-29 20:26:50,2025-08-29 20:28:50,2,boredom,False
S0004637,U04157,active_engager,2025-10-09 09:41:38,2025-10-09 10:20:38,39,interruption,False
S0004638,U02368,passive_scroller,2025-11-02 21:34:13,2025-11-02 21:37:13,3,boredom,True
S0004639,U03235,active_engager,2025-12-06 20:53:34,2025-12-06 21:47:34,54,interruption,True
S0004640,U02572,trend_hopper,2025-12-25 01:20:14,2025-12-25 01:29:14,9,interruption,False
S0004641,U02136,active_engager,2025-10-29 22:10:15,2025-10-29 22:45:15,35,goal_completed,False
S0004642,U00684,active_engager,2026-02-18 21:55:33,2026-02-18 22:20:33,25,interruption,False
S0004643,U02056,active_engager,2025-01-14 19:56:54,2025-01-14 20:27:54,31,fatigue,False
S0004644,U00417,binge_user,2025-04-10 13:24:15,2025-04-10 15:15:15,111,fatigue,False
S0004645,U00545,binge_user,2026-01-06 20:04:42,2026-01-06 21:40:42,96,interruption,False
S0004646,U04689,trend_hopper,2025-03-04 20:14:35,2025-03-04 20:38:35,24,boredom,False
S0004647,U04468,trend_hopper,2025-07-29 08:11:51,2025-07-29 08:21:51,10,fatigue,False
S0004648,U00284,binge_user,2025-09-29 20:58:41,2025-09-29 21:31:41,33,interruption,False
S0004649,U02515,passive_scroller,2025-07-03 22:23:45,2025-07-03 22:31:45,8,fatigue,False
S0004650,U02933,trend_hopper,2025-10-18 12:35:10,2025-10-18 12:57:10,22,interruption,True
S0004651,U02593,active_engager,2026-01-29 22:09:06,2026-01-29 22:26:06,17,interruption,False
S0004652,U02389,active_engager,2025-03-04 21:13:39,2025-03-04 21:41:39,28,boredom,False
S0004653,U04585,active_engager,2026-01-26 22:04:43,2026-01-26 22:40:43,36,boredom,False
S0004654,U00929,passive_scroller,2025-09-12 13:50:21,2025-09-12 13:56:21,6,fatigue,False
S0004655,U00266,passive_scroller,2025-07-02 22:44:57,2025-07-02 22:56:57,12,boredom,False
S0004656,U02747,binge_user,2025-08-24 01:00:06,2025-08-24 03:08:06,128,boredom,True
S0004657,U04588,trend_hopper,2025-12-19 12:58:02,2025-12-19 13:15:02,17,boredom,False
S0004658,U01248,trend_hopper,2026-01-09 20:27:12,2026-01-09 20:42:12,15,interruption,False
S0004659,U04332,binge_user,2025-09-11 12:50:53,2025-09-11 14:42:53,112,goal_completed,False
S0004660,U01333,active_engager,2025-01-30 19:36:48,2025-01-30 19:59:48,23,fatigue,False
S0004661,U00596,active_engager,2026-04-20 00:19:20,2026-04-20 00:35:20,16,fatigue,False
S0004662,U00729,passive_scroller,2025-04-29 18:58:55,2025-04-29 19:06:55,8,fatigue,False
S0004663,U02284,active_engager,2025-07-27 19:38:38,2025-07-27 19:53:38,15,boredom,True
S0004664,U00384,active_engager,2025-12-22 01:28:06,2025-12-22 02:09:06,41,boredom,False
S0004665,U00552,binge_user,2025-07-04 21:44:04,2025-07-04 22:57:04,73,goal_completed,False
S0004666,U04730,passive_scroller,2026-04-11 12:52:35,2026-04-11 12:55:35,3,fatigue,True
S0004667,U04282,active_engager,2025-03-29 22:28:20,2025-03-29 23:14:20,46,boredom,True
S0004668,U01627,passive_scroller,2025-04-18 01:05:19,2025-04-18 01:20:19,15,fatigue,False
S0004669,U03455,trend_hopper,2025-12-29 19:10:43,2025-12-29 19:30:43,20,goal_completed,False
S0004670,U02678,active_engager,2026-01-06 23:35:42,2026-01-07 00:19:42,44,goal_completed,False
S0004671,U04573,binge_user,2025-04-01 22:03:36,2025-04-01 22:46:36,43,interruption,False
S0004672,U04810,active_engager,2025-04-18 13:54:14,2025-04-18 14:09:14,15,goal_completed,False
S0004673,U00627,active_engager,2025-10-08 18:03:00,2025-10-08 18:24:00,21,goal_completed,False
S0004674,U01303,passive_scroller,2026-01-03 23:33:54,2026-01-03 23:41:54,8,goal_completed,True
S0004675,U02688,binge_user,2025-06-15 21:23:16,2025-06-15 22:13:16,50,interruption,True
S0004676,U03542,active_engager,2025-07-02 21:43:02,2025-07-02 22:09:02,26,goal_completed,False
S0004677,U04073,binge_user,2025-12-10 20:45:57,2025-12-10 21:50:57,65,boredom,False
S0004678,U02889,active_engager,2025-06-20 23:08:36,2025-06-20 23:23:36,15,goal_completed,False
S0004679,U00448,active_engager,2026-01-17 21:48:50,2026-01-17 22:26:50,38,interruption,True
S0004680,U01655,trend_hopper,2025-08-23 20:23:58,2025-08-23 20:49:58,26,boredom,True
S0004681,U04909,trend_hopper,2025-05-03 21:39:11,2025-05-03 21:45:11,6,interruption,True
S0004682,U04778,trend_hopper,2025-10-09 01:15:42,2025-10-09 01:35:42,20,goal_completed,False
S0004683,U01377,passive_scroller,2025-04-30 01:08:12,2025-04-30 01:20:12,12,fatigue,False
S0004684,U02859,binge_user,2025-10-17 19:02:59,2025-10-17 19:51:59,49,interruption,False
S0004685,U04529,trend_hopper,2026-03-01 21:45:45,2026-03-01 22:10:45,25,interruption,True
S0004686,U00723,active_engager,2026-04-05 22:25:51,2026-04-05 23:13:51,48,boredom,True
S0004687,U00464,trend_hopper,2025-10-18 20:28:01,2025-10-18 20:44:01,16,boredom,True
S0004688,U03485,active_engager,2025-08-23 19:59:17,2025-08-23 20:48:17,49,goal_completed,True
S0004689,U03780,active_engager,2025-09-22 01:40:25,2025-09-22 02:19:25,39,goal_completed,False
S0004690,U04318,trend_hopper,2025-03-04 19:19:25,2025-03-04 19:39:25,20,boredom,False
S0004691,U02784,passive_scroller,2025-08-26 22:29:28,2025-08-26 22:32:28,3,fatigue,False
S0004692,U03624,active_engager,2025-07-05 13:43:41,2025-07-05 14:07:41,24,boredom,True
S0004693,U02101,active_engager,2025-07-09 19:29:01,2025-07-09 19:53:01,24,boredom,False
S0004694,U02461,binge_user,2025-01-08 21:20:09,2025-01-08 22:40:09,80,fatigue,False
S0004695,U04848,trend_hopper,2025-04-07 20:29:21,2025-04-07 20:42:21,13,boredom,False
S0004696,U02703,active_engager,2025-12-02 00:17:10,2025-12-02 00:51:10,34,goal_completed,False
S0004697,U04542,passive_scroller,2025-05-07 20:09:51,2025-05-07 20:20:51,11,fatigue,False
S0004698,U04159,binge_user,2025-05-26 23:42:41,2025-05-27 00:29:41,47,fatigue,False
S0004699,U03948,passive_scroller,2025-06-07 23:22:11,2025-06-07 23:25:11,3,interruption,True
S0004700,U01568,passive_scroller,2025-10-30 23:25:18,2025-10-30 23:37:18,12,interruption,False
S0004701,U00567,binge_user,2025-07-11 22:53:05,2025-07-11 23:55:05,62,boredom,False
S0004702,U02473,active_engager,2025-03-23 18:21:43,2025-03-23 18:45:43,24,goal_completed,True
S0004703,U04710,trend_hopper,2025-01-01 00:32:19,2025-01-01 00:43:19,11,fatigue,False
S0004704,U04128,trend_hopper,2025-03-16 19:06:10,2025-03-16 19:30:10,24,interruption,True
S0004705,U01111,passive_scroller,2026-02-14 13:54:49,2026-02-14 14:03:49,9,boredom,True
S0004706,U02079,active_engager,2025-05-02 12:44:56,2025-05-02 12:54:56,10,goal_completed,False
S0004707,U00558,binge_user,2025-10-25 21:30:36,2025-10-25 22:37:36,67,boredom,True
S0004708,U04037,active_engager,2025-05-15 00:17:24,2025-05-15 00:55:24,38,fatigue,False
S0004709,U02186,active_engager,2025-07-07 22:50:05,2025-07-07 23:04:05,14,interruption,False
S0004710,U01200,active_engager,2025-04-01 18:42:40,2025-04-01 19:05:40,23,boredom,False
S0004711,U03164,active_engager,2025-11-04 12:44:59,2025-11-04 13:00:59,16,interruption,False
S0004712,U04364,passive_scroller,2026-04-21 00:15:58,2026-04-21 00:22:58,7,interruption,False
S0004713,U02540,active_engager,2025-02-23 13:55:51,2025-02-23 14:43:51,48,interruption,True
S0004714,U00379,active_engager,2025-04-23 21:00:08,2025-04-23 21:30:08,30,interruption,False
S0004715,U04891,passive_scroller,2025-06-24 23:01:37,2025-06-24 23:10:37,9,fatigue,False
S0004716,U03642,active_engager,2025-04-09 18:24:51,2025-04-09 19:01:51,37,boredom,False
S0004717,U03061,passive_scroller,2025-08-21 22:24:37,2025-08-21 22:35:37,11,boredom,False
S0004718,U02422,passive_scroller,2025-08-26 20:55:25,2025-08-26 21:01:25,6,interruption,False
S0004719,U01330,active_engager,2025-11-18 20:20:06,2025-11-18 20:50:06,30,boredom,False
S0004720,U00566,binge_user,2025-01-28 22:35:17,2025-01-28 23:41:17,66,fatigue,False
S0004721,U01448,binge_user,2025-02-22 01:04:36,2025-02-22 03:01:36,117,fatigue,True
S0004722,U02922,binge_user,2025-06-16 00:36:12,2025-06-16 01:43:12,67,fatigue,False
S0004723,U00789,trend_hopper,2025-03-23 20:50:57,2025-03-23 20:59:57,9,interruption,True
S0004724,U02307,trend_hopper,2025-12-05 23:58:13,2025-12-06 00:06:13,8,interruption,False
S0004725,U02543,binge_user,2026-01-28 23:13:12,2026-01-29 00:54:12,101,interruption,False
S0004726,U00065,binge_user,2025-08-08 21:01:29,2025-08-08 22:08:29,67,fatigue,False
S0004727,U00651,trend_hopper,2025-05-14 21:24:26,2025-05-14 21:44:26,20,interruption,False
S0004728,U04063,active_engager,2025-01-07 09:51:10,2025-01-07 10:03:10,12,boredom,False
S0004729,U04479,binge_user,2026-03-15 22:12:44,2026-03-16 00:21:44,129,interruption,True
S0004730,U03691,passive_scroller,2025-12-11 21:24:30,2025-12-11 21:36:30,12,interruption,False
S0004731,U00531,trend_hopper,2025-06-01 21:04:59,2025-06-01 21:10:59,6,goal_completed,True
S0004732,U02434,active_engager,2025-05-04 22:50:58,2025-05-04 23:06:58,16,goal_completed,True
S0004733,U00608,passive_scroller,2025-06-03 21:05:25,2025-06-03 21:19:25,14,interruption,False
S0004734,U04836,binge_user,2025-03-06 22:39:16,2025-03-06 23:50:16,71,boredom,False
S0004735,U04140,passive_scroller,2026-03-24 20:19:30,2026-03-24 20:25:30,6,boredom,False
S0004736,U02920,active_engager,2025-06-08 21:47:47,2025-06-08 22:00:47,13,goal_completed,True
S0004737,U03063,trend_hopper,2025-08-10 22:06:21,2025-08-10 22:21:21,15,fatigue,True
S0004738,U04604,passive_scroller,2026-02-20 21:42:16,2026-02-20 21:44:16,2,boredom,False
S0004739,U00294,binge_user,2025-07-12 20:10:14,2025-07-12 22:18:14,128,boredom,True
S0004740,U01831,trend_hopper,2025-09-16 22:13:13,2025-09-16 22:36:13,23,boredom,False
S0004741,U02553,trend_hopper,2025-08-05 23:47:22,2025-08-05 23:58:22,11,goal_completed,False
S0004742,U03680,passive_scroller,2025-07-07 20:53:54,2025-07-07 20:55:54,2,goal_completed,False
S0004743,U03760,trend_hopper,2025-06-20 23:22:58,2025-06-20 23:41:58,19,goal_completed,False
S0004744,U01883,active_engager,2025-01-31 18:39:57,2025-01-31 19:09:57,30,interruption,False
S0004745,U00135,passive_scroller,2025-08-26 23:37:26,2025-08-26 23:52:26,15,fatigue,False
S0004746,U01935,active_engager,2026-01-24 21:26:15,2026-01-24 21:51:15,25,interruption,True
S0004747,U02143,passive_scroller,2026-03-30 23:07:59,2026-03-30 23:18:59,11,fatigue,False
S0004748,U00775,passive_scroller,2026-04-24 20:15:59,2026-04-24 20:20:59,5,goal_completed,False
S0004749,U02788,active_engager,2025-07-24 23:46:16,2025-07-25 00:00:16,14,goal_completed,False
S0004750,U04225,binge_user,2025-11-06 22:03:55,2025-11-06 22:41:55,38,fatigue,False
S0004751,U02129,trend_hopper,2025-07-26 21:16:26,2025-07-26 21:31:26,15,fatigue,True
S0004752,U02285,active_engager,2026-01-20 12:23:03,2026-01-20 12:44:03,21,boredom,False
S0004753,U00606,binge_user,2025-11-18 01:08:09,2025-11-18 01:38:09,30,boredom,False
S0004754,U04799,binge_user,2026-04-06 22:49:40,2026-04-07 00:26:40,97,goal_completed,False
S0004755,U02067,binge_user,2025-04-04 21:04:56,2025-04-04 21:57:56,53,boredom,False
S0004756,U00579,passive_scroller,2025-06-23 18:19:45,2025-06-23 18:24:45,5,goal_completed,False
S0004757,U02327,trend_hopper,2025-08-31 13:53:04,2025-08-31 14:18:04,25,boredom,True
S0004758,U00826,binge_user,2025-04-01 19:17:25,2025-04-01 20:52:25,95,goal_completed,False
S0004759,U01917,binge_user,2026-02-13 20:00:08,2026-02-13 21:38:08,98,boredom,False
S0004760,U00092,active_engager,2025-11-05 23:14:32,2025-11-05 23:48:32,34,goal_completed,False
S0004761,U04048,trend_hopper,2025-06-25 20:37:46,2025-06-25 21:00:46,23,interruption,False
S0004762,U02378,binge_user,2025-04-17 20:32:15,2025-04-17 21:34:15,62,boredom,False
S0004763,U01979,active_engager,2025-06-16 09:46:11,2025-06-16 10:25:11,39,goal_completed,False
S0004764,U02512,binge_user,2025-07-10 21:41:18,2025-07-10 23:06:18,85,goal_completed,False
S0004765,U03629,trend_hopper,2026-01-26 23:53:15,2026-01-27 00:02:15,9,boredom,False
S0004766,U00230,binge_user,2025-11-21 23:54:13,2025-11-22 01:41:13,107,goal_completed,False
S0004767,U01128,trend_hopper,2025-08-16 21:45:11,2025-08-16 22:01:11,16,boredom,True
S0004768,U01688,trend_hopper,2025-07-03 23:03:10,2025-07-03 23:16:10,13,boredom,False
S0004769,U03127,trend_hopper,2025-03-01 19:06:29,2025-03-01 19:24:29,18,interruption,True
S0004770,U01562,binge_user,2025-09-17 00:33:29,2025-09-17 01:07:29,34,boredom,False
S0004771,U00708,passive_scroller,2025-11-29 23:33:46,2025-11-29 23:51:46,18,boredom,True
S0004772,U02508,active_engager,2026-04-07 08:53:33,2026-04-07 09:03:33,10,goal_completed,False
S0004773,U00048,trend_hopper,2025-02-02 20:50:56,2025-02-02 21:11:56,21,fatigue,True
S0004774,U02875,passive_scroller,2025-09-08 23:02:49,2025-09-08 23:17:49,15,fatigue,False
S0004775,U02463,active_engager,2025-12-13 01:30:50,2025-12-13 02:13:50,43,boredom,True
S0004776,U02756,passive_scroller,2025-09-03 23:09:57,2025-09-03 23:13:57,4,goal_completed,False
S0004777,U02184,passive_scroller,2025-06-24 21:07:11,2025-06-24 21:15:11,8,interruption,False
S0004778,U00873,binge_user,2025-11-29 19:25:46,2025-11-29 20:25:46,60,fatigue,True
S0004779,U00012,binge_user,2025-05-07 18:15:05,2025-05-07 19:58:05,103,boredom,False
S0004780,U00046,passive_scroller,2025-01-18 12:41:35,2025-01-18 12:51:35,10,boredom,True
S0004781,U04872,trend_hopper,2026-01-07 18:47:31,2026-01-07 18:52:31,5,boredom,False
S0004782,U03380,passive_scroller,2026-04-06 20:26:04,2026-04-06 20:41:04,15,goal_completed,False
S0004783,U01420,active_engager,2025-06-26 21:40:31,2025-06-26 21:50:31,10,boredom,False
S0004784,U00736,passive_scroller,2025-05-23 21:30:08,2025-05-23 21:40:08,10,boredom,False
S0004785,U04590,binge_user,2025-04-20 20:24:12,2025-04-20 21:00:12,36,boredom,True
S0004786,U04940,active_engager,2025-10-22 20:40:55,2025-10-22 20:58:55,18,boredom,False
S0004787,U02595,trend_hopper,2025-06-28 20:27:33,2025-06-28 20:48:33,21,goal_completed,True
S0004788,U00641,binge_user,2025-11-20 20:30:03,2025-11-20 21:00:03,30,goal_completed,False
S0004789,U03345,binge_user,2025-04-20 19:48:46,2025-04-20 22:04:46,136,interruption,True
S0004790,U02172,trend_hopper,2026-02-15 23:30:48,2026-02-15 23:44:48,14,interruption,True
S0004791,U04105,trend_hopper,2025-07-27 20:14:57,2025-07-27 20:39:57,25,goal_completed,True
S0004792,U01032,binge_user,2026-04-03 13:28:17,2026-04-03 14:00:17,32,interruption,False
S0004793,U04696,passive_scroller,2025-03-09 20:20:55,2025-03-09 20:34:55,14,fatigue,True
S0004794,U04283,passive_scroller,2025-10-28 20:05:22,2025-10-28 20:18:22,13,fatigue,False
S0004795,U00924,active_engager,2025-04-16 20:16:28,2025-04-16 20:43:28,27,boredom,False
S0004796,U01736,active_engager,2025-03-15 01:29:54,2025-03-15 01:57:54,28,fatigue,True
S0004797,U00193,passive_scroller,2025-02-09 20:06:16,2025-02-09 20:16:16,10,interruption,True
S0004798,U04585,active_engager,2025-04-14 00:37:34,2025-04-14 00:52:34,15,goal_completed,False
S0004799,U03210,passive_scroller,2025-03-19 19:51:47,2025-03-19 20:03:47,12,fatigue,False
S0004800,U03125,binge_user,2025-04-07 21:37:48,2025-04-07 22:23:48,46,goal_completed,False
S0004801,U01499,passive_scroller,2026-03-21 18:21:05,2026-03-21 18:31:05,10,boredom,True
S0004802,U01622,active_engager,2025-07-09 13:11:44,2025-07-09 13:28:44,17,boredom,False
S0004803,U00766,passive_scroller,2025-01-13 00:35:53,2025-01-13 00:40:53,5,interruption,False
S0004804,U01760,trend_hopper,2026-01-17 08:40:51,2026-01-17 08:56:51,16,boredom,True
S0004805,U02246,passive_scroller,2025-11-19 20:45:30,2025-11-19 21:00:30,15,interruption,False
S0004806,U04900,active_engager,2025-08-26 18:55:51,2025-08-26 19:17:51,22,interruption,False
S0004807,U03954,binge_user,2026-01-19 22:48:39,2026-01-19 23:24:39,36,fatigue,False
S0004808,U00306,passive_scroller,2025-07-13 08:42:31,2025-07-13 08:45:31,3,goal_completed,True
S0004809,U00723,active_engager,2025-06-03 23:48:07,2025-06-04 00:25:07,37,interruption,False
S0004810,U02877,trend_hopper,2025-07-06 09:10:39,2025-07-06 09:25:39,15,boredom,True
S0004811,U03868,trend_hopper,2025-06-03 12:20:39,2025-06-03 12:26:39,6,goal_completed,False
S0004812,U01176,binge_user,2025-12-04 22:41:25,2025-12-04 23:40:25,59,boredom,False
S0004813,U00014,trend_hopper,2025-02-22 21:49:26,2025-02-22 22:13:26,24,fatigue,True
S0004814,U02558,passive_scroller,2025-11-09 21:20:15,2025-11-09 21:29:15,9,interruption,True
S0004815,U00137,trend_hopper,2025-03-09 19:33:31,2025-03-09 20:01:31,28,fatigue,True
S0004816,U02124,binge_user,2025-09-22 21:59:59,2025-09-22 23:36:59,97,interruption,False
S0004817,U01661,trend_hopper,2025-01-25 12:08:40,2025-01-25 12:17:40,9,boredom,True
S0004818,U03980,active_engager,2025-11-09 12:41:16,2025-11-09 13:09:16,28,fatigue,True
S0004819,U02143,passive_scroller,2025-11-25 20:27:48,2025-11-25 20:35:48,8,boredom,False
S0004820,U04167,passive_scroller,2025-11-16 18:17:42,2025-11-16 18:21:42,4,fatigue,True
S0004821,U00867,passive_scroller,2025-01-12 18:22:38,2025-01-12 18:31:38,9,fatigue,True
S0004822,U00611,binge_user,2025-04-20 20:05:15,2025-04-20 22:01:15,116,fatigue,True
S0004823,U04829,trend_hopper,2025-03-04 00:33:55,2025-03-04 00:44:55,11,fatigue,False
S0004824,U04729,binge_user,2025-10-05 22:03:32,2025-10-05 22:47:32,44,interruption,True
S0004825,U03446,binge_user,2026-02-24 21:31:34,2026-02-24 22:21:34,50,interruption,False
S0004826,U04767,binge_user,2025-05-23 19:27:40,2025-05-23 20:33:40,66,interruption,False
S0004827,U00476,active_engager,2025-01-21 13:06:24,2025-01-21 13:48:24,42,boredom,False
S0004828,U01455,trend_hopper,2025-04-30 20:28:23,2025-04-30 20:49:23,21,goal_completed,False
S0004829,U02489,binge_user,2025-04-18 21:56:26,2025-04-18 22:36:26,40,interruption,False
S0004830,U04614,trend_hopper,2025-08-08 19:26:02,2025-08-08 19:35:02,9,goal_completed,False
S0004831,U03181,binge_user,2025-04-07 18:29:51,2025-04-07 19:39:51,70,interruption,False
S0004832,U03730,passive_scroller,2025-10-25 21:49:02,2025-10-25 22:03:02,14,interruption,True
S0004833,U03512,trend_hopper,2025-10-19 21:44:04,2025-10-19 21:59:04,15,fatigue,True
S0004834,U03026,trend_hopper,2025-02-15 23:32:37,2025-02-15 23:56:37,24,interruption,True
S0004835,U01593,trend_hopper,2026-04-07 00:47:29,2026-04-07 00:58:29,11,goal_completed,False
S0004836,U02777,trend_hopper,2025-05-10 23:14:42,2025-05-10 23:44:42,30,goal_completed,True
S0004837,U02859,binge_user,2025-11-06 01:16:57,2025-11-06 01:54:57,38,interruption,False
S0004838,U01246,active_engager,2025-03-07 23:52:02,2025-03-08 00:08:02,16,fatigue,False
S0004839,U03591,binge_user,2025-02-11 00:12:04,2025-02-11 02:02:04,110,interruption,False
S0004840,U04954,passive_scroller,2025-10-20 21:31:57,2025-10-20 21:37:57,6,interruption,False
S0004841,U01688,trend_hopper,2025-05-22 00:08:47,2025-05-22 00:31:47,23,fatigue,False
S0004842,U02760,trend_hopper,2025-03-23 19:46:19,2025-03-23 19:54:19,8,goal_completed,True
S0004843,U04839,active_engager,2025-04-22 00:33:05,2025-04-22 00:45:05,12,boredom,False
S0004844,U00059,binge_user,2025-08-26 20:22:04,2025-08-26 21:02:04,40,goal_completed,False
S0004845,U00567,binge_user,2025-11-12 00:14:35,2025-11-12 01:15:35,61,goal_completed,False
S0004846,U03009,active_engager,2026-02-11 20:28:11,2026-02-11 21:07:11,39,fatigue,False
S0004847,U04276,trend_hopper,2026-01-09 21:27:59,2026-01-09 21:46:59,19,goal_completed,False
S0004848,U04126,binge_user,2025-10-04 21:43:27,2025-10-04 22:39:27,56,goal_completed,True
S0004849,U01345,binge_user,2025-03-30 00:59:13,2025-03-30 02:41:13,102,interruption,True
S0004850,U01941,passive_scroller,2026-02-26 20:39:11,2026-02-26 20:54:11,15,boredom,False
S0004851,U03481,active_engager,2025-03-06 00:54:35,2025-03-06 01:33:35,39,fatigue,False
S0004852,U04304,binge_user,2026-01-23 12:37:53,2026-01-23 13:47:53,70,fatigue,False
S0004853,U02473,active_engager,2025-07-23 01:52:38,2025-07-23 02:23:38,31,boredom,False
S0004854,U04761,trend_hopper,2026-03-11 00:24:59,2026-03-11 00:32:59,8,fatigue,False
S0004855,U01690,binge_user,2025-01-11 22:35:21,2025-01-11 23:59:21,84,interruption,True
S0004856,U01919,trend_hopper,2025-02-07 20:31:18,2025-02-07 20:50:18,19,boredom,False
S0004857,U00619,binge_user,2026-04-27 22:39:25,2026-04-27 23:44:25,65,interruption,False
S0004858,U02552,trend_hopper,2025-10-10 23:32:02,2025-10-10 23:47:02,15,boredom,False
S0004859,U04600,passive_scroller,2025-05-16 18:28:35,2025-05-16 18:40:35,12,interruption,False
S0004860,U03494,trend_hopper,2025-05-23 20:35:39,2025-05-23 21:00:39,25,fatigue,False
S0004861,U03733,active_engager,2025-03-19 00:25:23,2025-03-19 01:05:23,40,boredom,False
S0004862,U00943,passive_scroller,2025-10-28 13:59:39,2025-10-28 14:09:39,10,goal_completed,False
S0004863,U03865,active_engager,2025-05-10 22:27:55,2025-05-10 22:47:55,20,fatigue,True
S0004864,U02071,trend_hopper,2025-07-26 22:18:58,2025-07-26 22:46:58,28,interruption,True
S0004865,U01853,active_engager,2025-11-28 23:22:44,2025-11-28 23:44:44,22,interruption,False
S0004866,U02949,trend_hopper,2025-04-21 20:24:08,2025-04-21 20:31:08,7,fatigue,False
S0004867,U01622,active_engager,2025-01-14 20:43:42,2025-01-14 21:27:42,44,boredom,False
S0004868,U00837,active_engager,2025-10-31 21:35:21,2025-10-31 21:45:21,10,interruption,False
S0004869,U01090,binge_user,2025-04-20 12:04:54,2025-04-20 14:20:54,136,fatigue,True
S0004870,U04085,trend_hopper,2025-06-24 00:41:35,2025-06-24 01:01:35,20,interruption,False
S0004871,U03135,active_engager,2026-04-21 23:24:31,2026-04-21 23:41:31,17,interruption,False
S0004872,U03659,passive_scroller,2025-06-24 23:03:03,2025-06-24 23:12:03,9,goal_completed,False
S0004873,U01064,passive_scroller,2026-02-13 19:51:24,2026-02-13 19:57:24,6,boredom,False
S0004874,U03475,active_engager,2026-02-05 23:22:58,2026-02-06 00:04:58,42,interruption,False
S0004875,U01103,active_engager,2025-04-20 22:12:08,2025-04-20 22:55:08,43,fatigue,True
S0004876,U02646,trend_hopper,2026-01-06 18:48:53,2026-01-06 19:06:53,18,interruption,False
S0004877,U01978,passive_scroller,2025-12-02 21:33:23,2025-12-02 21:44:23,11,goal_completed,False
S0004878,U00991,binge_user,2026-01-15 21:52:26,2026-01-15 23:20:26,88,boredom,False
S0004879,U03211,active_engager,2025-03-29 01:41:54,2025-03-29 02:06:54,25,fatigue,True
S0004880,U02962,passive_scroller,2026-03-08 19:34:14,2026-03-08 19:43:14,9,goal_completed,True
S0004881,U03401,trend_hopper,2025-09-03 12:13:14,2025-09-03 12:21:14,8,boredom,False
S0004882,U02252,trend_hopper,2025-07-03 23:41:20,2025-07-04 00:04:20,23,goal_completed,False
S0004883,U01055,passive_scroller,2025-08-14 22:31:17,2025-08-14 22:43:17,12,fatigue,False
S0004884,U02178,trend_hopper,2025-09-03 20:04:03,2025-09-03 20:28:03,24,boredom,False
S0004885,U04147,passive_scroller,2025-04-02 21:37:19,2025-04-02 21:47:19,10,boredom,False
S0004886,U00885,passive_scroller,2025-04-07 22:46:47,2025-04-07 23:01:47,15,boredom,False
S0004887,U04544,active_engager,2026-02-16 19:03:53,2026-02-16 19:45:53,42,fatigue,False
S0004888,U02225,active_engager,2025-10-02 23:39:50,2025-10-03 00:10:50,31,boredom,False
S0004889,U03620,active_engager,2025-10-10 19:28:43,2025-10-10 19:55:43,27,interruption,False
S0004890,U03937,passive_scroller,2025-11-30 21:34:40,2025-11-30 21:40:40,6,boredom,True
S0004891,U01678,active_engager,2025-02-23 00:08:36,2025-02-23 00:39:36,31,goal_completed,True
S0004892,U00449,active_engager,2025-11-15 23:21:50,2025-11-15 23:45:50,24,fatigue,True
S0004893,U02205,active_engager,2026-04-14 09:01:41,2026-04-14 09:24:41,23,boredom,False
S0004894,U00329,active_engager,2025-02-17 19:29:30,2025-02-17 20:14:30,45,fatigue,False
S0004895,U01908,binge_user,2025-11-30 20:55:42,2025-11-30 22:29:42,94,interruption,True
S0004896,U04006,active_engager,2025-07-26 19:43:01,2025-07-26 20:01:01,18,goal_completed,True
S0004897,U02688,binge_user,2025-10-15 18:18:24,2025-10-15 19:50:24,92,boredom,False
S0004898,U01016,active_engager,2025-03-23 21:21:10,2025-03-23 21:39:10,18,goal_completed,True
S0004899,U00853,passive_scroller,2025-05-07 08:29:44,2025-05-07 08:37:44,8,interruption,False
S0004900,U00569,binge_user,2026-03-02 22:48:49,2026-03-03 00:38:49,110,boredom,False
S0004901,U02782,trend_hopper,2025-10-20 18:29:42,2025-10-20 18:41:42,12,goal_completed,False
S0004902,U03692,binge_user,2025-01-06 00:05:12,2025-01-06 01:22:12,77,goal_completed,False
S0004903,U03044,passive_scroller,2025-10-22 19:34:41,2025-10-22 19:47:41,13,goal_completed,False
S0004904,U03248,passive_scroller,2025-01-10 18:59:34,2025-01-10 19:08:34,9,goal_completed,False
S0004905,U01808,active_engager,2025-08-15 19:07:03,2025-08-15 19:37:03,30,goal_completed,False
S0004906,U04090,binge_user,2026-04-10 19:52:03,2026-04-10 21:32:03,100,goal_completed,False
S0004907,U03145,active_engager,2025-04-19 23:10:01,2025-04-19 23:54:01,44,goal_completed,True
S0004908,U02853,trend_hopper,2026-01-19 22:40:40,2026-01-19 22:50:40,10,fatigue,False
S0004909,U00519,trend_hopper,2025-02-06 20:23:19,2025-02-06 20:42:19,19,goal_completed,False
S0004910,U00209,binge_user,2026-01-08 18:08:23,2026-01-08 18:39:23,31,fatigue,False
S0004911,U00224,passive_scroller,2026-02-10 21:45:51,2026-02-10 21:47:51,2,boredom,False
S0004912,U04427,active_engager,2025-08-22 21:31:53,2025-08-22 21:51:53,20,fatigue,False
S0004913,U02803,active_engager,2025-02-17 23:57:11,2025-02-18 00:21:11,24,interruption,False
S0004914,U02646,trend_hopper,2025-10-06 20:12:28,2025-10-06 20:21:28,9,goal_completed,False
S0004915,U03103,binge_user,2025-02-25 01:57:30,2025-02-25 03:30:30,93,interruption,False
S0004916,U01978,passive_scroller,2025-08-10 19:15:40,2025-08-10 19:25:40,10,fatigue,True
S0004917,U03674,trend_hopper,2026-04-19 20:08:16,2026-04-19 20:36:16,28,fatigue,True
S0004918,U01965,passive_scroller,2025-07-31 19:55:47,2025-07-31 20:07:47,12,interruption,False
S0004919,U04228,active_engager,2025-07-05 21:44:06,2025-07-05 22:11:06,27,boredom,True
S0004920,U03193,passive_scroller,2026-01-20 20:31:08,2026-01-20 20:46:08,15,goal_completed,False
S0004921,U00033,passive_scroller,2025-01-26 01:32:27,2025-01-26 01:41:27,9,interruption,True
S0004922,U01168,binge_user,2025-09-01 23:48:44,2025-09-02 01:32:44,104,boredom,False
S0004923,U03470,active_engager,2026-03-05 22:32:39,2026-03-05 23:09:39,37,fatigue,False
S0004924,U03324,passive_scroller,2025-02-10 20:49:48,2025-02-10 20:58:48,9,goal_completed,False
S0004925,U02827,active_engager,2025-06-02 21:47:30,2025-06-02 21:58:30,11,goal_completed,False
S0004926,U04360,trend_hopper,2025-06-01 12:18:57,2025-06-01 12:32:57,14,goal_completed,True
S0004927,U01655,trend_hopper,2026-01-28 01:11:22,2026-01-28 01:33:22,22,goal_completed,False
S0004928,U04866,trend_hopper,2025-09-14 21:44:41,2025-09-14 22:10:41,26,goal_completed,True
S0004929,U01828,active_engager,2026-03-25 18:23:28,2026-03-25 18:51:28,28,boredom,False
S0004930,U03984,binge_user,2025-06-03 20:01:12,2025-06-03 21:04:12,63,fatigue,False
S0004931,U01191,active_engager,2025-12-02 20:50:38,2025-12-02 21:08:38,18,boredom,False
S0004932,U02007,passive_scroller,2026-02-22 00:06:30,2026-02-22 00:20:30,14,goal_completed,True
S0004933,U02993,active_engager,2026-04-11 22:05:42,2026-04-11 22:51:42,46,fatigue,True
S0004934,U00506,trend_hopper,2025-05-03 20:05:21,2025-05-03 20:24:21,19,goal_completed,True
S0004935,U03547,active_engager,2025-09-10 08:12:11,2025-09-10 08:36:11,24,fatigue,False
S0004936,U00950,active_engager,2026-03-22 19:22:44,2026-03-22 20:10:44,48,fatigue,True
S0004937,U01823,trend_hopper,2026-04-20 21:18:22,2026-04-20 21:25:22,7,goal_completed,False
S0004938,U04037,active_engager,2025-01-23 21:04:26,2025-01-23 21:34:26,30,goal_completed,False
S0004939,U02239,passive_scroller,2025-05-13 01:49:42,2025-05-13 01:57:42,8,goal_completed,False
S0004940,U02765,trend_hopper,2025-02-05 19:10:22,2025-02-05 19:17:22,7,boredom,False
S0004941,U03225,active_engager,2025-04-19 19:24:15,2025-04-19 19:46:15,22,goal_completed,True
S0004942,U01826,trend_hopper,2026-03-14 19:34:14,2026-03-14 20:01:14,27,boredom,True
S0004943,U03060,binge_user,2026-04-05 23:21:08,2026-04-05 23:57:08,36,goal_completed,True
S0004944,U00993,passive_scroller,2025-11-03 22:07:46,2025-11-03 22:17:46,10,fatigue,False
S0004945,U04075,binge_user,2026-01-30 12:38:15,2026-01-30 14:12:15,94,fatigue,False
S0004946,U04089,trend_hopper,2026-01-29 00:16:35,2026-01-29 00:31:35,15,fatigue,False
S0004947,U03856,active_engager,2026-02-18 21:02:57,2026-02-18 21:35:57,33,boredom,False
S0004948,U02328,trend_hopper,2025-12-08 18:54:02,2025-12-08 19:00:02,6,goal_completed,False
S0004949,U00753,trend_hopper,2025-07-19 22:36:46,2025-07-19 23:06:46,30,boredom,True
S0004950,U01588,trend_hopper,2025-01-11 23:21:17,2025-01-11 23:46:17,25,boredom,True
S0004951,U03919,passive_scroller,2025-01-26 01:35:41,2025-01-26 01:47:41,12,interruption,True
S0004952,U00108,active_engager,2025-02-09 18:01:35,2025-02-09 18:35:35,34,fatigue,True
S0004953,U02592,binge_user,2025-09-05 23:17:09,2025-09-06 00:28:09,71,interruption,False
S0004954,U01998,passive_scroller,2025-06-26 21:15:46,2025-06-26 21:17:46,2,fatigue,False
S0004955,U00190,binge_user,2025-05-17 18:38:46,2025-05-17 20:39:46,121,goal_completed,True
S0004956,U04760,passive_scroller,2025-10-18 21:44:14,2025-10-18 21:58:14,14,boredom,True
S0004957,U03135,active_engager,2025-02-28 00:42:14,2025-02-28 01:17:14,35,fatigue,False
S0004958,U02779,passive_scroller,2025-07-10 21:34:40,2025-07-10 21:37:40,3,interruption,False
S0004959,U02433,active_engager,2025-03-10 23:42:01,2025-03-10 23:57:01,15,goal_completed,False
S0004960,U03983,trend_hopper,2025-05-02 13:28:06,2025-05-02 13:37:06,9,goal_completed,False
S0004961,U04110,active_engager,2026-02-18 21:46:51,2026-02-18 22:26:51,40,fatigue,False
S0004962,U00786,passive_scroller,2025-10-23 01:42:45,2025-10-23 01:57:45,15,fatigue,False
S0004963,U00007,trend_hopper,2025-05-30 23:50:26,2025-05-31 00:06:26,16,boredom,False
S0004964,U04041,passive_scroller,2025-10-01 22:49:27,2025-10-01 22:55:27,6,fatigue,False
S0004965,U01934,binge_user,2025-09-09 00:15:53,2025-09-09 01:34:53,79,interruption,False
S0004966,U02976,passive_scroller,2025-09-12 00:31:44,2025-09-12 00:33:44,2,interruption,False
S0004967,U00768,passive_scroller,2025-12-13 22:52:13,2025-12-13 23:04:13,12,interruption,True
S0004968,U01597,active_engager,2025-11-12 22:38:15,2025-11-12 22:57:15,19,fatigue,False
S0004969,U04724,active_engager,2025-01-11 12:36:16,2025-01-11 13:03:16,27,fatigue,True
S0004970,U03631,binge_user,2025-08-13 00:20:28,2025-08-13 01:59:28,99,goal_completed,False
S0004971,U03971,trend_hopper,2025-02-21 20:39:13,2025-02-21 21:04:13,25,goal_completed,False
S0004972,U00076,passive_scroller,2025-01-02 18:03:09,2025-01-02 18:18:09,15,boredom,False
S0004973,U04533,active_engager,2025-08-15 20:52:57,2025-08-15 21:14:57,22,goal_completed,False
S0004974,U01192,trend_hopper,2026-02-14 08:34:55,2026-02-14 08:46:55,12,fatigue,True
S0004975,U03414,trend_hopper,2025-11-25 22:16:26,2025-11-25 22:22:26,6,boredom,False
S0004976,U04549,binge_user,2025-12-27 19:07:29,2025-12-27 21:04:29,117,goal_completed,True
S0004977,U02674,trend_hopper,2025-02-05 00:16:47,2025-02-05 00:38:47,22,goal_completed,False
S0004978,U00613,binge_user,2025-05-22 18:42:34,2025-05-22 19:25:34,43,boredom,False
S0004979,U02090,passive_scroller,2025-09-27 19:19:22,2025-09-27 19:32:22,13,goal_completed,True
S0004980,U01329,trend_hopper,2025-04-22 21:36:27,2025-04-22 21:44:27,8,boredom,False
S0004981,U00836,trend_hopper,2025-12-29 21:03:41,2025-12-29 21:28:41,25,interruption,False
S0004982,U00038,binge_user,2025-12-10 20:28:02,2025-12-10 21:33:02,65,interruption,False
S0004983,U00453,trend_hopper,2025-08-07 21:24:54,2025-08-07 21:31:54,7,goal_completed,False
S0004984,U00753,trend_hopper,2026-01-30 23:45:42,2026-01-31 00:00:42,15,boredom,False
S0004985,U04237,binge_user,2025-11-09 18:55:44,2025-11-09 20:21:44,86,interruption,True
S0004986,U01736,active_engager,2025-12-28 19:23:20,2025-12-28 20:00:20,37,interruption,True
S0004987,U02843,passive_scroller,2025-03-03 13:59:14,2025-03-03 14:01:14,2,fatigue,False
S0004988,U03328,active_engager,2025-03-03 00:34:44,2025-03-03 00:53:44,19,interruption,False
S0004989,U02605,binge_user,2025-01-16 20:05:23,2025-01-16 21:01:23,56,fatigue,False
S0004990,U01091,active_engager,2025-07-21 18:56:52,2025-07-21 19:30:52,34,boredom,False
S0004991,U04170,trend_hopper,2026-02-22 01:26:09,2026-02-22 01:52:09,26,interruption,True
S0004992,U01587,active_engager,2025-11-26 21:29:23,2025-11-26 21:51:23,22,interruption,False
S0004993,U01470,binge_user,2025-08-04 01:00:39,2025-08-04 01:43:39,43,fatigue,False
S0004994,U01918,active_engager,2025-03-31 13:21:30,2025-03-31 13:59:30,38,boredom,False
S0004995,U03991,passive_scroller,2025-02-22 20:48:24,2025-02-22 20:51:24,3,goal_completed,True
S0004996,U01740,trend_hopper,2025-05-08 12:45:04,2025-05-08 13:03:04,18,goal_completed,False
S0004997,U01001,active_engager,2026-04-22 00:41:08,2026-04-22 01:20:08,39,boredom,False
S0004998,U00291,passive_scroller,2026-01-06 22:43:09,2026-01-06 22:45:09,2,fatigue,False
S0004999,U01940,passive_scroller,2025-09-24 09:05:26,2025-09-24 09:07:26,2,interruption,False
S0005000,U00353,active_engager,2026-02-17 19:32:02,2026-02-17 20:00:02,28,interruption,False
