user_id,username,country,age,persona,signup_date,binge_tendency,engagement_rate,favorite_categories
U00001,gomezedward,Guam,43,passive_scroller,2026-04-26,0.14,0.04,"sports,fitness,finance"
U00002,cwells,Palau,42,passive_scroller,2025-05-26,0.15,0.03,"sports,memes,food"
U00003,dicksonhannah,Tuvalu,31,passive_scroller,2025-12-30,0.12,0.04,"music,sports,anime"
U00004,buchananalexander,Russian Federation,20,passive_scroller,2025-07-12,0.18,0.03,"gaming,tech,sports"
U00005,alopez,Philippines,40,active_engager,2025-05-14,0.52,0.31,"sports,finance,tech"
U00006,richardcruz,Gabon,23,trend_hopper,2026-03-20,0.34,0.09,"food,memes,music"
U00007,barry29,Saint Helena,31,trend_hopper,2025-04-26,0.55,0.1,"finance,food,gaming"
U00008,yanderson,Liechtenstein,19,binge_user,2025-06-26,0.71,0.14,"gaming,memes,fitness"
U00009,petersonmichelle,New Caledonia,32,trend_hopper,2025-04-15,0.32,0.09,"sports,anime,music"
U00010,bookerchristopher,Kuwait,18,passive_scroller,2025-05-02,0.3,0.05,"fitness,anime,gaming"
U00011,gonzalezemily,Azerbaijan,29,trend_hopper,2025-06-01,0.32,0.11,"anime,finance,gaming"
U00012,pamelamitchell,El Salvador,31,binge_user,2025-07-04,0.76,0.08,"anime,memes,tech"
U00013,emorse,Eritrea,41,binge_user,2025-08-12,0.98,0.09,"anime,music,finance"
U00014,jeannejohnson,Belgium,45,trend_hopper,2025-09-14,0.55,0.09,"finance,sports,tech"
U00015,fmoore,Wallis and Futuna,31,binge_user,2025-05-23,0.74,0.12,"sports,music,anime"
U00016,wcurtis,Austria,18,active_engager,2025-04-27,0.49,0.22,"music,gaming,fitness"
U00017,sean14,Lesotho,32,active_engager,2026-03-02,0.5,0.18,"memes,sports,fitness"
U00018,jonathan79,Pitcairn Islands,37,passive_scroller,2025-02-03,0.37,0.04,"memes,sports,food"
U00019,anne53,Georgia,25,passive_scroller,2026-04-30,0.3,0.03,"finance,tech,food"
U00020,jmarks,Uzbekistan,40,binge_user,2025-05-21,0.88,0.11,"sports,tech,finance"
U00021,richalyssa,Italy,31,active_engager,2025-02-15,0.62,0.29,"sports,food,tech"
U00022,wmiller,Belarus,36,trend_hopper,2025-05-22,0.51,0.06,"fitness,memes,food"
U00023,williamchapman,Venezuela,20,passive_scroller,2025-01-13,0.17,0.04,"gaming,memes,food"
U00024,leah21,Norway,35,trend_hopper,2025-12-03,0.39,0.1,"food,fitness,finance"
U00025,anthony59,Qatar,19,passive_scroller,2025-03-10,0.31,0.02,"memes,fitness,music"
U00026,smitholivia,Guinea-Bissau,39,trend_hopper,2025-02-09,0.45,0.11,"sports,music,gaming"
U00027,nbarry,United States Minor Outlying Islands,25,passive_scroller,2025-03-05,0.33,0.05,"sports,memes,anime"
U00028,howardmaria,Lao People's Democratic Republic,29,passive_scroller,2026-04-04,0.15,0.04,"finance,sports,tech"
U00029,richardjones,Burkina Faso,44,passive_scroller,2026-03-19,0.14,0.03,"memes,anime,music"
U00030,ojohnson,Aruba,45,binge_user,2026-04-23,0.87,0.12,"music,finance,sports"
U00031,kelleyjulie,Bangladesh,18,passive_scroller,2025-08-21,0.14,0.03,"memes,anime,food"
U00032,tiffanyboyer,Bulgaria,36,passive_scroller,2025-12-30,0.33,0.03,"food,anime,finance"
U00033,pmcmillan,Argentina,22,passive_scroller,2025-11-22,0.11,0.04,"tech,memes,music"
U00034,zmyers,Bermuda,21,active_engager,2025-09-09,0.47,0.2,"anime,tech,finance"
U00035,stevenchavez,British Indian Ocean Territory (Chagos Archipelago),24,binge_user,2026-03-29,0.93,0.06,"finance,fitness,sports"
U00036,harrisanne,Botswana,41,binge_user,2026-03-08,0.74,0.13,"anime,sports,tech"
U00037,qsmith,Denmark,21,active_engager,2025-10-18,0.67,0.34,"tech,fitness,sports"
U00038,ryanthomas,Senegal,32,binge_user,2025-10-10,0.7,0.1,"sports,fitness,memes"
U00039,aaronadkins,Kazakhstan,38,trend_hopper,2025-01-30,0.32,0.1,"fitness,gaming,music"
U00040,ywheeler,Vanuatu,41,trend_hopper,2025-05-03,0.36,0.05,"anime,finance,food"
U00041,harriskimberly,Dominican Republic,43,trend_hopper,2025-03-12,0.31,0.11,"anime,tech,fitness"
U00042,christinaescobar,Saint Vincent and the Grenadines,29,trend_hopper,2025-03-29,0.31,0.09,"music,food,sports"
U00043,cynthia56,Korea,43,passive_scroller,2025-05-23,0.36,0.03,"music,anime,sports"
U00044,gainescarlos,Burundi,26,trend_hopper,2025-03-29,0.52,0.1,"anime,music,tech"
U00045,williamssteven,Togo,28,active_engager,2026-01-03,0.54,0.34,"anime,food,gaming"
U00046,tiffany99,Niger,41,passive_scroller,2026-03-30,0.22,0.05,"anime,fitness,gaming"
U00047,frederickbryan,Estonia,45,active_engager,2025-08-17,0.62,0.28,"finance,anime,memes"
U00048,melissa47,Indonesia,38,trend_hopper,2025-08-10,0.42,0.08,"memes,gaming,sports"
U00049,emily13,Turkmenistan,42,active_engager,2025-07-09,0.64,0.21,"food,finance,anime"
U00050,onoble,French Polynesia,45,trend_hopper,2025-09-05,0.51,0.05,"tech,finance,fitness"
U00051,williamsrobin,Micronesia,30,active_engager,2025-02-24,0.67,0.16,"gaming,memes,sports"
U00052,arodriguez,Qatar,32,binge_user,2025-05-20,0.77,0.15,"food,tech,memes"
U00053,clarknancy,Liechtenstein,44,binge_user,2025-06-18,0.91,0.06,"tech,food,sports"
U00054,david68,Belize,40,passive_scroller,2026-04-10,0.15,0.04,"music,sports,fitness"
U00055,daniel35,Taiwan,36,active_engager,2025-03-18,0.59,0.18,"food,gaming,fitness"
U00056,hwashington,Kiribati,39,binge_user,2025-01-25,0.96,0.1,"sports,gaming,fitness"
U00057,plewis,Libyan Arab Jamahiriya,40,active_engager,2025-12-16,0.61,0.16,"sports,finance,gaming"
U00058,mccoymelissa,Kazakhstan,24,binge_user,2025-11-06,0.89,0.13,"sports,memes,gaming"
U00059,april97,Spain,40,binge_user,2026-01-20,0.93,0.14,"memes,fitness,music"
U00060,grahambrandi,Bahrain,45,active_engager,2025-07-08,0.57,0.24,"finance,sports,fitness"
U00061,rochabeth,Svalbard & Jan Mayen Islands,21,active_engager,2026-02-20,0.55,0.22,"finance,tech,gaming"
U00062,jacksonsteven,Cameroon,35,trend_hopper,2025-03-28,0.53,0.12,"fitness,food,tech"
U00063,lmelendez,Kyrgyz Republic,25,binge_user,2025-09-14,0.81,0.15,"anime,food,tech"
U00064,todd18,Northern Mariana Islands,30,trend_hopper,2026-03-21,0.54,0.11,"sports,tech,music"
U00065,kathryn79,Egypt,32,binge_user,2025-06-04,0.89,0.06,"tech,gaming,anime"
U00066,vross,Turks and Caicos Islands,34,passive_scroller,2025-03-16,0.12,0.02,"memes,music,food"
U00067,mikaylatrujillo,Austria,27,active_engager,2025-06-26,0.61,0.21,"music,anime,memes"
U00068,suzannewright,Monaco,40,passive_scroller,2025-04-12,0.23,0.03,"tech,food,sports"
U00069,garciakatrina,Liberia,27,active_engager,2025-01-07,0.52,0.2,"fitness,finance,music"
U00070,robin07,Holy See (Vatican City State),30,passive_scroller,2025-06-19,0.16,0.05,"sports,memes,music"
U00071,ccortez,Barbados,25,active_engager,2025-11-18,0.65,0.17,"tech,finance,anime"
U00072,fitzgeraldjennifer,Mexico,29,passive_scroller,2025-09-10,0.25,0.05,"finance,sports,food"
U00073,beardjoshua,Aruba,19,active_engager,2025-04-25,0.51,0.23,"memes,gaming,anime"
U00074,wpotts,Guatemala,26,binge_user,2025-06-14,0.9,0.12,"memes,anime,tech"
U00075,cookvictoria,Western Sahara,18,active_engager,2025-10-03,0.67,0.17,"food,finance,sports"
U00076,frush,Lesotho,24,passive_scroller,2025-05-31,0.34,0.01,"memes,tech,fitness"
U00077,heatherjohnson,Djibouti,41,active_engager,2026-01-06,0.54,0.35,"fitness,memes,gaming"
U00078,xwang,Pakistan,32,passive_scroller,2025-02-09,0.28,0.05,"gaming,fitness,sports"
U00079,johnsonmaria,Benin,25,active_engager,2025-04-18,0.64,0.2,"food,sports,music"
U00080,vasquezcynthia,Belgium,36,active_engager,2025-05-01,0.57,0.29,"tech,fitness,finance"
U00081,burnsholly,Norway,43,trend_hopper,2025-06-06,0.46,0.11,"memes,gaming,food"
U00082,antonio62,Central African Republic,32,passive_scroller,2025-04-20,0.39,0.03,"gaming,music,finance"
U00083,lauren76,Burkina Faso,41,active_engager,2025-08-02,0.45,0.32,"fitness,finance,anime"
U00084,fwilliams,Switzerland,34,active_engager,2026-02-11,0.41,0.27,"fitness,music,gaming"
U00085,shernandez,Venezuela,18,passive_scroller,2026-01-16,0.17,0.03,"sports,fitness,food"
U00086,rickyrobertson,Yemen,41,active_engager,2026-03-22,0.54,0.27,"memes,sports,gaming"
U00087,hlopez,Christmas Island,35,trend_hopper,2026-03-10,0.42,0.06,"sports,music,fitness"
U00088,jonesmichael,Bahrain,42,passive_scroller,2025-02-16,0.11,0.05,"fitness,memes,finance"
U00089,ujoseph,Bahrain,26,passive_scroller,2025-03-09,0.12,0.05,"memes,gaming,tech"
U00090,tamara61,Sri Lanka,37,active_engager,2025-10-14,0.56,0.22,"tech,music,fitness"
U00091,aaron67,Iceland,36,binge_user,2025-01-26,0.98,0.11,"food,sports,gaming"
U00092,serranopaul,Tajikistan,34,active_engager,2025-04-24,0.54,0.16,"sports,memes,anime"
U00093,jeremydurham,French Guiana,29,binge_user,2025-12-08,0.77,0.07,"sports,food,finance"
U00094,amber46,Micronesia,42,active_engager,2025-08-03,0.42,0.2,"music,anime,tech"
U00095,margaretwilson,Guinea-Bissau,22,active_engager,2026-03-22,0.65,0.25,"tech,memes,finance"
U00096,michael11,Ghana,29,binge_user,2025-07-19,0.84,0.06,"fitness,gaming,tech"
U00097,gyates,Sierra Leone,32,binge_user,2025-09-20,0.99,0.08,"memes,tech,food"
U00098,sharon94,Bouvet Island (Bouvetoya),23,binge_user,2025-12-07,0.9,0.11,"fitness,tech,memes"
U00099,bradleyjohnson,Trinidad and Tobago,41,trend_hopper,2025-12-19,0.38,0.05,"fitness,sports,memes"
U00100,zwhite,Mexico,30,binge_user,2026-03-30,0.96,0.11,"anime,food,sports"
U00101,johnnygrant,Kyrgyz Republic,18,passive_scroller,2025-06-09,0.37,0.02,"memes,tech,finance"
U00102,julie45,Argentina,33,trend_hopper,2025-10-30,0.45,0.07,"memes,music,sports"
U00103,floresjeffrey,Togo,43,binge_user,2025-03-19,0.81,0.12,"finance,tech,anime"
U00104,luisschultz,Iraq,44,trend_hopper,2025-01-12,0.44,0.12,"music,anime,food"
U00105,oroberts,Reunion,35,trend_hopper,2025-02-01,0.42,0.06,"tech,anime,finance"
U00106,andrewhoward,Uganda,32,binge_user,2025-05-02,0.76,0.14,"finance,food,music"
U00107,bobbyrobbins,British Indian Ocean Territory (Chagos Archipelago),19,binge_user,2025-10-02,0.97,0.11,"gaming,fitness,music"
U00108,erin67,Chad,31,active_engager,2025-04-26,0.66,0.35,"anime,gaming,memes"
U00109,skinnercarrie,Mongolia,42,binge_user,2025-11-11,0.88,0.06,"anime,sports,memes"
U00110,janet82,Cyprus,24,trend_hopper,2026-01-09,0.36,0.08,"finance,music,gaming"
U00111,williamsavage,Turks and Caicos Islands,21,active_engager,2025-08-10,0.63,0.18,"memes,music,finance"
U00112,smithbrandon,Pakistan,23,trend_hopper,2026-02-12,0.58,0.06,"tech,fitness,music"
U00113,umoore,Canada,32,binge_user,2026-01-14,0.73,0.07,"anime,sports,gaming"
U00114,emilyhawkins,Taiwan,40,binge_user,2025-02-14,0.74,0.08,"fitness,sports,finance"
U00115,huntercobb,Austria,20,active_engager,2025-02-12,0.44,0.2,"gaming,music,sports"
U00116,qholmes,Christmas Island,23,passive_scroller,2025-09-05,0.33,0.04,"food,fitness,memes"
U00117,joshua12,Gibraltar,20,binge_user,2026-01-26,0.86,0.06,"sports,music,food"
U00118,bevans,Cyprus,33,active_engager,2026-04-28,0.4,0.28,"gaming,anime,music"
U00119,wthompson,Solomon Islands,19,active_engager,2025-06-22,0.6,0.27,"tech,anime,memes"
U00120,michaelwilliams,Svalbard & Jan Mayen Islands,26,active_engager,2026-04-19,0.54,0.22,"sports,gaming,anime"
U00121,joshua17,Mauritius,30,passive_scroller,2025-11-16,0.11,0.03,"finance,sports,tech"
U00122,debrapaul,Peru,23,active_engager,2025-12-06,0.67,0.18,"memes,sports,finance"
U00123,scottmelissa,Peru,19,passive_scroller,2025-06-22,0.33,0.05,"gaming,food,tech"
U00124,xchapman,Senegal,21,trend_hopper,2025-12-05,0.35,0.07,"fitness,music,memes"
U00125,jessicabarker,Cambodia,29,trend_hopper,2025-10-28,0.44,0.05,"sports,music,gaming"
U00126,danielsandra,Djibouti,43,binge_user,2025-12-10,0.75,0.08,"fitness,food,music"
U00127,scott96,Indonesia,32,binge_user,2026-02-06,0.93,0.05,"sports,gaming,music"
U00128,nhuber,Ghana,31,active_engager,2025-10-08,0.51,0.18,"food,music,memes"
U00129,mharris,Belize,32,active_engager,2025-04-13,0.5,0.18,"fitness,memes,food"
U00130,lisa74,Germany,19,active_engager,2025-08-13,0.45,0.32,"anime,tech,music"
U00131,gregory14,Andorra,20,trend_hopper,2025-04-25,0.44,0.08,"sports,food,tech"
U00132,wandakidd,Sudan,42,passive_scroller,2026-02-07,0.23,0.03,"finance,music,food"
U00133,fsanchez,Guernsey,32,passive_scroller,2025-05-31,0.28,0.04,"memes,fitness,anime"
U00134,xnelson,Tajikistan,23,trend_hopper,2026-02-09,0.55,0.11,"food,music,sports"
U00135,alexander81,Mexico,34,passive_scroller,2025-10-20,0.13,0.02,"memes,tech,music"
U00136,dana72,Dominican Republic,35,passive_scroller,2026-03-19,0.3,0.02,"anime,tech,gaming"
U00137,stevenortega,Pakistan,45,trend_hopper,2026-03-11,0.31,0.1,"finance,gaming,food"
U00138,fostermark,Iran,34,trend_hopper,2026-02-17,0.53,0.11,"memes,music,gaming"
U00139,beltranmichelle,Gambia,40,trend_hopper,2026-02-20,0.41,0.06,"gaming,fitness,anime"
U00140,tomlong,Brazil,45,passive_scroller,2026-04-12,0.39,0.04,"food,tech,sports"
U00141,carlasalinas,Solomon Islands,31,passive_scroller,2025-12-07,0.32,0.03,"music,sports,gaming"
U00142,zperkins,Angola,36,active_engager,2025-02-14,0.47,0.35,"music,fitness,anime"
U00143,showard,Gabon,27,active_engager,2025-10-10,0.64,0.32,"gaming,music,finance"
U00144,lauriecontreras,Korea,40,passive_scroller,2026-01-23,0.37,0.04,"food,tech,anime"
U00145,richardbradshaw,Philippines,45,passive_scroller,2025-07-20,0.33,0.02,"anime,music,food"
U00146,lewisgregory,Thailand,36,binge_user,2025-12-31,0.82,0.15,"food,gaming,tech"
U00147,jenniferdaniel,Grenada,34,passive_scroller,2026-04-01,0.22,0.01,"tech,finance,fitness"
U00148,lmay,Colombia,30,active_engager,2025-10-14,0.53,0.29,"tech,memes,food"
U00149,cynthiahunter,Algeria,35,active_engager,2025-05-24,0.6,0.17,"gaming,finance,anime"
U00150,katelynguzman,Libyan Arab Jamahiriya,34,binge_user,2025-06-06,0.78,0.1,"finance,tech,food"
U00151,dixongeoffrey,Angola,23,binge_user,2025-01-10,0.89,0.12,"sports,gaming,memes"
U00152,yvonne52,Latvia,34,active_engager,2025-09-14,0.43,0.27,"tech,anime,fitness"
U00153,cbartlett,Kyrgyz Republic,35,active_engager,2025-12-17,0.55,0.31,"music,anime,food"
U00154,robert64,Sudan,31,active_engager,2025-03-28,0.53,0.17,"food,finance,tech"
U00155,david17,Turks and Caicos Islands,27,trend_hopper,2025-10-22,0.44,0.12,"tech,anime,music"
U00156,margaretrice,Israel,25,active_engager,2025-04-10,0.5,0.26,"finance,anime,music"
U00157,fisherteresa,Tajikistan,36,active_engager,2026-04-21,0.7,0.34,"sports,anime,food"
U00158,michele95,French Southern Territories,40,trend_hopper,2026-01-20,0.53,0.1,"memes,food,music"
U00159,fernandezjohn,Vanuatu,36,active_engager,2026-03-07,0.69,0.2,"memes,anime,music"
U00160,thompsonsteve,Canada,32,binge_user,2026-03-12,0.85,0.07,"tech,gaming,food"
U00161,briangreene,Lebanon,45,trend_hopper,2025-01-07,0.43,0.07,"fitness,tech,music"
U00162,browningregina,Zambia,41,passive_scroller,2025-03-17,0.27,0.04,"fitness,sports,tech"
U00163,westlisa,Niger,19,passive_scroller,2025-05-26,0.29,0.02,"finance,sports,gaming"
U00164,joseph84,Syrian Arab Republic,29,active_engager,2025-10-10,0.43,0.23,"music,anime,gaming"
U00165,davisleroy,Lao People's Democratic Republic,43,binge_user,2025-04-30,0.79,0.06,"music,finance,sports"
U00166,dicksonkatie,Uruguay,31,active_engager,2025-10-06,0.43,0.15,"sports,finance,memes"
U00167,perrymelissa,Spain,35,active_engager,2025-01-17,0.5,0.28,"finance,anime,tech"
U00168,myersamanda,Holy See (Vatican City State),28,passive_scroller,2025-05-03,0.32,0.03,"memes,sports,music"
U00169,tylerstanley,Portugal,38,binge_user,2025-08-18,0.99,0.12,"music,finance,food"
U00170,herringjoel,Myanmar,22,binge_user,2025-05-25,0.78,0.11,"sports,music,tech"
U00171,brittany52,Congo,39,passive_scroller,2025-10-17,0.35,0.03,"sports,music,finance"
U00172,choward,Uzbekistan,40,binge_user,2025-09-23,0.72,0.13,"fitness,finance,anime"
U00173,vsimmons,Korea,18,active_engager,2026-01-20,0.6,0.26,"anime,tech,food"
U00174,kevinanderson,Niue,25,passive_scroller,2025-12-01,0.16,0.02,"fitness,anime,tech"
U00175,smithgina,Bermuda,45,passive_scroller,2025-04-13,0.38,0.03,"food,memes,anime"
U00176,davisnicole,Cameroon,40,passive_scroller,2025-08-10,0.33,0.03,"music,memes,tech"
U00177,wfaulkner,Iraq,45,trend_hopper,2025-06-30,0.44,0.08,"finance,tech,sports"
U00178,therrera,Morocco,30,binge_user,2026-03-29,0.82,0.1,"music,food,sports"
U00179,perrylisa,Germany,27,active_engager,2025-01-08,0.64,0.26,"music,gaming,sports"
U00180,amarquez,Myanmar,21,binge_user,2025-11-12,0.99,0.11,"music,sports,food"
U00181,edward37,Cambodia,35,passive_scroller,2025-08-20,0.21,0.02,"fitness,food,music"
U00182,gregorycampos,Israel,19,passive_scroller,2025-10-19,0.28,0.02,"fitness,music,memes"
U00183,utran,Korea,30,active_engager,2025-09-30,0.47,0.34,"tech,music,fitness"
U00184,jyoung,Russian Federation,38,active_engager,2026-02-10,0.69,0.18,"tech,music,anime"
U00185,jacob11,Chile,31,binge_user,2025-02-01,0.74,0.06,"anime,fitness,sports"
U00186,wrichardson,Western Sahara,27,active_engager,2026-01-13,0.49,0.33,"fitness,gaming,finance"
U00187,znewman,Cook Islands,23,active_engager,2025-06-25,0.46,0.18,"gaming,food,memes"
U00188,moorejessica,Western Sahara,40,trend_hopper,2025-12-17,0.5,0.1,"food,memes,finance"
U00189,hammondgary,Congo,36,binge_user,2025-04-12,0.8,0.06,"finance,anime,memes"
U00190,rowebrittany,Paraguay,32,binge_user,2025-12-03,0.79,0.08,"anime,gaming,music"
U00191,lauren45,Kenya,28,passive_scroller,2025-03-28,0.13,0.04,"gaming,tech,music"
U00192,katherinesanchez,Korea,30,passive_scroller,2026-03-20,0.27,0.01,"tech,gaming,memes"
U00193,fergusondwayne,Slovenia,44,passive_scroller,2025-06-14,0.34,0.04,"sports,anime,finance"
U00194,fhicks,Tajikistan,45,passive_scroller,2025-08-13,0.38,0.02,"tech,gaming,food"
U00195,barkerjason,Netherlands Antilles,42,binge_user,2025-12-11,0.73,0.11,"food,sports,memes"
U00196,toddbooth,Saint Vincent and the Grenadines,22,trend_hopper,2025-11-14,0.33,0.11,"food,finance,music"
U00197,vblackwell,Greece,37,passive_scroller,2025-03-03,0.24,0.02,"fitness,gaming,tech"
U00198,steven37,Taiwan,38,active_engager,2025-05-18,0.46,0.19,"sports,gaming,anime"
U00199,gomezjulia,British Indian Ocean Territory (Chagos Archipelago),26,passive_scroller,2025-01-21,0.14,0.04,"anime,finance,tech"
U00200,joseph04,El Salvador,35,binge_user,2026-03-11,0.71,0.07,"memes,food,gaming"
U00201,renee39,Liechtenstein,19,binge_user,2025-01-23,0.92,0.14,"gaming,finance,music"
U00202,zacharydorsey,Panama,22,active_engager,2026-01-02,0.69,0.18,"food,gaming,finance"
U00203,davidbarber,Uruguay,42,trend_hopper,2025-09-11,0.54,0.07,"music,food,anime"
U00204,robertsjustin,Colombia,31,active_engager,2025-06-17,0.55,0.22,"fitness,gaming,anime"
U00205,harrisondanielle,Lao People's Democratic Republic,31,active_engager,2026-01-05,0.42,0.28,"finance,anime,sports"
U00206,kimberlybaker,Philippines,35,passive_scroller,2026-01-30,0.13,0.04,"food,finance,gaming"
U00207,robertsonrichard,Antigua and Barbuda,18,binge_user,2025-11-09,0.92,0.09,"fitness,music,food"
U00208,bbraun,Qatar,45,active_engager,2025-08-15,0.65,0.27,"gaming,music,anime"
U00209,mcguirejeffery,Macao,34,binge_user,2025-08-06,0.77,0.06,"fitness,food,memes"
U00210,arthurhernandez,Chile,40,trend_hopper,2025-11-19,0.38,0.1,"fitness,sports,memes"
U00211,smunoz,United Kingdom,41,active_engager,2025-06-12,0.48,0.29,"memes,tech,food"
U00212,christopher69,Turks and Caicos Islands,35,passive_scroller,2025-05-22,0.3,0.01,"food,memes,fitness"
U00213,sandovalamber,Ecuador,28,active_engager,2025-09-05,0.41,0.25,"finance,gaming,food"
U00214,alison10,Costa Rica,18,binge_user,2025-07-31,0.8,0.13,"gaming,tech,memes"
U00215,ian74,Colombia,35,passive_scroller,2025-12-08,0.11,0.02,"music,gaming,memes"
U00216,aliciamedina,Guinea-Bissau,20,binge_user,2025-09-10,0.94,0.13,"memes,gaming,finance"
U00217,michaelcox,Nepal,44,passive_scroller,2026-02-15,0.13,0.04,"tech,sports,memes"
U00218,garciapamela,Chad,22,passive_scroller,2026-03-17,0.33,0.05,"tech,fitness,music"
U00219,kleinryan,Brazil,32,active_engager,2025-11-29,0.63,0.25,"sports,gaming,music"
U00220,andreaallen,Korea,36,passive_scroller,2025-08-30,0.16,0.05,"gaming,food,memes"
U00221,qhenry,Mongolia,24,trend_hopper,2026-01-03,0.31,0.07,"memes,food,finance"
U00222,cummingsmaureen,Iceland,38,binge_user,2025-01-02,0.78,0.15,"food,tech,anime"
U00223,walkernathan,Lebanon,28,passive_scroller,2026-04-07,0.25,0.03,"music,finance,gaming"
U00224,donovanaimee,Samoa,31,passive_scroller,2025-11-05,0.11,0.04,"sports,food,gaming"
U00225,xjohnson,Nicaragua,39,trend_hopper,2025-05-30,0.54,0.11,"gaming,memes,tech"
U00226,pdorsey,Netherlands,19,trend_hopper,2025-12-28,0.41,0.11,"anime,music,finance"
U00227,ldalton,Vanuatu,34,passive_scroller,2026-01-20,0.2,0.03,"gaming,fitness,music"
U00228,baileydenise,Cameroon,39,passive_scroller,2025-05-14,0.24,0.05,"anime,music,gaming"
U00229,watkinstyrone,Saint Lucia,37,trend_hopper,2025-01-11,0.37,0.06,"tech,anime,food"
U00230,meganwilliams,Iran,22,binge_user,2025-01-03,0.84,0.1,"food,music,anime"
U00231,qbrown,Canada,27,passive_scroller,2026-04-25,0.26,0.02,"fitness,finance,gaming"
U00232,veronica56,Bhutan,26,active_engager,2025-12-10,0.5,0.32,"finance,music,food"
U00233,brandistephenson,Kiribati,22,binge_user,2025-07-31,0.96,0.07,"sports,music,tech"
U00234,aduke,Mauritania,39,trend_hopper,2026-01-12,0.51,0.12,"tech,sports,finance"
U00235,terrancestephenson,Guinea,20,binge_user,2025-07-22,0.96,0.11,"gaming,anime,fitness"
U00236,pprice,Guadeloupe,37,passive_scroller,2025-08-12,0.39,0.03,"sports,music,gaming"
U00237,jenkinslindsey,Japan,45,passive_scroller,2026-01-04,0.13,0.03,"tech,memes,sports"
U00238,oturner,Russian Federation,30,binge_user,2025-04-14,0.81,0.06,"anime,gaming,fitness"
U00239,nicholas09,Malaysia,21,active_engager,2025-02-21,0.66,0.22,"memes,food,finance"
U00240,simsrobert,Grenada,24,binge_user,2025-11-26,0.88,0.07,"sports,memes,tech"
U00241,sherri39,France,18,passive_scroller,2025-06-16,0.37,0.04,"fitness,sports,anime"
U00242,tsmith,Dominica,20,trend_hopper,2025-07-18,0.41,0.12,"music,gaming,anime"
U00243,jamesgoodman,Saint Martin,20,passive_scroller,2025-12-02,0.31,0.03,"music,gaming,fitness"
U00244,danny58,Turkey,27,binge_user,2025-08-01,0.93,0.07,"tech,fitness,finance"
U00245,mmontoya,Uruguay,25,active_engager,2025-12-19,0.56,0.17,"tech,food,memes"
U00246,hwilcox,Montenegro,42,active_engager,2025-11-23,0.5,0.19,"tech,food,anime"
U00247,pamelacoffey,Maldives,24,binge_user,2025-03-31,0.92,0.09,"sports,tech,anime"
U00248,larry48,Sri Lanka,24,active_engager,2025-12-16,0.49,0.29,"sports,food,finance"
U00249,caitlin53,Afghanistan,29,active_engager,2025-12-10,0.57,0.33,"tech,finance,fitness"
U00250,toddamanda,Anguilla,19,trend_hopper,2026-04-12,0.54,0.11,"fitness,anime,finance"
U00251,rvelez,Ghana,44,passive_scroller,2026-04-17,0.33,0.03,"gaming,food,finance"
U00252,millerrobin,Spain,25,binge_user,2025-02-02,0.99,0.1,"tech,music,food"
U00253,tyler94,Finland,22,active_engager,2026-01-22,0.42,0.18,"tech,finance,music"
U00254,aroman,Solomon Islands,39,passive_scroller,2025-06-11,0.19,0.04,"fitness,tech,gaming"
U00255,foxjuan,Sierra Leone,41,passive_scroller,2026-03-16,0.4,0.05,"tech,finance,sports"
U00256,lindabrown,Kenya,23,trend_hopper,2025-07-17,0.36,0.1,"fitness,music,gaming"
U00257,richard93,Tokelau,26,active_engager,2025-07-25,0.68,0.16,"memes,tech,fitness"
U00258,williamwagner,China,28,trend_hopper,2026-01-18,0.49,0.11,"music,gaming,tech"
U00259,xbates,Congo,29,active_engager,2026-02-12,0.68,0.22,"music,gaming,sports"
U00260,darleneshaw,Cape Verde,21,trend_hopper,2025-10-08,0.51,0.11,"fitness,gaming,tech"
U00261,hjones,United States Virgin Islands,39,trend_hopper,2026-04-17,0.48,0.11,"memes,tech,anime"
U00262,martinmark,Christmas Island,40,trend_hopper,2025-02-15,0.31,0.08,"gaming,sports,finance"
U00263,kellywright,Dominican Republic,18,trend_hopper,2025-10-28,0.5,0.11,"gaming,music,memes"
U00264,charlene32,Saint Kitts and Nevis,29,binge_user,2025-05-18,0.98,0.07,"memes,music,anime"
U00265,timothy21,Namibia,32,passive_scroller,2025-02-07,0.33,0.01,"tech,anime,finance"
U00266,ericcarter,South Africa,31,passive_scroller,2025-06-15,0.36,0.01,"music,sports,finance"
U00267,larrygonzalez,Cuba,44,trend_hopper,2025-08-07,0.57,0.12,"fitness,memes,gaming"
U00268,jeffrey26,Falkland Islands (Malvinas),44,passive_scroller,2025-07-14,0.36,0.02,"fitness,food,anime"
U00269,kayla62,Netherlands Antilles,26,trend_hopper,2025-03-04,0.32,0.11,"memes,anime,gaming"
U00270,peter31,Liechtenstein,34,passive_scroller,2025-04-07,0.12,0.04,"gaming,finance,sports"
U00271,stevengonzales,Greece,33,active_engager,2026-02-24,0.66,0.17,"finance,sports,food"
U00272,bwilliams,Zambia,38,passive_scroller,2025-01-14,0.37,0.04,"finance,food,tech"
U00273,donald60,North Macedonia,22,passive_scroller,2025-02-16,0.31,0.04,"anime,finance,tech"
U00274,bdiaz,Mauritania,18,passive_scroller,2026-04-01,0.32,0.01,"sports,finance,tech"
U00275,lhart,Falkland Islands (Malvinas),44,trend_hopper,2025-07-01,0.59,0.07,"gaming,memes,finance"
U00276,jacobmartin,Holy See (Vatican City State),36,trend_hopper,2025-02-16,0.47,0.06,"food,tech,finance"
U00277,millerkelly,Lao People's Democratic Republic,37,binge_user,2026-03-19,0.71,0.15,"anime,sports,tech"
U00278,uguerra,Tajikistan,29,trend_hopper,2026-01-18,0.48,0.06,"food,gaming,music"
U00279,beardsteven,France,43,binge_user,2025-08-03,0.95,0.06,"gaming,sports,food"
U00280,ibarracameron,Cyprus,34,passive_scroller,2026-03-25,0.29,0.03,"memes,music,food"
U00281,jennabarker,Ghana,30,binge_user,2025-10-18,0.78,0.14,"gaming,fitness,finance"
U00282,sgates,Svalbard & Jan Mayen Islands,26,passive_scroller,2025-11-03,0.23,0.01,"anime,sports,music"
U00283,angelahartman,Aruba,37,passive_scroller,2026-02-09,0.32,0.02,"food,anime,sports"
U00284,bestchristopher,Germany,44,binge_user,2025-10-31,0.89,0.05,"tech,music,finance"
U00285,jasonblack,Nauru,39,trend_hopper,2025-05-18,0.54,0.11,"sports,finance,gaming"
U00286,rachel56,Uzbekistan,37,binge_user,2025-05-29,0.94,0.15,"anime,sports,finance"
U00287,michael22,Costa Rica,36,trend_hopper,2025-08-03,0.46,0.08,"music,sports,gaming"
U00288,munozjennifer,Pitcairn Islands,23,active_engager,2025-11-19,0.7,0.26,"music,tech,anime"
U00289,benjamin71,Gambia,37,passive_scroller,2026-04-14,0.28,0.04,"gaming,anime,music"
U00290,daypaul,Kuwait,36,trend_hopper,2025-02-25,0.32,0.1,"finance,sports,fitness"
U00291,burnsmonica,Paraguay,19,passive_scroller,2025-03-02,0.2,0.04,"gaming,music,tech"
U00292,nathan79,Aruba,20,binge_user,2025-09-16,0.91,0.15,"memes,finance,gaming"
U00293,john01,Iceland,19,binge_user,2025-11-20,0.9,0.13,"food,gaming,tech"
U00294,vsmith,Guadeloupe,27,binge_user,2025-01-29,0.82,0.14,"tech,fitness,anime"
U00295,harringtonjessica,Palestinian Territory,22,trend_hopper,2025-01-15,0.42,0.05,"tech,anime,gaming"
U00296,leonardpierce,Colombia,29,trend_hopper,2025-01-28,0.6,0.09,"memes,fitness,gaming"
U00297,martindeborah,Slovakia (Slovak Republic),44,trend_hopper,2025-04-05,0.35,0.07,"music,food,anime"
U00298,howardwalker,Ethiopia,41,binge_user,2025-07-02,0.73,0.08,"gaming,finance,fitness"
U00299,michael80,Libyan Arab Jamahiriya,44,binge_user,2025-11-20,0.77,0.07,"gaming,music,tech"
U00300,thomasstout,Chile,28,trend_hopper,2025-08-05,0.36,0.11,"music,food,gaming"
U00301,zhumphrey,North Macedonia,27,trend_hopper,2025-04-13,0.55,0.08,"anime,finance,tech"
U00302,nicoleshaffer,Palestinian Territory,39,passive_scroller,2026-01-11,0.13,0.04,"tech,fitness,finance"
U00303,jillianmejia,Latvia,22,binge_user,2026-02-07,0.98,0.1,"tech,memes,fitness"
U00304,wileywhitney,Turks and Caicos Islands,27,active_engager,2026-01-20,0.59,0.15,"finance,food,fitness"
U00305,shellycampbell,Antarctica (the territory South of 60 deg S),19,trend_hopper,2026-04-17,0.51,0.12,"food,anime,memes"
U00306,scollier,Honduras,26,passive_scroller,2025-06-16,0.17,0.03,"memes,gaming,finance"
U00307,kgonzalez,Senegal,44,active_engager,2025-05-02,0.65,0.17,"sports,music,food"
U00308,martinchris,Bolivia,44,passive_scroller,2025-01-18,0.39,0.04,"food,memes,fitness"
U00309,trujilloshelby,Saint Pierre and Miquelon,42,active_engager,2025-06-30,0.55,0.28,"memes,gaming,finance"
U00310,awatson,Equatorial Guinea,31,active_engager,2025-08-30,0.6,0.25,"finance,tech,food"
U00311,andersonkaren,Ghana,32,active_engager,2026-01-23,0.45,0.29,"sports,anime,music"
U00312,thomasmason,Kiribati,39,active_engager,2025-10-08,0.43,0.29,"finance,memes,sports"
U00313,bryan43,Isle of Man,33,active_engager,2025-01-06,0.58,0.35,"memes,finance,sports"
U00314,adriana94,Latvia,40,active_engager,2025-09-18,0.54,0.27,"food,finance,sports"
U00315,davidgross,Jersey,40,trend_hopper,2026-01-26,0.55,0.11,"fitness,sports,tech"
U00316,carol10,Benin,28,trend_hopper,2025-06-15,0.58,0.07,"music,tech,sports"
U00317,sethbest,Mongolia,40,binge_user,2025-02-17,0.94,0.12,"memes,gaming,fitness"
U00318,ypatel,Liberia,39,trend_hopper,2025-11-30,0.31,0.08,"finance,sports,anime"
U00319,esanchez,Comoros,30,trend_hopper,2026-03-19,0.52,0.08,"gaming,sports,finance"
U00320,natalie83,Estonia,20,trend_hopper,2025-04-01,0.32,0.08,"music,tech,food"
U00321,stephensonlisa,American Samoa,19,trend_hopper,2025-05-05,0.44,0.08,"fitness,gaming,tech"
U00322,qadams,Belize,40,active_engager,2025-10-13,0.55,0.34,"memes,fitness,anime"
U00323,tracie56,Bosnia and Herzegovina,31,binge_user,2025-11-06,0.79,0.09,"anime,memes,sports"
U00324,brownbrittany,Serbia,22,active_engager,2026-04-04,0.4,0.35,"fitness,finance,tech"
U00325,jeffrey03,Aruba,26,active_engager,2025-10-30,0.47,0.23,"gaming,sports,memes"
U00326,aprilgomez,Philippines,23,passive_scroller,2026-04-26,0.4,0.03,"gaming,music,anime"
U00327,joseph86,Australia,42,passive_scroller,2025-03-23,0.24,0.03,"food,gaming,fitness"
U00328,greenmario,Uruguay,33,passive_scroller,2025-09-01,0.15,0.03,"food,sports,music"
U00329,gary66,Ethiopia,18,active_engager,2025-08-28,0.61,0.33,"fitness,music,gaming"
U00330,michaelbell,Finland,24,active_engager,2025-08-27,0.5,0.28,"gaming,fitness,sports"
U00331,xjones,Saint Barthelemy,30,passive_scroller,2025-06-22,0.24,0.03,"sports,anime,gaming"
U00332,jefffoster,San Marino,31,binge_user,2026-02-16,0.93,0.14,"sports,music,fitness"
U00333,michaelcarlson,Niue,26,trend_hopper,2025-12-25,0.53,0.06,"music,food,finance"
U00334,jamescollins,French Southern Territories,32,passive_scroller,2025-09-05,0.39,0.03,"fitness,music,tech"
U00335,john32,Guinea-Bissau,40,passive_scroller,2025-04-11,0.27,0.04,"music,fitness,anime"
U00336,ehorton,Tunisia,40,passive_scroller,2025-07-02,0.4,0.04,"food,sports,anime"
U00337,ryanhouse,Eritrea,25,passive_scroller,2025-09-18,0.23,0.05,"music,food,fitness"
U00338,lynndickerson,Tanzania,26,binge_user,2025-02-22,0.81,0.14,"finance,sports,memes"
U00339,mathewsgabriela,Uzbekistan,19,binge_user,2026-02-16,0.85,0.05,"memes,anime,finance"
U00340,reginalddiaz,Libyan Arab Jamahiriya,31,binge_user,2025-12-15,0.99,0.12,"fitness,gaming,anime"
U00341,torresjeffery,Lao People's Democratic Republic,25,active_engager,2025-12-19,0.65,0.22,"memes,finance,gaming"
U00342,tfox,Guyana,26,binge_user,2025-04-15,0.81,0.14,"food,fitness,anime"
U00343,loweamanda,Cook Islands,22,active_engager,2025-02-08,0.6,0.24,"anime,food,sports"
U00344,cameron92,Brunei Darussalam,25,binge_user,2026-03-11,0.74,0.12,"tech,finance,gaming"
U00345,jamescannon,France,28,binge_user,2025-02-03,0.9,0.14,"gaming,memes,fitness"
U00346,rhondahernandez,Cook Islands,34,binge_user,2025-06-25,0.99,0.08,"memes,sports,finance"
U00347,kevin26,Poland,21,active_engager,2026-04-18,0.57,0.31,"food,tech,finance"
U00348,steven45,Latvia,44,active_engager,2025-06-02,0.62,0.25,"memes,anime,finance"
U00349,jacobhernandez,Ireland,26,trend_hopper,2025-01-26,0.49,0.07,"fitness,food,gaming"
U00350,blackcasey,Cameroon,18,active_engager,2025-04-09,0.65,0.21,"music,memes,gaming"
U00351,michelle53,Turkey,22,trend_hopper,2026-01-05,0.56,0.06,"music,fitness,food"
U00352,jennifer21,Netherlands Antilles,36,trend_hopper,2025-07-01,0.35,0.09,"sports,finance,tech"
U00353,heather47,Rwanda,45,active_engager,2025-06-19,0.46,0.21,"memes,food,tech"
U00354,benjamin55,Jamaica,28,trend_hopper,2025-08-28,0.59,0.11,"gaming,anime,tech"
U00355,karen52,Portugal,30,trend_hopper,2025-08-06,0.54,0.12,"finance,music,memes"
U00356,shannonnovak,Palestinian Territory,27,trend_hopper,2026-02-13,0.33,0.08,"tech,sports,memes"
U00357,joseph07,Hong Kong,25,active_engager,2026-01-27,0.5,0.3,"sports,memes,gaming"
U00358,jasonbauer,Japan,19,trend_hopper,2025-02-03,0.56,0.1,"food,sports,finance"
U00359,kevinmassey,Puerto Rico,36,active_engager,2026-02-16,0.54,0.29,"music,finance,tech"
U00360,rbradley,Niger,29,binge_user,2025-05-11,0.95,0.07,"finance,music,gaming"
U00361,lambtravis,Burkina Faso,35,binge_user,2026-02-23,0.76,0.15,"sports,tech,memes"
U00362,gsmith,Guatemala,36,binge_user,2025-05-08,0.79,0.07,"food,finance,gaming"
U00363,dmontes,Congo,31,trend_hopper,2025-05-09,0.59,0.07,"music,finance,food"
U00364,butlerjesus,Zambia,42,passive_scroller,2026-03-14,0.26,0.04,"anime,tech,food"
U00365,ypham,Cameroon,45,passive_scroller,2026-03-22,0.18,0.02,"fitness,memes,finance"
U00366,mmartinez,Liberia,27,active_engager,2025-11-08,0.66,0.26,"food,sports,finance"
U00367,janicereid,Qatar,31,active_engager,2026-01-20,0.59,0.31,"sports,fitness,gaming"
U00368,jill08,Lebanon,18,binge_user,2025-12-15,0.74,0.12,"tech,gaming,food"
U00369,icarrillo,Djibouti,36,passive_scroller,2025-03-10,0.38,0.03,"food,memes,finance"
U00370,dbeasley,Trinidad and Tobago,43,trend_hopper,2025-03-25,0.47,0.11,"music,food,tech"
U00371,elizabethchambers,Antigua and Barbuda,31,passive_scroller,2025-10-01,0.33,0.03,"tech,sports,gaming"
U00372,kleinangela,Cyprus,18,trend_hopper,2025-11-30,0.52,0.05,"sports,anime,fitness"
U00373,angelacook,Guernsey,39,binge_user,2025-10-12,0.97,0.11,"tech,food,anime"
U00374,browncarmen,Saint Martin,23,active_engager,2026-02-17,0.69,0.32,"fitness,anime,food"
U00375,coryford,United States of America,25,passive_scroller,2025-08-20,0.4,0.04,"anime,sports,finance"
U00376,martinezmary,Morocco,23,binge_user,2025-07-27,0.74,0.08,"tech,fitness,gaming"
U00377,duncandavid,Bouvet Island (Bouvetoya),41,passive_scroller,2026-02-24,0.39,0.02,"memes,gaming,anime"
U00378,wilsoncassidy,Mongolia,28,binge_user,2025-07-09,0.88,0.07,"gaming,sports,anime"
U00379,davisalicia,Saint Barthelemy,35,active_engager,2026-04-20,0.45,0.15,"fitness,music,sports"
U00380,jeremy07,France,25,binge_user,2025-04-05,0.81,0.11,"finance,food,music"
U00381,walkermichael,Latvia,26,active_engager,2025-09-12,0.61,0.26,"fitness,music,tech"
U00382,qmoore,Finland,25,trend_hopper,2026-03-28,0.49,0.11,"finance,gaming,music"
U00383,katelyn10,Morocco,18,active_engager,2025-05-29,0.44,0.25,"finance,music,gaming"
U00384,johnsonamber,Mongolia,37,active_engager,2025-11-28,0.58,0.32,"sports,fitness,music"
U00385,mooreallison,Paraguay,36,trend_hopper,2026-03-30,0.52,0.09,"finance,anime,sports"
U00386,susan95,Aruba,31,passive_scroller,2025-02-23,0.31,0.04,"tech,memes,music"
U00387,qparker,Canada,26,trend_hopper,2025-06-05,0.59,0.07,"finance,fitness,music"
U00388,ecampbell,Honduras,39,passive_scroller,2025-11-04,0.24,0.04,"sports,finance,anime"
U00389,joshua17,Nepal,20,passive_scroller,2025-10-23,0.28,0.03,"memes,sports,tech"
U00390,grantchapman,Greenland,30,trend_hopper,2026-01-20,0.32,0.1,"gaming,sports,music"
U00391,bartonchase,Kiribati,45,passive_scroller,2025-04-13,0.32,0.04,"memes,music,tech"
U00392,jonesjennifer,Australia,34,active_engager,2025-10-30,0.64,0.29,"sports,fitness,music"
U00393,pamelasantiago,Israel,30,trend_hopper,2026-01-25,0.56,0.11,"finance,fitness,gaming"
U00394,richardsonadam,Russian Federation,24,trend_hopper,2025-03-08,0.59,0.12,"sports,memes,fitness"
U00395,ibrown,United Kingdom,22,active_engager,2025-08-19,0.46,0.29,"tech,food,sports"
U00396,craigmedina,Romania,40,active_engager,2026-03-15,0.47,0.28,"food,memes,finance"
U00397,brian47,Kyrgyz Republic,44,trend_hopper,2025-11-20,0.44,0.1,"anime,gaming,tech"
U00398,davidtran,Mozambique,33,passive_scroller,2025-07-13,0.34,0.02,"music,sports,gaming"
U00399,ierickson,Trinidad and Tobago,32,passive_scroller,2026-03-30,0.26,0.03,"fitness,memes,music"
U00400,millsamy,Zimbabwe,38,active_engager,2025-05-12,0.62,0.27,"gaming,tech,sports"
U00401,charlespena,Tuvalu,29,trend_hopper,2025-02-24,0.37,0.08,"anime,music,sports"
U00402,ashleyboyd,South Africa,21,trend_hopper,2025-12-12,0.58,0.07,"memes,tech,fitness"
U00403,james92,Saint Vincent and the Grenadines,25,passive_scroller,2025-09-01,0.17,0.02,"tech,food,gaming"
U00404,josephcohen,Guinea-Bissau,21,passive_scroller,2025-10-17,0.33,0.02,"memes,music,finance"
U00405,elizabeth66,Saint Vincent and the Grenadines,34,active_engager,2026-03-27,0.41,0.24,"fitness,sports,food"
U00406,ehenderson,Guatemala,43,passive_scroller,2026-01-14,0.28,0.02,"finance,memes,food"
U00407,hurstmary,Central African Republic,43,binge_user,2025-09-21,0.77,0.14,"sports,fitness,tech"
U00408,evan85,Brunei Darussalam,32,trend_hopper,2025-08-30,0.51,0.12,"fitness,anime,tech"
U00409,mjenkins,Tuvalu,39,binge_user,2025-06-01,0.95,0.07,"finance,tech,food"
U00410,edwardskimberly,Antarctica (the territory South of 60 deg S),23,active_engager,2026-01-13,0.49,0.32,"fitness,sports,gaming"
U00411,rosalesjeff,Poland,18,trend_hopper,2025-08-29,0.47,0.05,"anime,food,tech"
U00412,scottjames,Bahamas,24,binge_user,2025-11-15,0.78,0.12,"finance,sports,food"
U00413,stephaniewright,Sudan,33,passive_scroller,2025-09-12,0.33,0.02,"tech,music,anime"
U00414,amyfranklin,Lesotho,41,binge_user,2025-09-28,0.88,0.12,"fitness,tech,memes"
U00415,jpalmer,Cape Verde,24,binge_user,2025-06-06,0.85,0.11,"tech,memes,finance"
U00416,nrios,Bangladesh,32,passive_scroller,2025-09-25,0.36,0.03,"memes,gaming,fitness"
U00417,christopherpowers,Cote d'Ivoire,20,binge_user,2025-11-27,0.82,0.08,"finance,anime,food"
U00418,shannonhouston,Iceland,38,passive_scroller,2026-01-28,0.33,0.02,"memes,food,tech"
U00419,rachael93,Timor-Leste,44,passive_scroller,2025-05-03,0.21,0.02,"gaming,finance,fitness"
U00420,brittney83,Falkland Islands (Malvinas),43,binge_user,2026-04-12,0.91,0.09,"fitness,tech,gaming"
U00421,marcusgarcia,Botswana,19,trend_hopper,2025-06-06,0.45,0.1,"gaming,finance,fitness"
U00422,baileyerica,Spain,18,active_engager,2025-11-18,0.62,0.24,"finance,music,memes"
U00423,whitemarissa,Guyana,31,trend_hopper,2025-10-20,0.33,0.07,"sports,memes,finance"
U00424,patriciablackburn,Tanzania,35,binge_user,2025-10-23,0.71,0.14,"gaming,music,food"
U00425,angelamorris,Cape Verde,37,binge_user,2025-03-29,0.98,0.06,"music,sports,memes"
U00426,lrangel,Chile,44,binge_user,2026-03-11,0.81,0.08,"tech,gaming,finance"
U00427,wesley35,Morocco,20,binge_user,2025-10-29,0.99,0.05,"sports,gaming,food"
U00428,bmoore,Tonga,18,trend_hopper,2025-11-16,0.34,0.07,"finance,sports,tech"
U00429,browningmichelle,Ghana,24,passive_scroller,2025-08-09,0.39,0.02,"anime,sports,memes"
U00430,rodriguezryan,Moldova,18,active_engager,2025-05-18,0.56,0.31,"food,finance,memes"
U00431,ftate,Tajikistan,39,binge_user,2025-02-16,0.88,0.12,"sports,fitness,finance"
U00432,matthew03,Saint Helena,24,active_engager,2025-11-04,0.57,0.35,"gaming,fitness,food"
U00433,michaellewis,Nepal,35,active_engager,2025-05-12,0.46,0.27,"food,tech,sports"
U00434,norrisjacob,Bahrain,36,binge_user,2025-01-05,0.9,0.1,"finance,gaming,tech"
U00435,jessica56,Colombia,34,trend_hopper,2026-01-05,0.37,0.07,"gaming,tech,memes"
U00436,montgomeryteresa,Rwanda,33,active_engager,2025-02-01,0.58,0.32,"food,gaming,fitness"
U00437,rhodesdiana,Australia,44,binge_user,2025-06-25,0.97,0.12,"gaming,fitness,food"
U00438,delacruzbarbara,Kazakhstan,26,active_engager,2025-10-17,0.65,0.31,"fitness,anime,tech"
U00439,woodstina,Congo,36,active_engager,2025-07-30,0.48,0.17,"finance,sports,music"
U00440,nnewman,Belarus,18,binge_user,2025-01-30,0.77,0.09,"finance,food,memes"
U00441,david48,Cocos (Keeling) Islands,23,active_engager,2025-10-09,0.62,0.3,"tech,sports,memes"
U00442,hgraves,Morocco,30,active_engager,2025-01-31,0.65,0.27,"gaming,finance,tech"
U00443,wsandoval,Slovenia,23,active_engager,2025-08-29,0.65,0.15,"fitness,memes,tech"
U00444,josephbrown,Antarctica (the territory South of 60 deg S),36,passive_scroller,2026-01-15,0.3,0.05,"gaming,finance,food"
U00445,gwilkinson,Burundi,24,binge_user,2025-08-22,0.91,0.14,"tech,food,anime"
U00446,whitejacqueline,French Polynesia,43,binge_user,2025-06-13,0.77,0.13,"finance,tech,sports"
U00447,kyle21,Turks and Caicos Islands,23,binge_user,2025-05-25,0.98,0.06,"fitness,sports,gaming"
U00448,josephstephenson,Uruguay,36,active_engager,2026-01-10,0.57,0.35,"anime,finance,sports"
U00449,martinezbryan,Tajikistan,42,active_engager,2026-03-18,0.69,0.17,"anime,fitness,food"
U00450,ericrowe,Andorra,43,binge_user,2025-12-17,0.99,0.14,"food,tech,fitness"
U00451,jacobmartinez,Cook Islands,40,passive_scroller,2025-02-08,0.17,0.02,"memes,sports,tech"
U00452,batesmary,Ghana,37,trend_hopper,2025-02-17,0.46,0.07,"sports,anime,food"
U00453,freemanjoel,Qatar,41,trend_hopper,2025-06-17,0.39,0.06,"music,finance,memes"
U00454,kellymelton,Andorra,28,passive_scroller,2025-08-28,0.12,0.04,"anime,memes,sports"
U00455,huffkylie,Saudi Arabia,29,binge_user,2025-12-31,0.77,0.07,"memes,fitness,sports"
U00456,dellis,Saint Pierre and Miquelon,31,binge_user,2025-09-08,0.95,0.11,"tech,memes,anime"
U00457,lwilliams,Senegal,23,trend_hopper,2026-02-14,0.32,0.11,"finance,memes,tech"
U00458,lrobertson,Costa Rica,40,binge_user,2025-02-24,0.76,0.1,"food,music,memes"
U00459,perezjanice,Bahamas,21,passive_scroller,2026-01-07,0.16,0.01,"finance,fitness,anime"
U00460,robert19,Tuvalu,44,binge_user,2025-10-04,0.81,0.1,"memes,finance,fitness"
U00461,wchristensen,Congo,18,active_engager,2025-11-18,0.43,0.3,"sports,finance,tech"
U00462,cesar02,France,30,passive_scroller,2026-04-11,0.13,0.01,"anime,music,fitness"
U00463,nicole02,Cyprus,44,active_engager,2025-09-04,0.63,0.25,"fitness,music,food"
U00464,rcarpenter,Benin,19,trend_hopper,2025-10-12,0.35,0.07,"memes,food,sports"
U00465,curtis92,Svalbard & Jan Mayen Islands,26,passive_scroller,2026-04-02,0.3,0.04,"sports,gaming,finance"
U00466,lorraine90,Zambia,22,active_engager,2026-01-15,0.66,0.34,"food,finance,sports"
U00467,ingramjeffrey,Taiwan,25,passive_scroller,2025-06-14,0.22,0.01,"food,gaming,anime"
U00468,ronald53,Wallis and Futuna,25,passive_scroller,2025-03-14,0.27,0.05,"music,finance,anime"
U00469,julieharvey,Falkland Islands (Malvinas),35,passive_scroller,2025-06-10,0.39,0.03,"memes,finance,sports"
U00470,dudleythomas,Paraguay,34,active_engager,2025-08-15,0.49,0.33,"fitness,food,anime"
U00471,john85,Equatorial Guinea,41,active_engager,2026-02-13,0.44,0.26,"memes,gaming,food"
U00472,jbrown,Bulgaria,39,binge_user,2025-07-27,0.77,0.11,"gaming,memes,sports"
U00473,andersonkevin,Tajikistan,39,active_engager,2025-06-16,0.54,0.31,"music,gaming,fitness"
U00474,hicksmark,Ireland,21,passive_scroller,2025-01-16,0.38,0.04,"memes,sports,gaming"
U00475,vmartin,Cote d'Ivoire,18,active_engager,2025-02-28,0.48,0.32,"finance,gaming,fitness"
U00476,russellnicole,Tanzania,30,active_engager,2025-04-26,0.44,0.29,"memes,anime,food"
U00477,victoria95,Guyana,21,passive_scroller,2025-07-08,0.24,0.02,"finance,fitness,food"
U00478,emckay,United States of America,26,active_engager,2025-10-05,0.45,0.26,"food,music,sports"
U00479,ygrimes,Sweden,31,binge_user,2025-02-14,0.79,0.09,"anime,tech,gaming"
U00480,carolinemedina,Italy,28,trend_hopper,2025-01-06,0.55,0.09,"food,fitness,finance"
U00481,ian99,Kiribati,42,active_engager,2025-04-07,0.48,0.26,"fitness,food,finance"
U00482,jmartin,France,35,passive_scroller,2026-01-07,0.32,0.03,"finance,anime,sports"
U00483,lisa21,United States of America,40,active_engager,2025-10-04,0.49,0.27,"food,music,sports"
U00484,zachary00,Georgia,18,passive_scroller,2025-01-05,0.13,0.04,"memes,finance,sports"
U00485,lauragreen,Kenya,36,active_engager,2025-11-26,0.69,0.2,"music,food,gaming"
U00486,gary26,Morocco,41,binge_user,2025-12-29,0.97,0.08,"finance,food,music"
U00487,walshjamie,South Georgia and the South Sandwich Islands,20,trend_hopper,2025-06-01,0.4,0.11,"finance,music,memes"
U00488,brownmichelle,Zimbabwe,44,trend_hopper,2026-01-22,0.46,0.06,"finance,tech,sports"
U00489,christopherbrown,Chile,45,binge_user,2025-05-20,0.72,0.12,"anime,tech,sports"
U00490,amandawaters,San Marino,36,trend_hopper,2025-10-18,0.49,0.08,"memes,sports,music"
U00491,timothyjones,United States Minor Outlying Islands,32,binge_user,2025-12-30,0.94,0.14,"anime,gaming,sports"
U00492,angelanderson,Gibraltar,41,trend_hopper,2025-03-10,0.44,0.07,"fitness,food,memes"
U00493,kglenn,Iraq,20,active_engager,2025-05-14,0.55,0.19,"tech,sports,gaming"
U00494,mccallbrian,Tonga,42,binge_user,2025-07-28,0.74,0.07,"gaming,finance,anime"
U00495,davismelissa,Lesotho,44,passive_scroller,2025-10-28,0.38,0.01,"gaming,fitness,sports"
U00496,ubanks,Papua New Guinea,44,trend_hopper,2026-02-25,0.37,0.1,"tech,anime,memes"
U00497,carla13,Saudi Arabia,34,binge_user,2026-01-27,0.83,0.08,"fitness,memes,sports"
U00498,johnturner,San Marino,41,passive_scroller,2025-06-13,0.24,0.02,"anime,finance,tech"
U00499,robert21,Comoros,37,active_engager,2025-01-01,0.54,0.17,"music,finance,gaming"
U00500,laurenhenry,Sao Tome and Principe,41,binge_user,2025-10-21,0.92,0.08,"fitness,anime,memes"
U00501,hebertamanda,Suriname,25,active_engager,2026-03-04,0.58,0.22,"memes,fitness,food"
U00502,smithwalter,Puerto Rico,45,passive_scroller,2025-11-20,0.11,0.05,"finance,fitness,tech"
U00503,brianevans,New Caledonia,40,trend_hopper,2025-02-23,0.42,0.09,"music,finance,gaming"
U00504,millsadam,Liechtenstein,28,passive_scroller,2025-09-02,0.16,0.05,"memes,gaming,anime"
U00505,tylermorales,Slovakia (Slovak Republic),41,trend_hopper,2025-01-16,0.53,0.05,"anime,music,finance"
U00506,wross,Chile,34,trend_hopper,2025-11-28,0.5,0.1,"sports,memes,anime"
U00507,williamsonalan,Croatia,40,trend_hopper,2025-07-15,0.52,0.1,"food,tech,anime"
U00508,ssullivan,Japan,40,trend_hopper,2025-04-20,0.41,0.05,"finance,tech,gaming"
U00509,zbeck,Syrian Arab Republic,36,trend_hopper,2026-05-01,0.38,0.11,"memes,sports,gaming"
U00510,johngonzalez,Japan,40,binge_user,2025-10-25,0.92,0.06,"music,finance,sports"
U00511,brandonthompson,Tokelau,38,trend_hopper,2026-02-20,0.31,0.08,"finance,sports,anime"
U00512,lawrencethomas,Senegal,36,active_engager,2025-12-31,0.59,0.19,"tech,anime,gaming"
U00513,pcarter,Netherlands,42,active_engager,2025-11-08,0.61,0.19,"anime,food,gaming"
U00514,carrcheryl,Honduras,28,binge_user,2026-01-15,0.8,0.1,"fitness,sports,food"
U00515,barbara05,Mauritius,28,trend_hopper,2026-02-17,0.51,0.12,"food,fitness,music"
U00516,deanrandall,Barbados,30,binge_user,2026-01-26,0.73,0.12,"tech,fitness,food"
U00517,bonniesmith,Marshall Islands,28,passive_scroller,2025-07-17,0.36,0.01,"music,tech,finance"
U00518,elizabethlyons,Eritrea,44,passive_scroller,2026-01-14,0.28,0.01,"finance,fitness,memes"
U00519,kelleramber,French Guiana,20,trend_hopper,2025-05-21,0.57,0.07,"music,tech,sports"
U00520,paularios,Guinea,31,active_engager,2025-05-14,0.44,0.25,"anime,tech,gaming"
U00521,gmoore,Ireland,38,binge_user,2025-06-05,0.94,0.15,"food,music,anime"
U00522,nunezrobert,Guernsey,41,passive_scroller,2025-02-03,0.22,0.03,"tech,memes,fitness"
U00523,melissa37,Saint Vincent and the Grenadines,22,binge_user,2025-05-04,0.72,0.06,"finance,tech,gaming"
U00524,lisa72,Antarctica (the territory South of 60 deg S),45,passive_scroller,2026-02-01,0.27,0.05,"anime,fitness,music"
U00525,timothynichols,Sweden,36,trend_hopper,2025-05-03,0.44,0.1,"fitness,anime,tech"
U00526,normaestrada,Italy,34,binge_user,2026-04-09,0.99,0.12,"music,finance,fitness"
U00527,eric14,Saint Barthelemy,29,trend_hopper,2025-11-29,0.54,0.09,"tech,finance,food"
U00528,marycabrera,Taiwan,38,active_engager,2025-03-26,0.42,0.32,"tech,anime,finance"
U00529,natashaweaver,Venezuela,18,active_engager,2025-05-31,0.43,0.16,"finance,gaming,anime"
U00530,wesleyramos,Burkina Faso,34,passive_scroller,2025-05-17,0.21,0.04,"memes,sports,food"
U00531,samantha76,El Salvador,30,trend_hopper,2026-04-12,0.43,0.05,"food,tech,gaming"
U00532,lawrencemichael,Puerto Rico,25,active_engager,2026-02-16,0.53,0.2,"tech,memes,sports"
U00533,maria66,Serbia,20,passive_scroller,2026-01-28,0.34,0.02,"sports,tech,gaming"
U00534,davidjones,Isle of Man,31,binge_user,2025-03-28,0.82,0.12,"sports,finance,food"
U00535,johnsonrobert,Czech Republic,24,passive_scroller,2025-02-20,0.4,0.03,"finance,gaming,sports"
U00536,rpowell,Tokelau,20,passive_scroller,2025-01-28,0.23,0.01,"memes,fitness,finance"
U00537,natalie95,Iceland,38,trend_hopper,2026-01-20,0.33,0.1,"tech,anime,food"
U00538,wthornton,Belarus,32,active_engager,2025-09-27,0.59,0.27,"food,finance,memes"
U00539,doris81,Christmas Island,27,trend_hopper,2026-01-09,0.47,0.07,"gaming,anime,food"
U00540,hilljulia,Cuba,30,active_engager,2025-12-20,0.58,0.17,"gaming,food,anime"
U00541,waltermurphy,Singapore,40,passive_scroller,2026-02-05,0.3,0.04,"anime,gaming,sports"
U00542,jamie32,India,28,binge_user,2026-01-27,0.96,0.12,"fitness,food,gaming"
U00543,ashley42,Montenegro,21,passive_scroller,2025-02-06,0.22,0.04,"fitness,tech,finance"
U00544,patelemily,Niue,35,binge_user,2026-01-13,0.86,0.05,"memes,music,finance"
U00545,jeffrey24,Faroe Islands,45,binge_user,2025-04-14,0.72,0.06,"fitness,tech,anime"
U00546,rodriguezeric,Dominican Republic,44,active_engager,2025-05-09,0.54,0.26,"music,anime,food"
U00547,kramirez,Somalia,30,passive_scroller,2025-10-25,0.2,0.02,"finance,memes,sports"
U00548,james85,Moldova,22,binge_user,2025-03-13,0.98,0.1,"memes,anime,food"
U00549,olsondavid,Wallis and Futuna,25,trend_hopper,2025-08-04,0.6,0.1,"music,sports,anime"
U00550,ajohnson,Trinidad and Tobago,41,active_engager,2025-10-28,0.48,0.21,"anime,tech,memes"
U00551,jack23,Russian Federation,25,passive_scroller,2026-02-04,0.26,0.04,"finance,anime,fitness"
U00552,gregoryteresa,Heard Island and McDonald Islands,40,binge_user,2025-02-26,0.77,0.15,"gaming,music,fitness"
U00553,petercarter,Vanuatu,32,trend_hopper,2025-07-20,0.42,0.07,"sports,music,tech"
U00554,alee,Libyan Arab Jamahiriya,44,passive_scroller,2025-06-27,0.29,0.02,"memes,sports,fitness"
U00555,webstercathy,Marshall Islands,21,active_engager,2025-11-14,0.6,0.26,"gaming,fitness,food"
U00556,julia89,Gambia,32,active_engager,2026-01-28,0.7,0.17,"sports,tech,gaming"
U00557,heatherpruitt,Antarctica (the territory South of 60 deg S),31,binge_user,2025-10-12,0.78,0.07,"sports,food,music"
U00558,paultaylor,Aruba,30,binge_user,2026-04-29,0.73,0.13,"sports,anime,gaming"
U00559,jlyons,Netherlands Antilles,30,active_engager,2025-11-09,0.48,0.24,"food,tech,finance"
U00560,cwilliams,Tanzania,42,active_engager,2025-07-15,0.65,0.33,"anime,finance,gaming"
U00561,williamssteven,Hungary,43,trend_hopper,2025-07-11,0.43,0.1,"food,gaming,memes"
U00562,butlersusan,Slovenia,42,active_engager,2026-02-07,0.54,0.24,"gaming,sports,memes"
U00563,wolfbrent,Sri Lanka,35,passive_scroller,2025-04-13,0.31,0.01,"memes,food,finance"
U00564,javiermartinez,Malta,26,trend_hopper,2025-08-31,0.57,0.1,"sports,anime,fitness"
U00565,johnsonsusan,Eritrea,35,binge_user,2025-04-20,0.83,0.12,"sports,anime,memes"
U00566,robert07,Bahrain,21,binge_user,2025-07-30,0.85,0.07,"anime,tech,memes"
U00567,hahncory,Bosnia and Herzegovina,32,binge_user,2025-11-17,0.89,0.13,"anime,fitness,sports"
U00568,dgibson,Kuwait,44,binge_user,2025-02-15,0.72,0.06,"memes,finance,anime"
U00569,craigmathews,Kuwait,20,binge_user,2026-03-17,0.86,0.11,"memes,tech,anime"
U00570,shawnhoward,Turks and Caicos Islands,40,passive_scroller,2025-03-28,0.19,0.03,"anime,finance,fitness"
U00571,hernandezscott,Micronesia,41,active_engager,2025-02-24,0.55,0.15,"finance,memes,gaming"
U00572,john21,Netherlands,36,trend_hopper,2025-01-18,0.33,0.12,"gaming,anime,sports"
U00573,katherinesanchez,Bahrain,39,active_engager,2025-10-06,0.63,0.24,"food,fitness,memes"
U00574,davidanne,Bangladesh,31,trend_hopper,2025-01-29,0.4,0.06,"gaming,fitness,finance"
U00575,cunninghamrichard,Norfolk Island,31,binge_user,2025-10-16,0.81,0.14,"music,gaming,anime"
U00576,villarrealjenny,Gibraltar,22,passive_scroller,2025-09-02,0.33,0.05,"anime,music,memes"
U00577,bethanywilliams,Slovakia (Slovak Republic),37,passive_scroller,2026-03-02,0.33,0.03,"anime,sports,music"
U00578,jennifer77,San Marino,23,trend_hopper,2025-03-20,0.6,0.11,"tech,food,sports"
U00579,lindsey16,Barbados,39,passive_scroller,2025-03-23,0.13,0.02,"memes,food,finance"
U00580,kelsey72,Philippines,41,active_engager,2026-01-27,0.51,0.23,"fitness,food,anime"
U00581,jennifer14,Afghanistan,29,passive_scroller,2025-10-06,0.33,0.01,"tech,gaming,finance"
U00582,gabrielkelly,Heard Island and McDonald Islands,29,passive_scroller,2025-09-18,0.17,0.04,"tech,music,gaming"
U00583,michaelgonzalez,Belize,31,trend_hopper,2025-11-01,0.47,0.1,"finance,memes,sports"
U00584,wigginsdavid,India,27,binge_user,2025-04-19,0.81,0.06,"gaming,fitness,memes"
U00585,xstafford,Italy,19,trend_hopper,2025-06-05,0.47,0.08,"gaming,music,food"
U00586,mlopez,Bahrain,45,trend_hopper,2025-07-28,0.48,0.12,"sports,fitness,anime"
U00587,bgarrett,Panama,29,passive_scroller,2025-02-02,0.39,0.03,"gaming,anime,music"
U00588,preston66,Vanuatu,26,binge_user,2025-08-19,0.93,0.13,"fitness,memes,sports"
U00589,nicholascooke,Armenia,41,trend_hopper,2025-07-31,0.45,0.12,"tech,memes,music"
U00590,bassgary,Tunisia,39,trend_hopper,2026-01-14,0.54,0.08,"music,anime,fitness"
U00591,kristinawilson,Liberia,41,trend_hopper,2026-04-05,0.5,0.1,"tech,food,fitness"
U00592,ijohnson,Congo,36,binge_user,2025-08-10,0.73,0.05,"tech,memes,music"
U00593,taylordavid,Madagascar,25,trend_hopper,2026-01-06,0.5,0.1,"finance,food,memes"
U00594,john46,Taiwan,41,passive_scroller,2025-03-14,0.29,0.05,"food,fitness,gaming"
U00595,delgadoruth,Peru,24,passive_scroller,2025-11-27,0.2,0.03,"memes,fitness,gaming"
U00596,jamesstark,Mozambique,25,active_engager,2025-10-27,0.66,0.31,"sports,anime,gaming"
U00597,usmith,Saint Vincent and the Grenadines,33,active_engager,2026-03-10,0.57,0.28,"memes,tech,food"
U00598,xsantana,Niger,34,passive_scroller,2025-07-15,0.13,0.04,"gaming,memes,anime"
U00599,jeanjensen,Nauru,44,binge_user,2026-01-25,0.89,0.09,"tech,food,music"
U00600,douglas98,Swaziland,21,passive_scroller,2025-11-30,0.18,0.04,"food,fitness,memes"
U00601,heidi83,Saint Helena,32,active_engager,2025-07-20,0.51,0.23,"gaming,fitness,music"
U00602,estesshannon,Brunei Darussalam,33,active_engager,2025-01-24,0.41,0.21,"anime,music,food"
U00603,gbrown,Marshall Islands,22,passive_scroller,2025-06-01,0.12,0.01,"finance,music,food"
U00604,smithdennis,Chile,37,trend_hopper,2025-02-16,0.56,0.09,"sports,finance,memes"
U00605,andrew63,Bahrain,29,active_engager,2025-05-11,0.55,0.21,"memes,food,tech"
U00606,cevans,Tajikistan,36,binge_user,2025-07-10,0.97,0.08,"music,fitness,anime"
U00607,mbrown,Togo,36,binge_user,2026-02-05,0.96,0.09,"gaming,fitness,tech"
U00608,dparker,British Virgin Islands,29,passive_scroller,2025-01-08,0.34,0.02,"finance,tech,gaming"
U00609,lferguson,Ethiopia,21,active_engager,2025-08-08,0.42,0.35,"finance,food,anime"
U00610,stevensaustin,Japan,22,passive_scroller,2025-11-26,0.13,0.02,"fitness,gaming,food"
U00611,osbornejackson,Niue,40,binge_user,2025-04-03,0.89,0.12,"anime,fitness,food"
U00612,blackburnashley,Brunei Darussalam,31,trend_hopper,2025-04-29,0.52,0.05,"tech,gaming,music"
U00613,mooretracy,Maldives,25,binge_user,2026-01-25,0.78,0.13,"finance,gaming,fitness"
U00614,emilyedwards,Philippines,44,passive_scroller,2025-03-27,0.24,0.03,"food,tech,gaming"
U00615,vbush,Singapore,21,passive_scroller,2025-01-31,0.33,0.05,"gaming,anime,tech"
U00616,meyersbrenda,Hungary,37,passive_scroller,2026-01-03,0.35,0.05,"tech,anime,food"
U00617,zevans,Namibia,30,active_engager,2025-01-02,0.62,0.29,"tech,anime,music"
U00618,huntmichelle,Togo,39,binge_user,2025-11-11,0.92,0.14,"sports,food,memes"
U00619,downspatricia,United Arab Emirates,26,binge_user,2026-01-03,0.88,0.13,"fitness,sports,music"
U00620,mary51,Saint Lucia,39,binge_user,2026-01-17,0.9,0.14,"anime,sports,gaming"
U00621,xvega,Guernsey,45,binge_user,2025-10-26,0.86,0.14,"memes,sports,finance"
U00622,arnoldshaun,Bermuda,32,passive_scroller,2025-10-10,0.26,0.02,"finance,anime,gaming"
U00623,hwilliams,Benin,37,passive_scroller,2025-03-09,0.19,0.04,"fitness,gaming,memes"
U00624,fgonzalez,Nigeria,43,trend_hopper,2025-11-21,0.53,0.09,"memes,gaming,tech"
U00625,andrea22,Lithuania,37,trend_hopper,2026-04-08,0.49,0.12,"fitness,memes,food"
U00626,davidwhitaker,North Macedonia,37,trend_hopper,2025-10-09,0.39,0.07,"music,fitness,finance"
U00627,ecampbell,Slovakia (Slovak Republic),44,active_engager,2026-03-02,0.49,0.2,"memes,finance,fitness"
U00628,meghan22,Estonia,35,binge_user,2025-02-07,0.86,0.15,"sports,memes,gaming"
U00629,mkaiser,Tonga,35,passive_scroller,2026-04-10,0.34,0.04,"memes,fitness,anime"
U00630,manneric,Cayman Islands,45,binge_user,2025-08-22,0.8,0.13,"fitness,memes,gaming"
U00631,madeline64,Falkland Islands (Malvinas),31,trend_hopper,2025-10-21,0.38,0.1,"memes,tech,finance"
U00632,damon16,Congo,32,trend_hopper,2026-01-26,0.5,0.05,"anime,gaming,tech"
U00633,bklein,Turks and Caicos Islands,35,trend_hopper,2026-04-24,0.3,0.12,"sports,fitness,finance"
U00634,ruizrobert,Mozambique,37,trend_hopper,2025-04-24,0.59,0.1,"memes,fitness,music"
U00635,tcooper,Armenia,36,trend_hopper,2025-02-09,0.34,0.08,"sports,memes,gaming"
U00636,stephaniesmith,Germany,45,active_engager,2026-04-07,0.43,0.25,"finance,sports,tech"
U00637,jwilson,Gabon,39,trend_hopper,2025-03-18,0.31,0.1,"music,gaming,tech"
U00638,jbrady,Costa Rica,40,active_engager,2025-10-11,0.46,0.2,"gaming,sports,tech"
U00639,leahdawson,Ghana,26,binge_user,2026-04-11,0.92,0.07,"food,fitness,sports"
U00640,cohenheather,Bolivia,36,active_engager,2025-05-17,0.65,0.18,"fitness,finance,tech"
U00641,fgilmore,Isle of Man,44,binge_user,2025-06-18,0.73,0.06,"music,finance,tech"
U00642,deborahcarson,Mozambique,24,binge_user,2026-02-03,0.95,0.09,"fitness,finance,food"
U00643,dmorales,France,22,binge_user,2025-07-08,1.0,0.11,"tech,fitness,anime"
U00644,eriknunez,Iraq,45,passive_scroller,2025-09-18,0.39,0.02,"gaming,tech,memes"
U00645,parkscarrie,Poland,19,binge_user,2025-08-02,0.73,0.13,"anime,fitness,memes"
U00646,nunezchristina,Kiribati,41,passive_scroller,2025-10-14,0.15,0.03,"anime,memes,tech"
U00647,yatesmichelle,Georgia,44,trend_hopper,2025-12-08,0.51,0.06,"memes,sports,finance"
U00648,rmann,Mongolia,29,trend_hopper,2025-09-29,0.32,0.08,"sports,fitness,memes"
U00649,duncanchristopher,Romania,22,active_engager,2025-04-25,0.68,0.19,"fitness,finance,memes"
U00650,schneidernicole,Ethiopia,38,passive_scroller,2025-05-19,0.39,0.02,"memes,music,finance"
U00651,fitzgeraldedward,Papua New Guinea,44,trend_hopper,2025-04-12,0.3,0.07,"food,tech,sports"
U00652,xhoward,Nigeria,37,passive_scroller,2025-11-26,0.39,0.04,"sports,music,finance"
U00653,gonzalezshannon,Nauru,42,trend_hopper,2025-04-20,0.31,0.12,"music,memes,finance"
U00654,kjohnson,Panama,35,active_engager,2025-12-25,0.4,0.24,"music,fitness,food"
U00655,zhinton,Cameroon,41,active_engager,2025-01-09,0.56,0.34,"anime,fitness,food"
U00656,jwalker,Timor-Leste,35,trend_hopper,2026-03-23,0.38,0.11,"tech,finance,sports"
U00657,rsimon,Liechtenstein,44,trend_hopper,2025-04-30,0.39,0.09,"gaming,sports,music"
U00658,sharon92,Colombia,19,trend_hopper,2025-05-21,0.47,0.06,"sports,fitness,food"
U00659,hprice,Svalbard & Jan Mayen Islands,35,binge_user,2026-02-07,0.8,0.09,"fitness,tech,anime"
U00660,robinsonmatthew,Switzerland,35,passive_scroller,2025-09-01,0.24,0.02,"sports,music,fitness"
U00661,xtaylor,United Kingdom,40,binge_user,2025-10-24,0.95,0.05,"gaming,music,tech"
U00662,cortezstephanie,Tuvalu,39,active_engager,2025-05-01,0.58,0.15,"sports,food,finance"
U00663,dixoncurtis,Aruba,25,active_engager,2026-01-07,0.47,0.22,"sports,gaming,food"
U00664,michellebowen,Tajikistan,23,active_engager,2025-12-01,0.48,0.31,"food,gaming,music"
U00665,stevenjones,Norway,30,active_engager,2025-12-03,0.59,0.35,"music,anime,sports"
U00666,moniquepeterson,Greenland,33,passive_scroller,2026-01-20,0.2,0.04,"memes,finance,anime"
U00667,margaretbarnett,Trinidad and Tobago,23,trend_hopper,2025-02-26,0.35,0.06,"sports,memes,music"
U00668,kimberlymartinez,Gabon,19,passive_scroller,2025-02-22,0.39,0.02,"music,memes,gaming"
U00669,ymurray,Indonesia,20,trend_hopper,2025-11-11,0.48,0.07,"food,anime,gaming"
U00670,jenniferjones,Yemen,45,active_engager,2025-04-22,0.51,0.23,"anime,sports,gaming"
U00671,lynn49,Vanuatu,18,trend_hopper,2025-10-23,0.56,0.06,"finance,sports,music"
U00672,patrick19,Vietnam,28,binge_user,2025-03-07,0.7,0.12,"sports,finance,fitness"
U00673,nancydean,Uruguay,44,binge_user,2025-08-09,0.83,0.11,"memes,food,tech"
U00674,veronica82,Hong Kong,41,active_engager,2025-10-07,0.45,0.24,"sports,memes,tech"
U00675,cody25,China,29,passive_scroller,2025-09-13,0.37,0.05,"anime,music,memes"
U00676,taylordenise,Gibraltar,45,trend_hopper,2025-07-25,0.42,0.07,"sports,tech,food"
U00677,colemantony,Yemen,25,passive_scroller,2025-11-24,0.33,0.01,"food,sports,music"
U00678,marystrickland,Estonia,26,active_engager,2026-03-06,0.62,0.27,"sports,finance,anime"
U00679,taylorbutler,Congo,38,active_engager,2026-02-14,0.53,0.32,"memes,food,finance"
U00680,donaldrich,Saint Helena,43,binge_user,2026-04-06,0.77,0.05,"gaming,finance,memes"
U00681,burnsmatthew,Montserrat,38,binge_user,2025-06-10,0.86,0.08,"finance,anime,fitness"
U00682,warrenbrandon,Faroe Islands,37,binge_user,2025-06-24,0.71,0.12,"sports,tech,fitness"
U00683,idavis,Saint Kitts and Nevis,30,binge_user,2025-07-08,0.94,0.14,"food,sports,gaming"
U00684,warddavid,Germany,35,active_engager,2026-01-12,0.63,0.34,"anime,finance,fitness"
U00685,michaelmark,Mayotte,22,binge_user,2025-06-13,0.73,0.06,"memes,tech,food"
U00686,amandaortiz,Niger,30,passive_scroller,2025-12-06,0.34,0.05,"anime,fitness,sports"
U00687,jaredandrews,Cocos (Keeling) Islands,33,trend_hopper,2025-07-27,0.38,0.06,"memes,finance,music"
U00688,vpearson,Niger,21,binge_user,2026-02-07,0.85,0.06,"music,fitness,memes"
U00689,amyramirez,Tajikistan,44,trend_hopper,2025-12-01,0.34,0.06,"finance,anime,music"
U00690,icallahan,United States Virgin Islands,19,trend_hopper,2025-07-01,0.36,0.11,"music,finance,tech"
U00691,jtran,Norway,23,trend_hopper,2025-01-22,0.32,0.09,"fitness,music,tech"
U00692,stevenholland,Paraguay,41,trend_hopper,2025-02-01,0.58,0.12,"finance,fitness,gaming"
U00693,bankseric,Yemen,35,passive_scroller,2025-05-31,0.27,0.02,"sports,gaming,tech"
U00694,fcampos,Dominican Republic,31,active_engager,2025-08-07,0.56,0.33,"music,tech,sports"
U00695,patricia12,Nepal,23,passive_scroller,2026-04-11,0.38,0.04,"memes,anime,finance"
U00696,danielfrye,Samoa,25,binge_user,2025-05-27,0.93,0.1,"anime,sports,memes"
U00697,harrisalvin,Lao People's Democratic Republic,30,binge_user,2025-09-14,0.91,0.07,"gaming,tech,finance"
U00698,daniel40,United States Minor Outlying Islands,37,passive_scroller,2025-08-11,0.38,0.03,"anime,memes,finance"
U00699,ncoleman,Jordan,23,passive_scroller,2026-03-13,0.16,0.02,"food,memes,fitness"
U00700,stephaniehayes,Aruba,43,passive_scroller,2025-10-19,0.32,0.03,"food,gaming,fitness"
U00701,linda40,Madagascar,32,passive_scroller,2025-04-17,0.24,0.02,"fitness,food,finance"
U00702,greendavid,Tanzania,35,trend_hopper,2025-06-28,0.38,0.11,"gaming,memes,music"
U00703,dakotavalencia,Liberia,20,binge_user,2026-03-30,0.98,0.1,"fitness,tech,memes"
U00704,lopezdale,Indonesia,22,binge_user,2026-01-29,0.88,0.07,"memes,anime,music"
U00705,nathannoble,Israel,26,passive_scroller,2025-08-09,0.26,0.05,"anime,sports,finance"
U00706,eromero,China,27,trend_hopper,2026-01-27,0.38,0.1,"finance,fitness,memes"
U00707,leelisa,Monaco,37,binge_user,2025-02-08,0.95,0.1,"anime,finance,gaming"
U00708,nicholasblake,Swaziland,24,passive_scroller,2025-10-03,0.27,0.02,"food,tech,finance"
U00709,williambradley,Anguilla,45,trend_hopper,2025-07-21,0.33,0.08,"music,anime,sports"
U00710,millerchristopher,Tanzania,18,active_engager,2025-08-02,0.58,0.16,"finance,music,fitness"
U00711,dakota43,Latvia,25,active_engager,2025-03-02,0.43,0.33,"gaming,anime,tech"
U00712,margaret55,Monaco,26,trend_hopper,2026-03-11,0.43,0.08,"finance,food,memes"
U00713,dawnherrera,Zambia,39,trend_hopper,2025-06-04,0.37,0.1,"food,sports,tech"
U00714,petersonkaren,Mali,43,active_engager,2025-12-29,0.66,0.29,"sports,finance,memes"
U00715,mckinneysabrina,Qatar,43,binge_user,2026-02-28,0.96,0.13,"sports,memes,music"
U00716,edwardskenneth,Svalbard & Jan Mayen Islands,45,active_engager,2025-01-06,0.42,0.3,"sports,anime,finance"
U00717,williamsallison,Saint Lucia,28,binge_user,2025-01-26,0.89,0.14,"food,memes,anime"
U00718,dho,Kazakhstan,30,active_engager,2025-07-08,0.5,0.26,"music,anime,fitness"
U00719,hharmon,Monaco,23,active_engager,2025-01-24,0.52,0.25,"sports,fitness,food"
U00720,scott76,Comoros,42,active_engager,2025-05-03,0.51,0.25,"music,sports,gaming"
U00721,smithstephanie,Kyrgyz Republic,21,binge_user,2025-06-14,0.73,0.12,"memes,sports,anime"
U00722,cabrerarachel,Gabon,22,binge_user,2025-05-05,0.82,0.07,"food,tech,anime"
U00723,nathan02,Comoros,25,active_engager,2025-03-17,0.64,0.25,"food,anime,fitness"
U00724,gabrielle44,Norway,32,active_engager,2025-02-27,0.42,0.26,"music,finance,sports"
U00725,bcampbell,Australia,34,trend_hopper,2025-10-14,0.36,0.06,"sports,anime,food"
U00726,mary19,Turkey,36,binge_user,2025-03-07,0.96,0.08,"tech,finance,sports"
U00727,smithjohn,Cameroon,39,passive_scroller,2025-01-04,0.39,0.02,"memes,music,gaming"
U00728,russellmiguel,Marshall Islands,23,trend_hopper,2025-03-10,0.49,0.05,"tech,memes,food"
U00729,conleyrichard,Saudi Arabia,43,passive_scroller,2026-02-28,0.32,0.04,"food,finance,memes"
U00730,qhunt,Wallis and Futuna,43,passive_scroller,2025-01-08,0.17,0.02,"gaming,memes,food"
U00731,franciscohernandez,Belgium,25,trend_hopper,2025-02-08,0.32,0.12,"tech,sports,food"
U00732,whunt,Australia,39,passive_scroller,2025-08-21,0.28,0.05,"food,anime,fitness"
U00733,jackie47,Honduras,32,binge_user,2025-12-10,0.84,0.1,"sports,gaming,finance"
U00734,prich,Slovenia,43,active_engager,2026-02-02,0.45,0.33,"food,sports,gaming"
U00735,fgolden,Cayman Islands,42,trend_hopper,2026-01-20,0.35,0.09,"finance,gaming,food"
U00736,tburnett,India,32,passive_scroller,2025-03-03,0.21,0.01,"fitness,tech,anime"
U00737,brucebuchanan,Trinidad and Tobago,45,binge_user,2025-12-15,0.97,0.05,"tech,finance,fitness"
U00738,lopezgina,Tokelau,43,binge_user,2025-07-27,0.73,0.06,"tech,food,music"
U00739,muellernicole,Somalia,27,binge_user,2025-06-03,0.71,0.09,"finance,tech,fitness"
U00740,dawsonjohn,Turks and Caicos Islands,27,binge_user,2026-01-27,0.72,0.06,"tech,anime,sports"
U00741,richard70,Iraq,37,active_engager,2025-09-27,0.6,0.26,"memes,anime,music"
U00742,karenroberts,Malta,27,active_engager,2025-09-15,0.43,0.26,"food,finance,tech"
U00743,kelli80,British Virgin Islands,26,trend_hopper,2025-09-05,0.44,0.06,"finance,memes,fitness"
U00744,kimberly38,Falkland Islands (Malvinas),24,passive_scroller,2025-09-11,0.2,0.03,"fitness,memes,gaming"
U00745,greenjustin,Lithuania,20,binge_user,2026-03-13,0.93,0.12,"anime,food,gaming"
U00746,jeffery58,Japan,25,passive_scroller,2025-02-10,0.33,0.03,"anime,fitness,gaming"
U00747,brittany83,Nauru,19,passive_scroller,2025-08-03,0.24,0.04,"gaming,music,tech"
U00748,sberry,Belize,23,active_engager,2025-11-19,0.52,0.17,"sports,gaming,fitness"
U00749,martinezpatrick,Kyrgyz Republic,23,active_engager,2025-09-10,0.54,0.25,"finance,anime,memes"
U00750,ann07,Micronesia,31,binge_user,2025-08-20,0.78,0.11,"music,tech,memes"
U00751,alexa94,Papua New Guinea,42,active_engager,2025-04-02,0.55,0.35,"gaming,food,sports"
U00752,paulromero,United States Minor Outlying Islands,40,binge_user,2025-08-20,0.87,0.06,"tech,gaming,music"
U00753,sarahfernandez,Austria,36,trend_hopper,2025-04-07,0.37,0.08,"fitness,gaming,music"
U00754,pphillips,Martinique,18,trend_hopper,2025-05-09,0.49,0.1,"fitness,memes,anime"
U00755,monique14,Tonga,19,binge_user,2025-03-18,0.98,0.06,"memes,gaming,fitness"
U00756,christineharvey,Kenya,23,passive_scroller,2025-07-15,0.24,0.05,"memes,finance,food"
U00757,robertpena,American Samoa,33,trend_hopper,2025-12-13,0.45,0.08,"tech,finance,memes"
U00758,colemananita,Turks and Caicos Islands,44,passive_scroller,2025-06-11,0.34,0.05,"fitness,music,finance"
U00759,aliciathomas,Indonesia,30,active_engager,2025-10-07,0.68,0.19,"gaming,food,music"
U00760,jerry74,Western Sahara,21,binge_user,2025-02-02,0.84,0.14,"fitness,gaming,memes"
U00761,michael17,Saint Lucia,37,trend_hopper,2026-04-02,0.39,0.05,"finance,food,music"
U00762,grivera,Holy See (Vatican City State),34,trend_hopper,2026-04-23,0.53,0.09,"anime,finance,gaming"
U00763,gregorytaylor,United Arab Emirates,42,passive_scroller,2025-06-03,0.26,0.03,"gaming,fitness,tech"
U00764,hweber,Korea,32,binge_user,2025-11-25,0.78,0.05,"memes,music,tech"
U00765,melissaarellano,Liberia,45,binge_user,2026-03-22,0.71,0.12,"sports,food,finance"
U00766,ncollins,Bouvet Island (Bouvetoya),39,passive_scroller,2025-03-04,0.36,0.03,"gaming,sports,music"
U00767,warnervictoria,Jersey,26,passive_scroller,2026-01-19,0.32,0.04,"anime,memes,gaming"
U00768,patelnancy,Greece,45,passive_scroller,2025-09-03,0.17,0.04,"finance,memes,music"
U00769,ibailey,Lebanon,39,binge_user,2025-03-11,0.72,0.1,"tech,gaming,sports"
U00770,morganjeffery,Mali,28,binge_user,2025-11-17,0.95,0.06,"memes,tech,food"
U00771,jmason,Myanmar,38,binge_user,2025-05-27,0.92,0.12,"finance,sports,tech"
U00772,allisonarthur,Guadeloupe,45,binge_user,2025-09-05,0.81,0.12,"fitness,food,anime"
U00773,ihall,Tonga,28,binge_user,2026-02-07,0.74,0.06,"tech,food,gaming"
U00774,bryanmontes,Ukraine,44,binge_user,2025-10-22,0.91,0.06,"anime,food,fitness"
U00775,mary94,Georgia,31,passive_scroller,2025-06-06,0.29,0.03,"sports,music,anime"
U00776,jessicajackson,Peru,33,trend_hopper,2026-02-07,0.58,0.08,"music,tech,finance"
U00777,mariaking,Hungary,29,active_engager,2025-07-10,0.67,0.28,"sports,gaming,anime"
U00778,matthew53,Kuwait,35,passive_scroller,2025-09-05,0.28,0.03,"finance,fitness,sports"
U00779,morsegabriel,Honduras,34,active_engager,2025-09-07,0.59,0.25,"finance,gaming,anime"
U00780,edwardschristopher,Fiji,19,binge_user,2025-10-24,0.95,0.1,"anime,gaming,memes"
U00781,carolramos,Pitcairn Islands,28,binge_user,2025-12-04,0.96,0.12,"finance,food,tech"
U00782,danarobinson,Venezuela,33,binge_user,2025-09-13,0.74,0.1,"tech,food,music"
U00783,allenchad,Seychelles,18,trend_hopper,2025-07-21,0.57,0.11,"food,fitness,tech"
U00784,scottnelson,Chad,33,active_engager,2025-06-19,0.67,0.19,"anime,sports,gaming"
U00785,lynchmonica,Armenia,37,passive_scroller,2025-05-03,0.14,0.02,"fitness,finance,sports"
U00786,peterslisa,Jersey,31,passive_scroller,2026-04-18,0.18,0.03,"fitness,memes,gaming"
U00787,mayala,Bermuda,28,binge_user,2025-06-30,0.98,0.13,"music,finance,gaming"
U00788,huertacynthia,Tokelau,22,trend_hopper,2025-09-08,0.32,0.07,"fitness,anime,sports"
U00789,julia90,Togo,36,trend_hopper,2026-01-19,0.33,0.11,"finance,tech,gaming"
U00790,taylorpena,Turks and Caicos Islands,18,trend_hopper,2025-02-01,0.49,0.09,"fitness,anime,music"
U00791,smithrichard,Spain,23,passive_scroller,2025-06-19,0.18,0.04,"gaming,sports,finance"
U00792,jonesemma,Kiribati,26,active_engager,2026-01-07,0.48,0.21,"tech,food,finance"
U00793,kimberlymcfarland,Lebanon,27,binge_user,2025-05-25,0.81,0.1,"fitness,food,gaming"
U00794,donald22,Central African Republic,44,passive_scroller,2026-02-20,0.23,0.04,"finance,anime,memes"
U00795,nicole60,Angola,28,trend_hopper,2026-04-19,0.45,0.11,"music,sports,finance"
U00796,walter92,Maldives,40,active_engager,2025-09-12,0.46,0.28,"gaming,tech,food"
U00797,lmcguire,Pakistan,20,passive_scroller,2025-11-10,0.13,0.04,"food,anime,tech"
U00798,jacksonbrandon,Djibouti,30,active_engager,2026-02-03,0.48,0.33,"sports,food,memes"
U00799,kbernard,Guyana,29,binge_user,2025-11-28,0.93,0.13,"music,gaming,finance"
U00800,gweaver,Ethiopia,31,trend_hopper,2025-08-10,0.35,0.11,"finance,fitness,food"
U00801,holtwilliam,Haiti,40,active_engager,2025-07-10,0.52,0.29,"memes,food,sports"
U00802,penaamanda,South Georgia and the South Sandwich Islands,42,trend_hopper,2025-01-13,0.32,0.07,"anime,gaming,food"
U00803,lauren09,Bhutan,39,active_engager,2025-10-25,0.5,0.28,"tech,sports,finance"
U00804,meverett,Niger,29,trend_hopper,2025-05-01,0.36,0.08,"music,tech,food"
U00805,igallegos,French Polynesia,41,binge_user,2025-12-19,0.91,0.11,"finance,food,music"
U00806,michealbenton,Monaco,24,trend_hopper,2025-10-20,0.38,0.1,"food,music,memes"
U00807,jacksonanthony,Holy See (Vatican City State),32,passive_scroller,2025-05-15,0.31,0.02,"music,gaming,tech"
U00808,randyburton,Monaco,18,active_engager,2025-11-29,0.48,0.23,"food,tech,music"
U00809,rsmith,Burkina Faso,36,binge_user,2026-01-12,0.83,0.09,"music,fitness,sports"
U00810,mmarks,Ukraine,26,passive_scroller,2026-04-05,0.25,0.02,"anime,food,sports"
U00811,jamesparsons,Netherlands,27,binge_user,2025-06-14,0.97,0.06,"tech,memes,music"
U00812,brittany33,Kyrgyz Republic,30,active_engager,2025-04-09,0.44,0.32,"fitness,sports,finance"
U00813,corygarcia,Cook Islands,28,binge_user,2025-05-24,0.84,0.15,"anime,tech,fitness"
U00814,marquezraymond,Mayotte,35,passive_scroller,2026-04-04,0.23,0.05,"memes,sports,tech"
U00815,lindseyeric,Czech Republic,37,trend_hopper,2026-04-14,0.31,0.06,"finance,fitness,anime"
U00816,cohenangela,Venezuela,38,binge_user,2025-07-03,0.92,0.15,"sports,music,tech"
U00817,beanmelvin,Iraq,31,binge_user,2025-11-27,0.94,0.09,"fitness,anime,food"
U00818,kskinner,Bolivia,32,binge_user,2026-02-06,0.96,0.12,"sports,anime,music"
U00819,watersmark,Greece,29,active_engager,2025-10-10,0.42,0.15,"finance,fitness,memes"
U00820,michaelsullivan,Oman,25,trend_hopper,2025-08-16,0.5,0.08,"fitness,tech,gaming"
U00821,david05,Croatia,28,trend_hopper,2025-09-08,0.48,0.09,"fitness,sports,music"
U00822,adkinscheryl,Djibouti,44,trend_hopper,2026-02-01,0.38,0.09,"music,memes,tech"
U00823,evansamy,Paraguay,20,active_engager,2025-09-21,0.54,0.25,"food,memes,anime"
U00824,stacybyrd,Eritrea,34,active_engager,2025-11-04,0.69,0.31,"music,fitness,food"
U00825,natasha19,Christmas Island,19,trend_hopper,2025-09-21,0.38,0.09,"tech,sports,food"
U00826,smithrobert,Saint Martin,24,binge_user,2025-08-07,0.81,0.06,"music,anime,memes"
U00827,jennifer10,Monaco,40,active_engager,2025-08-02,0.46,0.35,"finance,anime,food"
U00828,peckmelissa,Bouvet Island (Bouvetoya),38,active_engager,2025-10-11,0.55,0.21,"memes,gaming,sports"
U00829,brett55,Azerbaijan,37,passive_scroller,2025-10-25,0.11,0.04,"anime,music,food"
U00830,uramsey,Montenegro,39,passive_scroller,2025-07-07,0.17,0.04,"memes,finance,music"
U00831,jwhite,Netherlands Antilles,18,binge_user,2026-03-04,0.78,0.05,"food,gaming,fitness"
U00832,greed,Algeria,36,binge_user,2025-07-31,0.95,0.07,"tech,fitness,gaming"
U00833,angela00,Liberia,33,trend_hopper,2025-06-23,0.49,0.05,"tech,gaming,sports"
U00834,sweeneyronald,Korea,30,binge_user,2025-03-15,0.88,0.12,"tech,music,food"
U00835,harrisjoseph,Peru,18,binge_user,2025-11-05,0.76,0.06,"fitness,finance,tech"
U00836,diane51,Mozambique,26,trend_hopper,2025-12-25,0.56,0.11,"tech,finance,gaming"
U00837,smithkeith,Costa Rica,25,active_engager,2025-10-09,0.55,0.25,"music,gaming,anime"
U00838,autumnbarry,Haiti,25,trend_hopper,2025-06-17,0.6,0.11,"food,sports,anime"
U00839,gibbsrobert,Croatia,42,passive_scroller,2026-04-08,0.18,0.03,"gaming,music,memes"
U00840,rgarcia,Malawi,21,passive_scroller,2025-03-31,0.15,0.02,"finance,fitness,tech"
U00841,james71,Netherlands,22,trend_hopper,2025-05-24,0.47,0.07,"food,fitness,sports"
U00842,ccox,Somalia,30,binge_user,2026-04-19,0.91,0.06,"tech,finance,anime"
U00843,malonewilliam,Bangladesh,43,passive_scroller,2026-04-03,0.13,0.04,"food,anime,memes"
U00844,dyoung,Austria,30,passive_scroller,2025-08-28,0.19,0.03,"music,fitness,finance"
U00845,bruce51,Korea,21,passive_scroller,2025-07-21,0.3,0.05,"music,gaming,sports"
U00846,alexissanchez,Cape Verde,45,binge_user,2026-04-11,0.96,0.15,"sports,memes,fitness"
U00847,wilsontodd,Bermuda,43,binge_user,2025-01-10,0.96,0.1,"tech,fitness,memes"
U00848,xjones,Vietnam,20,active_engager,2025-02-10,0.69,0.25,"finance,food,music"
U00849,chad38,Albania,29,passive_scroller,2025-02-22,0.11,0.04,"fitness,sports,music"
U00850,danielpage,Estonia,29,trend_hopper,2026-03-10,0.54,0.08,"sports,music,food"
U00851,victoriapowell,Algeria,45,active_engager,2026-01-02,0.56,0.24,"tech,fitness,sports"
U00852,msmith,Saint Vincent and the Grenadines,27,binge_user,2025-06-08,0.96,0.1,"fitness,music,sports"
U00853,anita49,Guam,23,passive_scroller,2025-07-14,0.32,0.02,"anime,fitness,music"
U00854,faguilar,Ethiopia,20,active_engager,2025-01-24,0.52,0.16,"sports,finance,fitness"
U00855,rmorales,Congo,30,binge_user,2025-06-06,0.88,0.11,"tech,sports,anime"
U00856,melissashaffer,United Arab Emirates,42,trend_hopper,2026-01-29,0.42,0.07,"finance,gaming,memes"
U00857,richardfaulkner,Guinea-Bissau,27,binge_user,2025-03-12,0.91,0.14,"gaming,fitness,sports"
U00858,jasminehill,Zambia,34,active_engager,2025-01-18,0.51,0.32,"sports,food,fitness"
U00859,ethanshaffer,United Arab Emirates,25,binge_user,2025-06-26,0.98,0.09,"food,music,memes"
U00860,brittany70,Anguilla,35,active_engager,2026-02-21,0.42,0.25,"anime,music,finance"
U00861,timothy26,Russian Federation,25,trend_hopper,2025-06-12,0.47,0.05,"tech,anime,fitness"
U00862,danieltaylor,Maldives,27,passive_scroller,2026-03-04,0.21,0.01,"gaming,fitness,memes"
U00863,ucox,Bangladesh,27,binge_user,2026-03-08,0.8,0.1,"gaming,finance,music"
U00864,tylercruz,Iran,27,passive_scroller,2026-04-23,0.3,0.02,"tech,finance,sports"
U00865,austin19,Jordan,42,active_engager,2026-04-04,0.69,0.17,"music,sports,gaming"
U00866,vhuber,New Caledonia,45,binge_user,2025-05-20,1.0,0.07,"tech,food,gaming"
U00867,audreyjohnson,Ghana,21,passive_scroller,2025-04-16,0.3,0.04,"anime,finance,sports"
U00868,lindsayrojas,Tokelau,40,passive_scroller,2025-01-02,0.39,0.01,"finance,fitness,memes"
U00869,mpierce,Eritrea,26,trend_hopper,2025-03-13,0.4,0.11,"fitness,food,memes"
U00870,katherinemckinney,Solomon Islands,29,binge_user,2025-06-16,0.82,0.15,"memes,fitness,food"
U00871,marybentley,Qatar,31,active_engager,2025-05-18,0.58,0.33,"gaming,anime,music"
U00872,ksmith,Zimbabwe,40,binge_user,2026-01-10,0.95,0.07,"fitness,sports,finance"
U00873,wilsonbrittney,Sierra Leone,42,binge_user,2025-10-26,0.92,0.13,"finance,anime,tech"
U00874,jeffreykline,Chad,32,trend_hopper,2025-12-14,0.3,0.11,"fitness,gaming,music"
U00875,stephanie86,Tonga,39,active_engager,2025-02-03,0.5,0.27,"food,memes,music"
U00876,qlee,Lebanon,20,passive_scroller,2026-01-17,0.35,0.02,"gaming,fitness,food"
U00877,megan03,China,25,passive_scroller,2025-08-17,0.3,0.04,"gaming,memes,fitness"
U00878,griffinmatthew,Serbia,23,active_engager,2026-03-16,0.61,0.23,"memes,tech,sports"
U00879,tporter,Ireland,44,binge_user,2025-05-01,0.75,0.12,"gaming,anime,food"
U00880,larry52,Liberia,34,trend_hopper,2025-11-07,0.43,0.11,"finance,fitness,gaming"
U00881,jeremiah79,Malta,22,trend_hopper,2026-02-27,0.59,0.08,"fitness,memes,gaming"
U00882,scottamber,Bulgaria,42,binge_user,2025-02-12,0.91,0.1,"sports,gaming,music"
U00883,natashadavenport,Christmas Island,37,binge_user,2025-04-12,0.88,0.06,"anime,food,finance"
U00884,angelagreen,Japan,27,trend_hopper,2025-04-04,0.36,0.09,"gaming,music,memes"
U00885,richardsonkathleen,Mozambique,38,passive_scroller,2025-03-22,0.3,0.02,"anime,gaming,finance"
U00886,perryjoseph,Morocco,21,trend_hopper,2026-01-06,0.41,0.06,"anime,food,music"
U00887,cory10,United Kingdom,45,active_engager,2025-02-04,0.62,0.17,"tech,fitness,anime"
U00888,elizabeth65,Bahamas,24,binge_user,2026-04-18,0.91,0.12,"memes,finance,anime"
U00889,prodgers,Kenya,43,active_engager,2025-05-05,0.61,0.31,"fitness,sports,food"
U00890,kimberlymartinez,Nigeria,39,binge_user,2026-01-19,0.71,0.15,"memes,sports,gaming"
U00891,kevinwagner,Swaziland,25,passive_scroller,2025-02-04,0.29,0.03,"sports,gaming,anime"
U00892,butlerlaura,Myanmar,22,passive_scroller,2025-05-14,0.29,0.03,"tech,sports,memes"
U00893,osmith,Suriname,29,trend_hopper,2025-04-29,0.43,0.08,"food,finance,gaming"
U00894,zking,United States Virgin Islands,41,passive_scroller,2025-06-09,0.38,0.03,"music,fitness,food"
U00895,kevin94,Eritrea,22,trend_hopper,2026-03-18,0.3,0.11,"music,memes,fitness"
U00896,david94,Comoros,34,trend_hopper,2025-07-12,0.44,0.07,"memes,music,tech"
U00897,fmurphy,Cote d'Ivoire,19,passive_scroller,2025-08-25,0.23,0.01,"tech,food,gaming"
U00898,blakedalton,Pakistan,44,binge_user,2025-06-16,0.75,0.12,"tech,anime,music"
U00899,ryan49,Netherlands Antilles,20,passive_scroller,2025-07-13,0.31,0.05,"memes,finance,fitness"
U00900,lopezmichele,Panama,33,trend_hopper,2025-08-06,0.51,0.07,"tech,anime,music"
U00901,charlescastillo,North Macedonia,23,active_engager,2026-01-01,0.44,0.16,"gaming,food,finance"
U00902,stephenkrause,Suriname,40,trend_hopper,2025-09-10,0.49,0.12,"food,sports,gaming"
U00903,jeffrey00,Estonia,43,binge_user,2026-04-18,0.95,0.12,"food,fitness,memes"
U00904,jeremy57,Burundi,20,trend_hopper,2025-11-20,0.43,0.11,"music,food,gaming"
U00905,umiller,Palestinian Territory,43,active_engager,2025-05-06,0.6,0.16,"tech,finance,sports"
U00906,gthomas,Saint Pierre and Miquelon,18,trend_hopper,2025-12-25,0.52,0.06,"memes,anime,finance"
U00907,justin54,Samoa,25,trend_hopper,2025-03-16,0.53,0.09,"music,tech,anime"
U00908,jaytodd,Netherlands,20,trend_hopper,2025-09-25,0.4,0.07,"tech,gaming,memes"
U00909,robinnavarro,British Indian Ocean Territory (Chagos Archipelago),23,passive_scroller,2026-01-24,0.12,0.04,"food,tech,music"
U00910,reynoldspeter,Italy,26,trend_hopper,2025-06-10,0.52,0.1,"sports,finance,food"
U00911,smithdavid,Sao Tome and Principe,21,passive_scroller,2025-06-06,0.16,0.03,"memes,anime,finance"
U00912,chansheri,Jordan,39,binge_user,2025-05-08,0.77,0.11,"fitness,gaming,finance"
U00913,jameschoi,Bosnia and Herzegovina,31,passive_scroller,2025-06-22,0.25,0.02,"food,sports,gaming"
U00914,deanna58,Netherlands Antilles,45,active_engager,2025-06-11,0.62,0.27,"sports,gaming,fitness"
U00915,kelsey07,Niue,18,active_engager,2026-04-02,0.61,0.33,"memes,food,fitness"
U00916,henryrachel,Hungary,43,active_engager,2026-03-26,0.4,0.28,"food,tech,finance"
U00917,pwolfe,Montenegro,41,passive_scroller,2025-11-12,0.2,0.02,"gaming,finance,fitness"
U00918,kimberlyoneill,Cape Verde,21,trend_hopper,2025-12-21,0.5,0.06,"tech,finance,sports"
U00919,stuart16,Holy See (Vatican City State),36,binge_user,2025-01-10,0.94,0.14,"sports,anime,fitness"
U00920,maria32,Canada,34,binge_user,2026-01-05,0.83,0.08,"finance,food,anime"
U00921,shirley64,Papua New Guinea,23,passive_scroller,2025-06-15,0.3,0.04,"memes,tech,gaming"
U00922,michael50,Bulgaria,24,trend_hopper,2025-11-06,0.5,0.07,"anime,food,tech"
U00923,perryelizabeth,Austria,38,binge_user,2025-07-02,0.86,0.06,"gaming,memes,food"
U00924,fisherjoshua,Faroe Islands,33,active_engager,2026-03-19,0.5,0.25,"anime,memes,music"
U00925,justinjones,Marshall Islands,32,passive_scroller,2025-08-15,0.36,0.05,"sports,gaming,finance"
U00926,smithdavid,Cyprus,18,trend_hopper,2025-07-28,0.38,0.07,"memes,gaming,food"
U00927,patrick00,Andorra,26,trend_hopper,2025-06-30,0.46,0.1,"tech,gaming,food"
U00928,mhowell,Dominica,30,trend_hopper,2025-12-09,0.37,0.1,"finance,anime,tech"
U00929,samanthasmith,Togo,39,passive_scroller,2026-04-14,0.4,0.03,"memes,fitness,gaming"
U00930,singletonjennifer,North Macedonia,42,trend_hopper,2026-02-08,0.59,0.1,"fitness,music,finance"
U00931,jjennings,Netherlands Antilles,43,active_engager,2025-08-27,0.44,0.29,"memes,food,anime"
U00932,mcfarlandsheila,Equatorial Guinea,34,binge_user,2025-02-28,0.78,0.07,"music,food,anime"
U00933,pwells,Peru,30,trend_hopper,2025-02-12,0.59,0.08,"finance,anime,gaming"
U00934,hayesbeth,Norway,19,binge_user,2025-04-26,0.73,0.09,"tech,finance,music"
U00935,rharper,Turks and Caicos Islands,35,binge_user,2025-12-16,0.81,0.09,"food,music,sports"
U00936,ksutton,Uganda,18,passive_scroller,2025-08-05,0.33,0.04,"anime,tech,finance"
U00937,grantricardo,Saint Helena,31,passive_scroller,2026-02-24,0.39,0.02,"anime,sports,memes"
U00938,hpowers,Egypt,30,passive_scroller,2026-03-20,0.34,0.02,"gaming,sports,anime"
U00939,davissharon,Cocos (Keeling) Islands,20,passive_scroller,2026-02-18,0.17,0.04,"anime,food,fitness"
U00940,qhudson,Bhutan,37,active_engager,2025-09-16,0.57,0.31,"memes,gaming,music"
U00941,michael23,Sao Tome and Principe,21,passive_scroller,2025-11-28,0.32,0.02,"music,food,gaming"
U00942,lambertarthur,South Africa,30,active_engager,2025-08-09,0.57,0.16,"music,memes,sports"
U00943,richard00,Togo,31,passive_scroller,2025-10-20,0.1,0.05,"food,gaming,music"
U00944,fosterkimberly,Guam,45,active_engager,2025-08-18,0.58,0.26,"memes,music,food"
U00945,millerevan,Anguilla,23,passive_scroller,2026-03-13,0.2,0.04,"gaming,food,sports"
U00946,billybailey,Bahrain,28,binge_user,2026-04-14,0.8,0.09,"music,fitness,finance"
U00947,rshaw,Saint Kitts and Nevis,43,trend_hopper,2026-01-17,0.43,0.07,"finance,gaming,food"
U00948,james89,Bangladesh,38,active_engager,2025-05-23,0.6,0.3,"music,food,gaming"
U00949,beltrannicholas,Angola,42,trend_hopper,2026-01-20,0.47,0.11,"finance,anime,gaming"
U00950,michaeldavis,Denmark,39,active_engager,2025-08-12,0.5,0.3,"tech,memes,anime"
U00951,pthomas,Uruguay,37,trend_hopper,2025-12-14,0.39,0.12,"gaming,tech,anime"
U00952,amandatorres,Zimbabwe,25,passive_scroller,2025-08-25,0.16,0.04,"gaming,tech,memes"
U00953,juliesimmons,Burundi,28,active_engager,2025-04-11,0.51,0.19,"food,sports,fitness"
U00954,kellybowman,Reunion,40,passive_scroller,2025-09-08,0.37,0.02,"gaming,food,memes"
U00955,john48,Algeria,32,trend_hopper,2025-03-02,0.38,0.08,"fitness,anime,memes"
U00956,hooversonya,Russian Federation,32,active_engager,2026-01-24,0.41,0.31,"anime,tech,gaming"
U00957,jenniferrush,Yemen,43,trend_hopper,2026-03-15,0.46,0.11,"tech,gaming,finance"
U00958,erica81,Christmas Island,44,active_engager,2025-02-18,0.65,0.16,"anime,food,music"
U00959,savagecarlos,Turkmenistan,44,active_engager,2026-01-26,0.56,0.34,"finance,tech,food"
U00960,joseph53,French Polynesia,39,passive_scroller,2026-03-30,0.1,0.04,"gaming,food,tech"
U00961,fdavis,Peru,28,binge_user,2025-08-19,0.81,0.1,"food,anime,gaming"
U00962,moorebrian,Tanzania,41,passive_scroller,2025-12-30,0.34,0.04,"finance,memes,sports"
U00963,rita45,Sierra Leone,22,trend_hopper,2026-03-11,0.51,0.06,"tech,memes,music"
U00964,jacquelinelong,India,43,passive_scroller,2025-06-06,0.37,0.02,"anime,fitness,tech"
U00965,jeffrey40,Kyrgyz Republic,32,passive_scroller,2025-01-14,0.34,0.05,"fitness,memes,finance"
U00966,reeveschristine,Senegal,44,passive_scroller,2025-09-12,0.38,0.04,"food,memes,tech"
U00967,anthonythompson,Albania,40,passive_scroller,2025-12-04,0.12,0.02,"music,food,finance"
U00968,stephen40,Sudan,34,binge_user,2025-12-25,0.97,0.07,"gaming,memes,fitness"
U00969,wgamble,Tuvalu,31,passive_scroller,2026-03-24,0.37,0.02,"gaming,fitness,tech"
U00970,hoffmanwilliam,Somalia,40,trend_hopper,2026-01-17,0.57,0.06,"gaming,fitness,finance"
U00971,caleb22,Philippines,24,trend_hopper,2025-08-06,0.33,0.07,"finance,anime,music"
U00972,wsweeney,Bangladesh,42,active_engager,2025-06-23,0.46,0.21,"food,fitness,tech"
U00973,hannah93,Liechtenstein,43,passive_scroller,2026-01-21,0.33,0.05,"memes,gaming,fitness"
U00974,mariehall,Samoa,22,passive_scroller,2025-11-14,0.14,0.02,"memes,food,anime"
U00975,lori98,Serbia,41,active_engager,2025-09-30,0.48,0.19,"tech,memes,fitness"
U00976,qbowen,Indonesia,30,trend_hopper,2025-05-05,0.51,0.06,"music,finance,tech"
U00977,harrisevan,New Caledonia,32,binge_user,2025-07-03,0.73,0.15,"sports,music,fitness"
U00978,marylopez,Senegal,44,passive_scroller,2025-05-07,0.36,0.03,"memes,music,food"
U00979,jenkinsbrittany,Uzbekistan,20,trend_hopper,2025-05-15,0.55,0.12,"finance,fitness,anime"
U00980,ruth14,Chile,24,trend_hopper,2025-04-04,0.56,0.1,"tech,finance,memes"
U00981,walkeramanda,Heard Island and McDonald Islands,25,trend_hopper,2025-02-19,0.52,0.07,"anime,memes,gaming"
U00982,hailey39,Malawi,23,passive_scroller,2025-06-03,0.27,0.04,"anime,memes,fitness"
U00983,jessica43,Mayotte,24,passive_scroller,2025-02-13,0.37,0.05,"food,sports,fitness"
U00984,xcoleman,Saudi Arabia,34,active_engager,2025-06-23,0.45,0.26,"tech,sports,memes"
U00985,dperez,Australia,35,passive_scroller,2025-06-07,0.16,0.04,"memes,gaming,finance"
U00986,romerodaniel,Guam,21,trend_hopper,2025-11-14,0.35,0.09,"tech,fitness,finance"
U00987,mariesmith,Azerbaijan,26,passive_scroller,2025-02-27,0.31,0.03,"finance,tech,music"
U00988,tjones,Antigua and Barbuda,33,binge_user,2025-09-07,0.82,0.07,"anime,finance,sports"
U00989,marksashley,Brunei Darussalam,33,binge_user,2025-09-30,0.77,0.09,"sports,food,tech"
U00990,emorrison,Mexico,31,passive_scroller,2026-02-10,0.37,0.01,"food,fitness,tech"
U00991,thompsonbenjamin,Nepal,27,binge_user,2025-06-07,0.87,0.1,"gaming,music,finance"
U00992,grahambrittany,Botswana,33,trend_hopper,2025-10-08,0.45,0.06,"music,food,tech"
U00993,zjohnson,Guernsey,27,passive_scroller,2025-05-03,0.17,0.03,"memes,anime,finance"
U00994,jenkinscarrie,Norway,24,trend_hopper,2025-04-30,0.52,0.1,"tech,music,memes"
U00995,wjones,Croatia,25,trend_hopper,2025-06-11,0.55,0.08,"music,fitness,anime"
U00996,udavis,Spain,18,trend_hopper,2025-01-18,0.59,0.1,"tech,finance,anime"
U00997,orodriguez,Gambia,42,active_engager,2025-03-12,0.49,0.2,"tech,memes,gaming"
U00998,kaitlyn82,Niger,33,trend_hopper,2025-07-26,0.34,0.08,"finance,memes,fitness"
U00999,hernandezronald,Serbia,19,binge_user,2025-11-13,0.75,0.06,"fitness,finance,anime"
U01000,davisthomas,Congo,37,active_engager,2026-04-13,0.48,0.17,"food,sports,gaming"
U01001,donnascott,Slovakia (Slovak Republic),23,active_engager,2025-12-15,0.57,0.2,"sports,food,fitness"
U01002,zlawson,Botswana,19,active_engager,2025-08-28,0.59,0.3,"gaming,music,memes"
U01003,libarra,India,39,active_engager,2025-08-27,0.53,0.17,"sports,tech,anime"
U01004,martinraymond,Palau,25,trend_hopper,2025-05-20,0.36,0.06,"fitness,sports,music"
U01005,jason22,Germany,23,binge_user,2026-02-04,0.8,0.12,"finance,anime,gaming"
U01006,dthomas,Canada,27,binge_user,2025-09-23,0.71,0.13,"anime,memes,finance"
U01007,bhawkins,Belarus,35,active_engager,2026-03-06,0.61,0.34,"memes,food,tech"
U01008,tammy67,Cook Islands,34,passive_scroller,2025-01-23,0.39,0.02,"fitness,anime,tech"
U01009,schwartztammy,Angola,29,passive_scroller,2025-10-05,0.14,0.05,"fitness,memes,food"
U01010,jenniferguzman,Australia,38,trend_hopper,2025-05-16,0.42,0.11,"finance,fitness,anime"
U01011,mullinscarla,Tokelau,40,binge_user,2025-04-21,0.77,0.06,"tech,gaming,anime"
U01012,garrettjonathan,Peru,22,active_engager,2025-10-25,0.55,0.3,"memes,music,anime"
U01013,luke86,Albania,32,active_engager,2025-07-19,0.48,0.25,"fitness,anime,music"
U01014,sara86,Vanuatu,35,binge_user,2025-08-25,0.89,0.15,"tech,sports,memes"
U01015,ncallahan,Montenegro,38,passive_scroller,2025-06-26,0.32,0.04,"sports,fitness,music"
U01016,apruitt,Romania,37,active_engager,2025-05-12,0.52,0.28,"finance,fitness,tech"
U01017,rachelspencer,Albania,23,passive_scroller,2025-01-20,0.25,0.02,"food,memes,gaming"
U01018,jamie94,Martinique,42,active_engager,2026-01-06,0.56,0.3,"music,anime,sports"
U01019,jonesjason,Spain,40,trend_hopper,2025-07-02,0.34,0.08,"tech,anime,music"
U01020,rebeccavaughn,Malta,24,binge_user,2026-02-13,0.82,0.11,"tech,gaming,fitness"
U01021,wilsonnicole,British Virgin Islands,42,active_engager,2025-04-09,0.48,0.19,"music,anime,tech"
U01022,sandra38,Djibouti,27,binge_user,2026-02-13,0.79,0.09,"food,gaming,music"
U01023,michaelaguirre,Malta,45,trend_hopper,2026-03-21,0.32,0.11,"finance,tech,fitness"
U01024,hwilliams,Kiribati,32,trend_hopper,2026-01-26,0.39,0.09,"finance,tech,memes"
U01025,dharrison,Congo,22,active_engager,2025-12-05,0.68,0.21,"memes,finance,fitness"
U01026,rebecca88,Timor-Leste,26,active_engager,2025-10-15,0.64,0.29,"finance,gaming,tech"
U01027,smithsean,Moldova,30,active_engager,2025-05-05,0.67,0.3,"food,memes,sports"
U01028,crogers,Tanzania,33,active_engager,2026-04-20,0.55,0.24,"music,memes,tech"
U01029,curtiscurtis,French Southern Territories,41,trend_hopper,2026-04-29,0.39,0.1,"gaming,fitness,sports"
U01030,aimee14,Netherlands Antilles,43,trend_hopper,2025-05-15,0.35,0.06,"memes,music,sports"
U01031,michelle09,Brunei Darussalam,26,passive_scroller,2025-04-28,0.15,0.02,"finance,food,music"
U01032,kenneth58,Guinea,34,binge_user,2025-11-20,0.91,0.08,"tech,finance,anime"
U01033,medinajamie,Botswana,26,binge_user,2025-02-26,0.95,0.08,"music,tech,fitness"
U01034,frenchkelsey,Germany,24,active_engager,2025-04-07,0.47,0.17,"gaming,tech,sports"
U01035,thomasporter,Kazakhstan,44,passive_scroller,2025-06-05,0.11,0.02,"anime,memes,food"
U01036,loganamanda,Mongolia,36,trend_hopper,2025-01-28,0.34,0.07,"tech,food,memes"
U01037,mendezjessica,United States Minor Outlying Islands,22,passive_scroller,2025-06-18,0.15,0.01,"memes,anime,tech"
U01038,lburke,Antigua and Barbuda,28,trend_hopper,2026-04-05,0.35,0.05,"sports,finance,memes"
U01039,schultzwesley,Antigua and Barbuda,24,trend_hopper,2025-06-01,0.34,0.07,"tech,finance,gaming"
U01040,lambertmelissa,Uganda,44,binge_user,2025-08-04,0.83,0.09,"finance,memes,fitness"
U01041,beckdaniel,Congo,42,binge_user,2026-02-08,0.94,0.14,"anime,gaming,music"
U01042,irwinkathryn,Cuba,24,active_engager,2026-01-17,0.58,0.34,"memes,fitness,sports"
U01043,mackfelicia,Antigua and Barbuda,23,active_engager,2025-11-27,0.65,0.23,"finance,food,anime"
U01044,gibsongregory,Korea,43,trend_hopper,2025-12-13,0.47,0.05,"tech,food,memes"
U01045,mdavid,Bhutan,37,binge_user,2025-04-24,0.8,0.12,"gaming,anime,sports"
U01046,david30,French Southern Territories,32,binge_user,2025-11-12,0.71,0.1,"sports,tech,gaming"
U01047,omarwalsh,Thailand,35,binge_user,2025-02-23,0.87,0.12,"sports,music,gaming"
U01048,juangonzales,Sri Lanka,32,active_engager,2025-11-19,0.67,0.24,"finance,anime,gaming"
U01049,kmeyer,French Southern Territories,21,trend_hopper,2025-11-24,0.6,0.12,"memes,anime,finance"
U01050,gclark,Central African Republic,39,trend_hopper,2025-04-23,0.32,0.07,"music,sports,fitness"
U01051,orodriguez,Mali,33,passive_scroller,2025-08-29,0.4,0.04,"memes,tech,sports"
U01052,lewisjohn,Botswana,33,trend_hopper,2025-11-22,0.56,0.1,"tech,music,memes"
U01053,imichael,Jordan,24,trend_hopper,2025-12-06,0.33,0.08,"finance,tech,music"
U01054,shelly55,Malawi,20,trend_hopper,2026-02-06,0.47,0.08,"anime,sports,fitness"
U01055,teresa87,India,21,passive_scroller,2025-05-06,0.38,0.03,"food,tech,music"
U01056,richard80,Lithuania,24,active_engager,2025-07-28,0.62,0.3,"finance,gaming,music"
U01057,tanya48,Micronesia,29,trend_hopper,2025-11-08,0.54,0.07,"tech,sports,finance"
U01058,joshuahuff,Hungary,30,trend_hopper,2025-12-19,0.4,0.07,"memes,gaming,food"
U01059,brendagilbert,Latvia,20,binge_user,2025-01-16,0.96,0.11,"tech,gaming,anime"
U01060,dixonemily,Djibouti,42,binge_user,2026-01-06,0.93,0.05,"food,memes,anime"
U01061,sfinley,Monaco,37,passive_scroller,2025-05-20,0.4,0.04,"tech,gaming,finance"
U01062,matthew28,Somalia,24,passive_scroller,2026-03-30,0.18,0.05,"anime,finance,fitness"
U01063,jessica94,Bhutan,26,active_engager,2025-05-20,0.64,0.25,"sports,music,tech"
U01064,arogers,Qatar,36,passive_scroller,2025-03-23,0.21,0.04,"anime,sports,tech"
U01065,joycewheeler,Denmark,31,trend_hopper,2026-01-10,0.37,0.1,"tech,finance,food"
U01066,laura04,Namibia,36,active_engager,2025-04-14,0.54,0.29,"sports,food,fitness"
U01067,lhammond,France,40,active_engager,2026-04-03,0.63,0.24,"memes,gaming,music"
U01068,xstone,Bolivia,45,trend_hopper,2025-01-17,0.41,0.08,"anime,finance,music"
U01069,brandysexton,Comoros,43,binge_user,2026-03-23,0.72,0.06,"memes,tech,music"
U01070,wrightmichael,Timor-Leste,20,passive_scroller,2026-02-20,0.19,0.03,"music,sports,tech"
U01071,clarkbrad,Greenland,45,binge_user,2025-11-19,0.82,0.1,"anime,food,memes"
U01072,claudiacole,Solomon Islands,44,binge_user,2026-03-23,0.73,0.06,"gaming,music,food"
U01073,steven14,Turkmenistan,22,binge_user,2025-12-19,0.97,0.09,"memes,anime,gaming"
U01074,marshallcarol,Cameroon,28,trend_hopper,2025-06-19,0.47,0.1,"anime,gaming,memes"
U01075,katherine29,Tanzania,28,passive_scroller,2026-02-17,0.39,0.01,"music,sports,tech"
U01076,kendra33,Romania,22,passive_scroller,2025-12-18,0.39,0.04,"memes,finance,gaming"
U01077,nduke,United Kingdom,40,passive_scroller,2026-03-11,0.15,0.03,"anime,music,tech"
U01078,briannaandrade,Libyan Arab Jamahiriya,22,active_engager,2025-04-23,0.69,0.2,"fitness,sports,finance"
U01079,stewartrobin,Jordan,33,active_engager,2025-06-29,0.65,0.23,"food,gaming,music"
U01080,rachael47,Sao Tome and Principe,19,active_engager,2026-01-13,0.68,0.18,"finance,tech,food"
U01081,dickersonheather,Greenland,32,binge_user,2026-02-26,0.94,0.12,"finance,memes,anime"
U01082,ronaldcox,Bulgaria,40,passive_scroller,2025-10-05,0.32,0.04,"music,food,gaming"
U01083,susan15,Spain,18,binge_user,2025-04-26,0.94,0.14,"gaming,memes,fitness"
U01084,ricky76,Singapore,38,passive_scroller,2026-01-18,0.11,0.02,"gaming,anime,fitness"
U01085,rowejames,Ukraine,38,passive_scroller,2025-06-25,0.26,0.04,"gaming,memes,fitness"
U01086,joy29,Sweden,30,active_engager,2026-02-27,0.55,0.3,"sports,finance,tech"
U01087,zluna,Andorra,24,trend_hopper,2025-05-30,0.38,0.09,"fitness,food,sports"
U01088,melissa73,Japan,27,trend_hopper,2025-10-27,0.34,0.08,"memes,finance,food"
U01089,frostmark,Norfolk Island,41,trend_hopper,2025-10-21,0.45,0.06,"food,gaming,anime"
U01090,williamhall,Benin,37,binge_user,2025-03-03,0.93,0.07,"memes,fitness,sports"
U01091,mistycannon,Chad,23,active_engager,2026-01-30,0.64,0.31,"anime,music,food"
U01092,clarkshawn,Grenada,31,passive_scroller,2025-11-01,0.22,0.01,"food,memes,sports"
U01093,mccoywendy,Singapore,30,active_engager,2026-05-01,0.64,0.28,"finance,gaming,food"
U01094,ctaylor,Cameroon,26,binge_user,2025-11-28,0.72,0.08,"food,sports,fitness"
U01095,bryantdeborah,Hungary,33,passive_scroller,2025-10-25,0.14,0.04,"anime,gaming,music"
U01096,anthonyroth,Bahamas,25,active_engager,2025-09-01,0.57,0.29,"tech,anime,food"
U01097,johnmoore,Vietnam,19,active_engager,2025-02-04,0.51,0.2,"fitness,sports,gaming"
U01098,wagnergregory,Vanuatu,31,active_engager,2026-01-28,0.65,0.16,"gaming,fitness,memes"
U01099,scottmark,Costa Rica,32,binge_user,2026-03-03,0.77,0.13,"anime,food,memes"
U01100,autumn80,Russian Federation,25,active_engager,2025-08-21,0.62,0.16,"finance,food,memes"
U01101,ronald01,Niue,42,active_engager,2025-10-21,0.58,0.28,"food,finance,tech"
U01102,jturner,Uganda,18,trend_hopper,2025-11-09,0.4,0.06,"music,gaming,tech"
U01103,freemanruben,Malawi,21,active_engager,2025-01-20,0.48,0.26,"finance,memes,food"
U01104,diana71,Nicaragua,44,binge_user,2025-04-30,0.87,0.12,"music,gaming,anime"
U01105,tryan,Venezuela,29,active_engager,2025-11-23,0.44,0.21,"tech,sports,food"
U01106,wflores,United States of America,19,active_engager,2025-04-17,0.59,0.27,"memes,music,finance"
U01107,nicholasthompson,North Macedonia,26,trend_hopper,2025-04-03,0.4,0.06,"anime,sports,finance"
U01108,staceylewis,Austria,27,trend_hopper,2025-03-31,0.42,0.06,"anime,music,food"
U01109,seanowens,Madagascar,23,active_engager,2026-01-13,0.56,0.31,"food,gaming,finance"
U01110,lnguyen,Cook Islands,30,binge_user,2026-03-21,0.75,0.12,"gaming,fitness,food"
U01111,ryanjames,Japan,22,passive_scroller,2025-12-01,0.23,0.03,"memes,gaming,tech"
U01112,erica02,Argentina,45,passive_scroller,2025-11-11,0.33,0.04,"finance,food,anime"
U01113,lauren05,Northern Mariana Islands,33,trend_hopper,2025-04-14,0.33,0.1,"tech,food,finance"
U01114,heather82,Rwanda,27,binge_user,2026-02-11,0.81,0.1,"sports,fitness,finance"
U01115,margaret09,Faroe Islands,25,trend_hopper,2025-10-03,0.34,0.06,"anime,music,memes"
U01116,iferguson,Trinidad and Tobago,37,passive_scroller,2025-03-09,0.2,0.04,"finance,anime,food"
U01117,vegajames,Greece,33,active_engager,2025-02-25,0.69,0.2,"tech,food,sports"
U01118,klopez,Morocco,29,trend_hopper,2026-03-12,0.6,0.08,"tech,fitness,food"
U01119,michael61,Ireland,29,binge_user,2025-10-09,0.73,0.06,"fitness,gaming,music"
U01120,qdominguez,Isle of Man,38,binge_user,2025-10-25,0.98,0.12,"memes,anime,food"
U01121,jenniferpayne,Guatemala,32,active_engager,2025-05-16,0.65,0.31,"finance,food,gaming"
U01122,mendozajennifer,Zimbabwe,32,binge_user,2025-01-12,0.94,0.08,"tech,gaming,memes"
U01123,williamrodriguez,Cocos (Keeling) Islands,45,trend_hopper,2025-02-23,0.48,0.07,"anime,music,fitness"
U01124,jay69,Kazakhstan,39,active_engager,2025-09-01,0.43,0.19,"finance,fitness,memes"
U01125,christopher26,Croatia,31,active_engager,2025-11-21,0.55,0.17,"finance,gaming,fitness"
U01126,ynunez,North Macedonia,44,active_engager,2025-10-25,0.56,0.21,"food,finance,music"
U01127,alexanderterry,Pakistan,31,active_engager,2025-10-09,0.57,0.17,"music,food,fitness"
U01128,bensonmichelle,Mexico,18,trend_hopper,2026-01-31,0.41,0.08,"anime,gaming,food"
U01129,pallen,South Africa,18,active_engager,2025-02-19,0.49,0.26,"anime,gaming,music"
U01130,nicole04,Burundi,20,active_engager,2025-01-27,0.68,0.33,"gaming,music,memes"
U01131,kreed,Bulgaria,31,trend_hopper,2026-01-02,0.59,0.07,"memes,fitness,gaming"
U01132,gomezleah,Spain,19,active_engager,2025-02-05,0.68,0.16,"finance,food,gaming"
U01133,uknight,Libyan Arab Jamahiriya,27,binge_user,2025-02-28,0.76,0.12,"music,tech,gaming"
U01134,jsmith,Martinique,43,active_engager,2025-06-15,0.47,0.28,"anime,memes,sports"
U01135,zcombs,Wallis and Futuna,26,binge_user,2025-03-13,0.93,0.13,"gaming,food,music"
U01136,owilliams,Greenland,27,trend_hopper,2025-01-22,0.54,0.1,"food,gaming,memes"
U01137,lance84,Greece,26,passive_scroller,2025-01-18,0.32,0.04,"fitness,tech,finance"
U01138,meaganmurillo,Fiji,19,active_engager,2025-01-10,0.56,0.22,"food,gaming,memes"
U01139,mayschristopher,Pitcairn Islands,31,trend_hopper,2026-03-07,0.54,0.09,"music,fitness,finance"
U01140,robinsoncrystal,Gabon,27,passive_scroller,2025-11-10,0.26,0.03,"sports,gaming,finance"
U01141,mgonzales,Malawi,26,passive_scroller,2025-08-17,0.36,0.02,"fitness,music,anime"
U01142,beverlygarcia,Pakistan,19,binge_user,2026-01-11,0.76,0.07,"anime,memes,finance"
U01143,jacob66,Bahamas,18,active_engager,2025-10-12,0.6,0.32,"finance,fitness,music"
U01144,butlercrystal,South Africa,26,trend_hopper,2026-04-30,0.5,0.07,"finance,fitness,memes"
U01145,flara,Bahrain,18,trend_hopper,2025-03-04,0.48,0.07,"fitness,finance,memes"
U01146,gvillanueva,Antigua and Barbuda,38,binge_user,2025-06-02,0.82,0.07,"food,fitness,memes"
U01147,djohnson,France,43,trend_hopper,2025-03-07,0.44,0.11,"fitness,gaming,food"
U01148,wrightjoseph,Sweden,39,active_engager,2025-08-24,0.44,0.23,"sports,food,anime"
U01149,qpatel,New Caledonia,30,binge_user,2025-01-10,0.98,0.13,"sports,food,music"
U01150,derrickcraig,United States Virgin Islands,29,trend_hopper,2025-08-11,0.58,0.07,"finance,anime,tech"
U01151,romerostephanie,Hong Kong,24,passive_scroller,2026-02-28,0.24,0.02,"tech,fitness,gaming"
U01152,qsnyder,Bhutan,18,passive_scroller,2025-01-02,0.22,0.03,"food,finance,anime"
U01153,robert84,Greenland,44,trend_hopper,2025-10-26,0.34,0.06,"sports,music,fitness"
U01154,jimmybrown,Faroe Islands,29,passive_scroller,2025-04-01,0.33,0.02,"memes,music,anime"
U01155,nskinner,Montenegro,30,trend_hopper,2025-02-12,0.46,0.12,"fitness,music,food"
U01156,larryhernandez,Heard Island and McDonald Islands,42,binge_user,2025-11-17,0.8,0.09,"sports,finance,music"
U01157,shelby87,Central African Republic,21,active_engager,2025-11-29,0.64,0.34,"memes,finance,gaming"
U01158,iparker,Western Sahara,24,trend_hopper,2026-03-14,0.4,0.1,"food,anime,tech"
U01159,devans,Ghana,44,passive_scroller,2025-01-23,0.12,0.05,"food,sports,tech"
U01160,garciaharold,Aruba,36,passive_scroller,2025-07-19,0.37,0.05,"sports,tech,food"
U01161,daniel40,Ethiopia,43,binge_user,2025-10-10,0.92,0.14,"memes,finance,sports"
U01162,philip89,Heard Island and McDonald Islands,39,trend_hopper,2025-10-11,0.49,0.09,"anime,sports,gaming"
U01163,duranmonique,Mauritius,33,passive_scroller,2026-04-07,0.16,0.02,"anime,music,sports"
U01164,hmckinney,France,33,passive_scroller,2026-02-14,0.17,0.04,"anime,sports,music"
U01165,parkerricky,Yemen,32,trend_hopper,2025-03-28,0.35,0.06,"finance,sports,food"
U01166,larry55,Cayman Islands,32,binge_user,2025-12-14,0.83,0.07,"anime,gaming,tech"
U01167,pgreen,Greece,27,active_engager,2025-10-03,0.55,0.33,"tech,finance,fitness"
U01168,margaret85,Morocco,23,binge_user,2025-05-11,0.83,0.09,"food,finance,gaming"
U01169,halelisa,Namibia,28,active_engager,2025-04-23,0.45,0.22,"anime,tech,fitness"
U01170,grayapril,Oman,35,trend_hopper,2026-04-08,0.52,0.09,"sports,finance,gaming"
U01171,xpham,Bulgaria,20,trend_hopper,2025-03-28,0.42,0.08,"food,fitness,anime"
U01172,jamiemarshall,American Samoa,26,trend_hopper,2026-03-16,0.41,0.07,"anime,memes,tech"
U01173,banderson,Samoa,20,trend_hopper,2025-10-25,0.49,0.09,"gaming,sports,finance"
U01174,hatfieldsharon,Cook Islands,34,binge_user,2025-03-21,0.99,0.13,"food,finance,music"
U01175,watkinsalexis,Ukraine,18,binge_user,2025-10-31,1.0,0.15,"gaming,finance,sports"
U01176,huntthomas,Mozambique,30,binge_user,2026-02-28,0.97,0.07,"gaming,food,sports"
U01177,klewis,Christmas Island,28,active_engager,2026-03-05,0.53,0.23,"gaming,sports,fitness"
U01178,uwhite,Equatorial Guinea,32,passive_scroller,2025-08-07,0.2,0.04,"fitness,music,sports"
U01179,jenna35,Montserrat,19,active_engager,2025-02-14,0.49,0.26,"anime,food,sports"
U01180,jason94,Costa Rica,37,trend_hopper,2026-03-11,0.58,0.09,"food,finance,fitness"
U01181,jwiley,Christmas Island,41,binge_user,2025-07-10,0.83,0.15,"music,tech,memes"
U01182,elizabethromero,Heard Island and McDonald Islands,29,passive_scroller,2025-02-22,0.33,0.03,"sports,finance,anime"
U01183,stephanie47,United Arab Emirates,22,passive_scroller,2025-05-01,0.16,0.02,"gaming,fitness,food"
U01184,vbrown,Venezuela,38,active_engager,2026-03-10,0.48,0.15,"finance,gaming,food"
U01185,charlesjones,Israel,44,active_engager,2026-02-19,0.66,0.28,"fitness,food,memes"
U01186,mark29,French Southern Territories,26,binge_user,2025-05-16,0.9,0.06,"fitness,food,sports"
U01187,michelle59,Finland,19,binge_user,2026-02-18,0.75,0.14,"food,finance,tech"
U01188,anatorres,Heard Island and McDonald Islands,34,trend_hopper,2025-07-07,0.55,0.06,"sports,anime,music"
U01189,lkennedy,Nigeria,35,passive_scroller,2025-08-23,0.19,0.05,"memes,fitness,food"
U01190,klinenatalie,Guernsey,21,binge_user,2026-01-07,0.85,0.11,"finance,food,sports"
U01191,angela32,Albania,37,active_engager,2025-01-13,0.43,0.19,"food,tech,anime"
U01192,baileybrandt,Nauru,28,trend_hopper,2026-02-13,0.46,0.11,"gaming,music,memes"
U01193,anthonyroach,Guam,29,binge_user,2025-02-17,0.87,0.12,"fitness,tech,anime"
U01194,ksparks,Oman,23,binge_user,2026-01-01,0.94,0.12,"anime,finance,memes"
U01195,michaelmarshall,Seychelles,33,trend_hopper,2026-01-16,0.55,0.08,"fitness,finance,music"
U01196,hgarcia,France,32,binge_user,2026-02-25,0.95,0.14,"memes,music,tech"
U01197,kevin04,Kyrgyz Republic,20,active_engager,2025-10-03,0.43,0.23,"food,gaming,tech"
U01198,karen25,United Arab Emirates,26,passive_scroller,2026-02-13,0.38,0.02,"sports,finance,memes"
U01199,cassiehicks,Sudan,35,active_engager,2025-03-25,0.55,0.19,"finance,memes,gaming"
U01200,kthomas,South Georgia and the South Sandwich Islands,22,active_engager,2025-09-16,0.51,0.26,"memes,music,finance"
U01201,stephen46,Armenia,18,trend_hopper,2026-04-13,0.57,0.09,"anime,food,music"
U01202,rstanley,Niger,42,binge_user,2025-10-28,0.96,0.07,"gaming,sports,anime"
U01203,joyrodriguez,Kiribati,23,trend_hopper,2025-04-11,0.5,0.09,"memes,music,tech"
U01204,stephanie16,Svalbard & Jan Mayen Islands,35,active_engager,2025-05-22,0.43,0.22,"music,anime,fitness"
U01205,mary52,Equatorial Guinea,19,active_engager,2025-03-21,0.66,0.15,"fitness,memes,music"
U01206,kendra05,Tokelau,39,binge_user,2025-10-28,0.9,0.1,"anime,gaming,fitness"
U01207,jeffrey42,Antigua and Barbuda,43,binge_user,2026-04-22,0.82,0.08,"food,gaming,memes"
U01208,patriciamorales,Central African Republic,40,active_engager,2025-05-03,0.48,0.16,"finance,tech,gaming"
U01209,courtneyromero,American Samoa,41,binge_user,2025-07-30,0.83,0.13,"gaming,tech,fitness"
U01210,jeffersonjessica,Algeria,22,active_engager,2025-12-23,0.55,0.17,"finance,tech,anime"
U01211,bradfordjesus,Libyan Arab Jamahiriya,36,binge_user,2025-12-22,0.78,0.08,"memes,sports,food"
U01212,eric53,Central African Republic,21,trend_hopper,2025-12-04,0.38,0.06,"finance,tech,music"
U01213,laurie02,Israel,36,passive_scroller,2026-01-29,0.19,0.03,"anime,finance,memes"
U01214,ramoserica,Saint Barthelemy,40,passive_scroller,2025-02-01,0.24,0.01,"tech,finance,food"
U01215,sheila83,Moldova,22,binge_user,2025-03-12,0.94,0.15,"anime,fitness,music"
U01216,brandonbrown,Seychelles,42,binge_user,2025-12-01,0.93,0.15,"gaming,tech,sports"
U01217,martinjohn,Guam,40,trend_hopper,2025-08-23,0.51,0.06,"sports,memes,fitness"
U01218,maria17,Cambodia,36,trend_hopper,2025-07-13,0.48,0.08,"music,tech,memes"
U01219,crystalpetersen,Tunisia,39,active_engager,2025-09-04,0.57,0.21,"anime,fitness,memes"
U01220,daniel64,Mongolia,38,trend_hopper,2025-10-07,0.59,0.09,"memes,finance,anime"
U01221,markking,Northern Mariana Islands,24,active_engager,2025-06-23,0.65,0.18,"fitness,memes,finance"
U01222,gturner,Saint Lucia,36,binge_user,2025-05-06,0.91,0.12,"food,memes,music"
U01223,sydneysmith,Norway,26,trend_hopper,2025-05-11,0.38,0.08,"anime,gaming,sports"
U01224,ritterkathy,Yemen,34,trend_hopper,2026-02-09,0.6,0.06,"anime,memes,fitness"
U01225,mbradford,Saudi Arabia,42,active_engager,2025-12-30,0.57,0.19,"tech,sports,finance"
U01226,zgalvan,Ireland,41,passive_scroller,2025-04-14,0.2,0.03,"memes,finance,sports"
U01227,croy,South Georgia and the South Sandwich Islands,22,trend_hopper,2025-11-22,0.31,0.09,"memes,sports,finance"
U01228,jordansuzanne,Cocos (Keeling) Islands,31,trend_hopper,2025-06-11,0.53,0.11,"finance,anime,memes"
U01229,hillvicki,Denmark,23,passive_scroller,2025-03-20,0.14,0.01,"food,anime,sports"
U01230,mathismargaret,Malta,23,trend_hopper,2025-09-05,0.42,0.11,"food,gaming,tech"
U01231,tinatownsend,Martinique,44,trend_hopper,2026-02-02,0.42,0.06,"music,food,memes"
U01232,watsonleonard,Libyan Arab Jamahiriya,27,active_engager,2025-11-25,0.51,0.33,"gaming,tech,anime"
U01233,allencharles,Congo,36,trend_hopper,2025-12-11,0.3,0.11,"gaming,finance,sports"
U01234,cwilkinson,Myanmar,39,active_engager,2025-12-31,0.54,0.26,"sports,finance,tech"
U01235,taylorjames,Niue,20,active_engager,2025-05-06,0.56,0.34,"anime,memes,gaming"
U01236,umartin,Denmark,36,passive_scroller,2025-12-05,0.25,0.04,"gaming,tech,sports"
U01237,suzanne97,Jordan,36,passive_scroller,2025-03-07,0.35,0.01,"fitness,food,gaming"
U01238,patrickdorsey,United States Minor Outlying Islands,38,passive_scroller,2025-09-07,0.23,0.04,"gaming,food,finance"
U01239,danderson,Pakistan,19,passive_scroller,2026-01-06,0.21,0.02,"music,gaming,sports"
U01240,adriennegibbs,Romania,42,passive_scroller,2026-03-24,0.14,0.01,"fitness,anime,tech"
U01241,loriharris,Nigeria,26,passive_scroller,2025-03-05,0.18,0.02,"sports,food,gaming"
U01242,staceysmith,Jersey,43,binge_user,2025-05-25,0.94,0.06,"music,memes,food"
U01243,davisjesse,Saint Martin,20,passive_scroller,2025-06-17,0.21,0.02,"anime,finance,fitness"
U01244,mayertroy,Taiwan,44,trend_hopper,2026-01-05,0.52,0.07,"gaming,memes,anime"
U01245,julie18,Belize,39,trend_hopper,2025-10-25,0.46,0.07,"sports,anime,finance"
U01246,qramirez,Guinea,36,active_engager,2025-05-29,0.51,0.22,"fitness,finance,sports"
U01247,morrowpaul,Cape Verde,28,passive_scroller,2025-09-14,0.18,0.01,"food,music,memes"
U01248,pgarcia,Liberia,31,trend_hopper,2025-08-23,0.33,0.07,"gaming,food,fitness"
U01249,michael59,Antarctica (the territory South of 60 deg S),42,binge_user,2025-12-02,0.73,0.11,"tech,anime,gaming"
U01250,amy90,Myanmar,40,trend_hopper,2026-01-01,0.43,0.07,"memes,sports,finance"
U01251,mitchell18,Holy See (Vatican City State),35,trend_hopper,2025-08-18,0.37,0.07,"sports,food,fitness"
U01252,leekim,Kuwait,40,active_engager,2026-02-11,0.65,0.18,"fitness,food,sports"
U01253,morrowryan,Israel,44,active_engager,2025-08-18,0.45,0.2,"anime,tech,gaming"
U01254,jillian49,Finland,18,trend_hopper,2025-01-17,0.32,0.1,"tech,gaming,anime"
U01255,gregorycohen,Spain,25,active_engager,2025-08-16,0.54,0.31,"tech,music,memes"
U01256,jennifer14,Northern Mariana Islands,25,passive_scroller,2025-03-14,0.2,0.03,"food,sports,finance"
U01257,icox,New Caledonia,29,binge_user,2025-01-27,0.79,0.11,"gaming,finance,fitness"
U01258,melissalee,Czech Republic,18,trend_hopper,2026-01-04,0.44,0.08,"sports,gaming,tech"
U01259,jbest,Guernsey,31,trend_hopper,2025-08-23,0.54,0.12,"food,sports,finance"
U01260,shawnboyd,Belgium,24,trend_hopper,2026-01-30,0.49,0.07,"fitness,music,gaming"
U01261,andrewwebb,Dominican Republic,31,trend_hopper,2025-01-18,0.44,0.08,"anime,tech,music"
U01262,qcortez,Belgium,40,binge_user,2025-12-07,0.76,0.08,"tech,food,gaming"
U01263,washingtonjessica,Cyprus,21,trend_hopper,2026-04-09,0.36,0.08,"anime,tech,memes"
U01264,joebrown,Zimbabwe,28,trend_hopper,2025-02-16,0.44,0.12,"music,finance,tech"
U01265,fanderson,Italy,35,passive_scroller,2025-06-29,0.25,0.03,"gaming,sports,fitness"
U01266,hermanvalerie,Croatia,22,trend_hopper,2025-04-03,0.33,0.09,"food,sports,anime"
U01267,susanmata,Myanmar,23,passive_scroller,2025-12-29,0.12,0.05,"gaming,memes,music"
U01268,xacosta,Norway,23,active_engager,2025-08-14,0.6,0.2,"music,sports,finance"
U01269,across,Palau,32,active_engager,2026-03-30,0.52,0.23,"music,tech,sports"
U01270,soliskyle,India,45,passive_scroller,2025-12-31,0.34,0.04,"tech,gaming,fitness"
U01271,susanray,Greenland,26,passive_scroller,2025-09-01,0.16,0.02,"music,memes,fitness"
U01272,walkersteven,Cyprus,26,trend_hopper,2025-06-05,0.37,0.12,"sports,music,tech"
U01273,zparks,Zambia,23,trend_hopper,2025-12-31,0.38,0.11,"memes,finance,food"
U01274,melendezcourtney,Tokelau,40,passive_scroller,2025-10-03,0.36,0.02,"fitness,anime,food"
U01275,ygarrison,French Guiana,23,active_engager,2026-03-23,0.66,0.26,"music,tech,finance"
U01276,zmorgan,Lao People's Democratic Republic,30,active_engager,2025-07-25,0.45,0.24,"tech,food,memes"
U01277,brianperez,Chad,31,passive_scroller,2025-01-30,0.16,0.01,"gaming,sports,anime"
U01278,emccarthy,Saint Vincent and the Grenadines,18,active_engager,2025-01-29,0.67,0.34,"fitness,sports,tech"
U01279,bboyd,Moldova,25,binge_user,2025-05-13,0.98,0.08,"gaming,finance,sports"
U01280,wrightjeffrey,Portugal,41,binge_user,2026-04-12,0.73,0.06,"tech,music,gaming"
U01281,yhunter,Palau,23,passive_scroller,2025-04-24,0.39,0.03,"music,tech,finance"
U01282,dmoreno,Cape Verde,40,trend_hopper,2025-01-18,0.6,0.12,"anime,memes,tech"
U01283,shane31,Ecuador,19,passive_scroller,2025-07-06,0.28,0.04,"fitness,sports,memes"
U01284,hstevens,Thailand,37,binge_user,2026-01-22,0.88,0.11,"music,sports,tech"
U01285,webershelia,Liberia,37,passive_scroller,2025-07-19,0.39,0.04,"sports,memes,tech"
U01286,jeffrey03,Antarctica (the territory South of 60 deg S),41,binge_user,2025-10-15,0.91,0.09,"memes,fitness,music"
U01287,robert71,Lao People's Democratic Republic,19,binge_user,2025-11-23,0.76,0.07,"fitness,anime,finance"
U01288,spittman,Germany,22,active_engager,2025-03-26,0.67,0.19,"memes,anime,finance"
U01289,ublack,Lesotho,20,trend_hopper,2025-08-03,0.46,0.06,"music,memes,food"
U01290,tomgreen,Bahamas,24,active_engager,2025-06-26,0.66,0.28,"memes,sports,food"
U01291,ryankelly,Dominican Republic,28,passive_scroller,2025-07-22,0.22,0.02,"food,fitness,music"
U01292,castrojasmine,Spain,23,active_engager,2025-11-07,0.46,0.25,"food,fitness,anime"
U01293,mitchellrobinson,Vietnam,41,passive_scroller,2025-11-24,0.25,0.02,"tech,music,memes"
U01294,iprice,United States Minor Outlying Islands,22,passive_scroller,2025-01-24,0.12,0.03,"anime,memes,food"
U01295,mitchellyolanda,Botswana,37,passive_scroller,2025-04-25,0.11,0.04,"music,memes,food"
U01296,martin70,Cape Verde,29,binge_user,2025-12-20,0.76,0.1,"food,tech,finance"
U01297,lsmith,Afghanistan,29,binge_user,2025-03-26,0.81,0.1,"food,finance,anime"
U01298,vshea,Mexico,36,binge_user,2025-06-22,0.79,0.06,"fitness,memes,finance"
U01299,patricksharon,Thailand,42,passive_scroller,2026-03-14,0.11,0.01,"fitness,tech,food"
U01300,crussell,Congo,19,trend_hopper,2025-03-18,0.43,0.1,"gaming,fitness,tech"
U01301,stephen03,Taiwan,27,trend_hopper,2025-03-05,0.59,0.08,"gaming,sports,memes"
U01302,nhoward,Bahamas,19,trend_hopper,2025-01-04,0.31,0.1,"tech,finance,anime"
U01303,ericaharper,Central African Republic,45,passive_scroller,2025-09-26,0.24,0.04,"anime,tech,sports"
U01304,jamesmorgan,Burundi,19,passive_scroller,2026-03-11,0.29,0.05,"memes,fitness,tech"
U01305,brandonsilva,Cameroon,37,passive_scroller,2026-02-19,0.29,0.03,"music,finance,fitness"
U01306,shawn86,Mexico,28,binge_user,2025-11-30,0.7,0.1,"anime,music,finance"
U01307,elizabeth92,Netherlands,39,passive_scroller,2026-01-13,0.2,0.01,"music,fitness,finance"
U01308,williamspatricia,Guam,38,passive_scroller,2025-10-12,0.15,0.03,"anime,gaming,music"
U01309,franklinmichael,Ireland,27,active_engager,2026-02-27,0.52,0.25,"food,music,memes"
U01310,ronald20,Syrian Arab Republic,22,binge_user,2025-09-06,0.86,0.12,"memes,anime,food"
U01311,sweeneyshane,Syrian Arab Republic,44,active_engager,2026-02-08,0.66,0.16,"tech,anime,finance"
U01312,ethompson,France,38,active_engager,2025-04-29,0.51,0.26,"memes,gaming,finance"
U01313,lwilliams,Kuwait,41,trend_hopper,2025-07-19,0.48,0.05,"music,anime,tech"
U01314,stevensonmartin,Slovenia,30,binge_user,2025-08-28,0.99,0.08,"sports,anime,memes"
U01315,mendezderrick,Mozambique,25,binge_user,2025-07-04,0.87,0.06,"food,music,sports"
U01316,kristy41,North Macedonia,32,passive_scroller,2025-01-03,0.2,0.02,"sports,finance,gaming"
U01317,allengriffin,Kyrgyz Republic,42,passive_scroller,2025-06-02,0.14,0.04,"anime,memes,fitness"
U01318,bakerglen,Mali,42,passive_scroller,2025-04-07,0.22,0.04,"sports,music,tech"
U01319,jamesreese,Croatia,42,binge_user,2025-04-11,0.91,0.11,"fitness,anime,finance"
U01320,donnahansen,Christmas Island,26,binge_user,2025-12-30,0.83,0.08,"tech,sports,memes"
U01321,zbarrett,Tanzania,40,passive_scroller,2025-05-25,0.17,0.02,"tech,sports,food"
U01322,shawzachary,New Caledonia,42,passive_scroller,2025-07-11,0.37,0.05,"music,fitness,finance"
U01323,romerojenna,Papua New Guinea,29,trend_hopper,2025-10-30,0.58,0.06,"anime,music,fitness"
U01324,marysmall,Malawi,24,active_engager,2025-05-31,0.48,0.26,"memes,gaming,anime"
U01325,hawkinsmonica,Madagascar,22,trend_hopper,2025-05-21,0.36,0.11,"food,music,finance"
U01326,ismith,San Marino,45,trend_hopper,2025-09-10,0.31,0.09,"finance,memes,gaming"
U01327,michael77,Estonia,26,trend_hopper,2025-07-19,0.45,0.08,"anime,music,gaming"
U01328,lmercado,Heard Island and McDonald Islands,25,binge_user,2025-03-23,0.75,0.06,"memes,food,anime"
U01329,xadams,Botswana,26,trend_hopper,2026-03-18,0.32,0.05,"anime,tech,finance"
U01330,marycooper,Bulgaria,32,active_engager,2025-01-22,0.47,0.35,"anime,memes,sports"
U01331,sarahross,British Virgin Islands,42,trend_hopper,2025-05-29,0.36,0.11,"finance,fitness,gaming"
U01332,rmorgan,Montserrat,34,passive_scroller,2025-03-28,0.14,0.02,"fitness,food,music"
U01333,stevendyer,Chad,31,active_engager,2025-01-10,0.67,0.28,"memes,food,finance"
U01334,zsanchez,Western Sahara,30,passive_scroller,2026-04-17,0.15,0.05,"tech,anime,music"
U01335,randywilliamson,Kazakhstan,21,active_engager,2025-05-11,0.56,0.27,"tech,food,memes"
U01336,gmorrow,Zambia,20,active_engager,2025-01-12,0.46,0.31,"food,tech,music"
U01337,kramos,Equatorial Guinea,18,active_engager,2026-03-07,0.59,0.17,"memes,food,music"
U01338,wilsonjacqueline,New Caledonia,20,passive_scroller,2025-04-09,0.11,0.04,"finance,gaming,fitness"
U01339,rebecca58,Lesotho,41,binge_user,2026-03-07,0.88,0.13,"finance,anime,sports"
U01340,richardsonerica,Faroe Islands,20,active_engager,2025-08-06,0.49,0.29,"sports,finance,music"
U01341,mchavez,Marshall Islands,28,trend_hopper,2025-03-04,0.37,0.06,"sports,food,memes"
U01342,lroberts,Marshall Islands,19,trend_hopper,2026-03-30,0.48,0.08,"memes,food,sports"
U01343,shieldsanthony,British Indian Ocean Territory (Chagos Archipelago),37,active_engager,2025-01-09,0.5,0.3,"gaming,memes,finance"
U01344,russelldonald,Liberia,39,passive_scroller,2026-02-22,0.37,0.04,"fitness,gaming,music"
U01345,hernandezjesus,Micronesia,32,binge_user,2025-11-26,0.77,0.1,"food,sports,fitness"
U01346,josephcohen,Peru,41,binge_user,2025-06-14,0.96,0.13,"gaming,tech,fitness"
U01347,ypeterson,Marshall Islands,19,trend_hopper,2025-03-20,0.42,0.1,"finance,tech,memes"
U01348,westmary,Congo,32,binge_user,2026-01-09,0.83,0.07,"tech,memes,finance"
U01349,jasonwalker,Montenegro,40,active_engager,2025-03-25,0.45,0.22,"memes,music,fitness"
U01350,tlucas,Morocco,21,binge_user,2025-08-06,0.89,0.09,"anime,finance,music"
U01351,mary98,Guinea-Bissau,42,trend_hopper,2025-06-23,0.45,0.09,"sports,gaming,anime"
U01352,weekskayla,Uruguay,43,passive_scroller,2026-01-09,0.17,0.04,"fitness,food,finance"
U01353,janicefrank,United Arab Emirates,18,binge_user,2025-08-02,0.78,0.11,"anime,tech,music"
U01354,brianjenkins,Mexico,33,binge_user,2025-01-19,0.75,0.06,"music,tech,gaming"
U01355,james53,Bahrain,27,trend_hopper,2025-08-02,0.59,0.1,"finance,anime,tech"
U01356,kaitlynharris,French Southern Territories,23,passive_scroller,2025-04-07,0.17,0.05,"finance,fitness,music"
U01357,gilbertjoseph,Brazil,30,active_engager,2025-06-13,0.69,0.17,"food,gaming,finance"
U01358,mramsey,Bahamas,21,binge_user,2026-04-23,0.74,0.08,"finance,food,sports"
U01359,millerannette,Bermuda,23,passive_scroller,2025-05-15,0.16,0.03,"fitness,memes,gaming"
U01360,williamwilson,Honduras,32,passive_scroller,2025-02-12,0.4,0.03,"gaming,memes,sports"
U01361,stoneeric,Turks and Caicos Islands,30,trend_hopper,2025-06-29,0.48,0.1,"anime,gaming,music"
U01362,christina41,Albania,22,trend_hopper,2025-01-18,0.32,0.08,"fitness,gaming,sports"
U01363,smurillo,Finland,31,passive_scroller,2025-08-25,0.29,0.01,"sports,music,finance"
U01364,rsmith,Sao Tome and Principe,25,binge_user,2026-02-18,0.91,0.09,"food,tech,fitness"
U01365,robertellison,Benin,25,passive_scroller,2025-09-16,0.38,0.04,"tech,sports,finance"
U01366,fdiaz,Tuvalu,18,binge_user,2026-02-17,0.78,0.13,"gaming,food,fitness"
U01367,qwashington,Lebanon,23,active_engager,2025-01-27,0.63,0.3,"memes,finance,music"
U01368,zkrueger,Nigeria,29,passive_scroller,2026-03-09,0.36,0.04,"memes,fitness,food"
U01369,thompsonashley,Tunisia,32,passive_scroller,2025-08-21,0.38,0.02,"fitness,anime,finance"
U01370,rodriguezantonio,El Salvador,18,active_engager,2025-01-06,0.62,0.28,"fitness,music,food"
U01371,aturner,Liechtenstein,36,passive_scroller,2025-09-20,0.34,0.03,"fitness,music,sports"
U01372,graycheryl,Aruba,44,passive_scroller,2025-05-15,0.25,0.03,"food,fitness,memes"
U01373,jamie75,Philippines,40,trend_hopper,2026-04-04,0.54,0.07,"gaming,music,anime"
U01374,jenniferrodriguez,Benin,41,active_engager,2025-11-07,0.62,0.27,"finance,gaming,fitness"
U01375,nguyenstacy,Poland,24,passive_scroller,2026-03-10,0.34,0.02,"tech,gaming,food"
U01376,heather95,Netherlands Antilles,21,passive_scroller,2025-04-30,0.27,0.03,"fitness,food,finance"
U01377,omoyer,South Africa,44,passive_scroller,2026-04-13,0.24,0.02,"memes,tech,anime"
U01378,sandy37,Georgia,44,passive_scroller,2025-01-16,0.15,0.03,"finance,gaming,music"
U01379,simonamy,Tunisia,43,active_engager,2025-10-02,0.41,0.22,"sports,tech,fitness"
U01380,ballrobert,North Macedonia,41,trend_hopper,2025-02-24,0.59,0.07,"fitness,gaming,food"
U01381,williamsjohn,Russian Federation,41,binge_user,2025-09-07,0.88,0.08,"fitness,tech,sports"
U01382,weberanna,Malaysia,29,active_engager,2025-01-28,0.43,0.34,"gaming,sports,anime"
U01383,aguilargabrielle,Uruguay,28,passive_scroller,2025-04-05,0.21,0.02,"gaming,food,music"
U01384,phenderson,Tajikistan,38,trend_hopper,2025-04-21,0.35,0.11,"anime,fitness,memes"
U01385,bolsen,Solomon Islands,27,binge_user,2025-12-29,0.9,0.07,"gaming,music,food"
U01386,farrelllorraine,Mauritania,33,active_engager,2025-10-30,0.51,0.17,"anime,tech,fitness"
U01387,antoniowilliams,Jamaica,40,passive_scroller,2025-09-30,0.13,0.02,"tech,anime,food"
U01388,qmason,Pitcairn Islands,42,trend_hopper,2025-06-16,0.46,0.06,"anime,gaming,memes"
U01389,allendavid,Montserrat,45,active_engager,2026-01-06,0.41,0.21,"tech,gaming,finance"
U01390,barrettjoanne,Congo,22,passive_scroller,2026-02-01,0.39,0.02,"gaming,food,finance"
U01391,weavercassandra,Ireland,30,trend_hopper,2025-02-23,0.34,0.07,"tech,finance,music"
U01392,qjohnson,Antigua and Barbuda,41,trend_hopper,2025-01-05,0.58,0.1,"anime,food,gaming"
U01393,michael24,Netherlands,28,active_engager,2025-05-04,0.64,0.25,"gaming,tech,finance"
U01394,briangonzalez,Brazil,24,passive_scroller,2025-07-04,0.12,0.02,"gaming,tech,anime"
U01395,nicholas15,Andorra,36,trend_hopper,2025-09-27,0.47,0.1,"sports,tech,music"
U01396,bvaughn,Congo,32,binge_user,2025-08-06,0.87,0.09,"gaming,music,food"
U01397,cgarcia,Tonga,38,active_engager,2025-04-29,0.49,0.32,"gaming,tech,food"
U01398,lopezdillon,Cuba,34,binge_user,2026-04-24,0.8,0.06,"food,tech,anime"
U01399,jonesjessica,Belarus,32,trend_hopper,2025-03-11,0.38,0.08,"memes,food,anime"
U01400,ryansalas,Saint Martin,21,active_engager,2025-04-23,0.49,0.2,"gaming,tech,music"
U01401,tiffanywilson,Cote d'Ivoire,28,passive_scroller,2025-08-21,0.3,0.05,"memes,gaming,food"
U01402,hlewis,Puerto Rico,19,binge_user,2026-02-07,0.78,0.11,"sports,finance,anime"
U01403,mbarry,Jamaica,38,passive_scroller,2025-10-15,0.18,0.05,"finance,music,food"
U01404,kimbrian,Panama,37,binge_user,2025-08-06,0.74,0.11,"food,music,sports"
U01405,courtney23,Bhutan,25,active_engager,2026-03-23,0.42,0.31,"memes,anime,music"
U01406,pmoyer,Cambodia,36,binge_user,2025-01-27,0.93,0.06,"food,finance,sports"
U01407,myerslaura,Malawi,26,binge_user,2025-12-28,0.97,0.1,"music,finance,sports"
U01408,christopher40,Pitcairn Islands,36,binge_user,2025-01-23,0.87,0.12,"finance,gaming,music"
U01409,johnoneal,Norway,35,binge_user,2025-07-14,0.72,0.12,"sports,anime,music"
U01410,kristieford,Suriname,35,trend_hopper,2026-04-12,0.42,0.12,"anime,gaming,tech"
U01411,kaylee94,Australia,42,active_engager,2026-04-29,0.43,0.27,"sports,music,tech"
U01412,ukim,Jamaica,22,trend_hopper,2025-01-16,0.48,0.06,"anime,gaming,music"
U01413,roychen,Malawi,29,trend_hopper,2025-08-15,0.35,0.12,"music,food,tech"
U01414,markdrake,Cuba,41,binge_user,2025-01-24,0.92,0.14,"food,finance,gaming"
U01415,crystal59,Switzerland,30,passive_scroller,2026-04-25,0.29,0.03,"memes,food,fitness"
U01416,russellcarol,Nepal,39,passive_scroller,2026-04-03,0.25,0.05,"finance,gaming,memes"
U01417,christian93,Kuwait,32,trend_hopper,2025-11-04,0.38,0.09,"gaming,sports,finance"
U01418,jamessara,Angola,43,active_engager,2025-08-26,0.66,0.21,"anime,fitness,memes"
U01419,tatebrandon,Saint Pierre and Miquelon,34,trend_hopper,2025-12-09,0.47,0.12,"tech,anime,sports"
U01420,wnash,Bahrain,44,active_engager,2025-11-12,0.41,0.17,"fitness,tech,food"
U01421,michaelgreen,Poland,24,active_engager,2025-08-10,0.54,0.23,"memes,music,sports"
U01422,tmartin,Bahrain,34,passive_scroller,2026-04-05,0.31,0.02,"gaming,music,fitness"
U01423,tyler89,Saint Martin,34,trend_hopper,2025-09-29,0.46,0.08,"memes,gaming,tech"
U01424,simsjaime,Poland,33,trend_hopper,2025-12-09,0.48,0.05,"memes,tech,finance"
U01425,wallacecharles,Tajikistan,38,passive_scroller,2025-02-02,0.37,0.04,"sports,fitness,food"
U01426,kimberlywatson,New Zealand,42,active_engager,2025-03-03,0.42,0.34,"gaming,finance,memes"
U01427,griffingary,Saint Kitts and Nevis,33,binge_user,2026-04-26,0.83,0.09,"sports,food,music"
U01428,brittanyroth,Italy,20,passive_scroller,2025-07-23,0.23,0.03,"music,anime,sports"
U01429,wrightnicole,Gabon,32,passive_scroller,2025-05-02,0.12,0.03,"memes,food,fitness"
U01430,phelpskelly,Isle of Man,20,active_engager,2025-06-09,0.48,0.33,"fitness,tech,gaming"
U01431,qbell,Australia,29,binge_user,2025-10-20,0.93,0.05,"sports,music,fitness"
U01432,melanie84,Cape Verde,28,active_engager,2025-04-29,0.43,0.18,"finance,gaming,food"
U01433,angela87,Haiti,22,active_engager,2025-07-06,0.55,0.25,"tech,anime,finance"
U01434,rosalesjerry,Korea,19,active_engager,2025-08-24,0.47,0.19,"tech,fitness,music"
U01435,bparker,Solomon Islands,20,trend_hopper,2025-09-05,0.39,0.05,"memes,sports,gaming"
U01436,jessicawilson,Puerto Rico,44,trend_hopper,2025-12-02,0.44,0.07,"tech,gaming,memes"
U01437,zcox,Mayotte,45,active_engager,2025-10-28,0.54,0.18,"memes,finance,food"
U01438,christy07,Reunion,41,binge_user,2026-02-08,0.94,0.14,"food,anime,fitness"
U01439,lisamack,Uruguay,26,passive_scroller,2026-02-04,0.18,0.05,"sports,fitness,memes"
U01440,wilsonlinda,Russian Federation,26,passive_scroller,2025-05-01,0.2,0.02,"anime,tech,fitness"
U01441,dbarron,Saint Barthelemy,27,active_engager,2025-09-03,0.47,0.29,"gaming,food,music"
U01442,codymorgan,Ghana,38,binge_user,2025-03-01,0.81,0.07,"gaming,music,sports"
U01443,lawrencetracy,Haiti,37,passive_scroller,2025-08-25,0.39,0.04,"memes,tech,sports"
U01444,hmarshall,Albania,18,passive_scroller,2025-05-23,0.32,0.03,"anime,gaming,music"
U01445,matthewhanna,South Africa,28,passive_scroller,2026-02-23,0.16,0.02,"tech,memes,finance"
U01446,harveydiana,Saint Pierre and Miquelon,39,passive_scroller,2025-04-06,0.35,0.03,"sports,anime,food"
U01447,lwells,Heard Island and McDonald Islands,38,binge_user,2025-02-11,0.86,0.15,"sports,gaming,fitness"
U01448,rebecca00,Sweden,28,binge_user,2025-09-15,0.72,0.14,"music,gaming,memes"
U01449,troy47,Norway,32,trend_hopper,2025-06-21,0.4,0.09,"finance,memes,tech"
U01450,olsenaustin,Sudan,20,binge_user,2026-01-12,0.82,0.1,"music,anime,gaming"
U01451,kwood,Finland,41,passive_scroller,2025-12-30,0.34,0.03,"memes,food,anime"
U01452,amandafoster,French Guiana,18,passive_scroller,2025-01-31,0.29,0.05,"fitness,finance,gaming"
U01453,tburton,Morocco,38,binge_user,2025-06-16,0.85,0.14,"gaming,anime,finance"
U01454,sandracarpenter,Finland,41,trend_hopper,2025-06-07,0.41,0.06,"fitness,finance,anime"
U01455,uallen,Iraq,27,trend_hopper,2025-07-17,0.51,0.06,"memes,tech,food"
U01456,timothyfranco,French Southern Territories,27,binge_user,2025-12-27,0.95,0.13,"fitness,memes,food"
U01457,ellen50,Guernsey,23,active_engager,2025-06-03,0.48,0.29,"tech,food,gaming"
U01458,hansendavid,Iceland,38,active_engager,2026-03-23,0.63,0.21,"memes,fitness,anime"
U01459,kelly53,Oman,42,binge_user,2025-12-14,0.7,0.14,"music,finance,sports"
U01460,michael18,Rwanda,19,active_engager,2025-12-09,0.64,0.18,"tech,sports,finance"
U01461,john63,Antigua and Barbuda,21,trend_hopper,2025-05-26,0.33,0.1,"anime,food,gaming"
U01462,lori75,Iraq,22,binge_user,2025-08-20,0.97,0.06,"food,music,gaming"
U01463,dbrown,Turks and Caicos Islands,37,binge_user,2026-04-02,0.83,0.08,"gaming,anime,food"
U01464,mauricemyers,Belize,44,passive_scroller,2025-07-03,0.11,0.01,"tech,fitness,gaming"
U01465,kimberlyadkins,Argentina,37,binge_user,2025-12-03,0.79,0.07,"anime,memes,fitness"
U01466,amandastuart,Mali,25,binge_user,2025-09-29,0.89,0.06,"music,tech,finance"
U01467,shelley30,Uruguay,26,passive_scroller,2025-05-10,0.19,0.02,"tech,gaming,fitness"
U01468,andreahoward,Djibouti,44,passive_scroller,2026-02-15,0.12,0.01,"music,sports,food"
U01469,barry01,Myanmar,24,trend_hopper,2025-05-31,0.53,0.07,"anime,sports,fitness"
U01470,dawn80,Mauritius,18,binge_user,2026-03-06,0.76,0.11,"fitness,memes,gaming"
U01471,sperkins,Cayman Islands,33,trend_hopper,2025-08-05,0.43,0.1,"finance,tech,anime"
U01472,vparker,Gabon,24,passive_scroller,2025-06-18,0.31,0.02,"finance,fitness,memes"
U01473,amber11,Hungary,29,passive_scroller,2025-06-09,0.38,0.02,"food,fitness,sports"
U01474,ksmith,Equatorial Guinea,23,binge_user,2025-12-31,0.88,0.07,"memes,sports,gaming"
U01475,kbarnes,Northern Mariana Islands,18,trend_hopper,2025-10-07,0.35,0.06,"fitness,memes,sports"
U01476,rboyd,Belize,43,active_engager,2025-01-18,0.51,0.25,"music,tech,memes"
U01477,msmith,Djibouti,41,trend_hopper,2025-06-02,0.4,0.09,"fitness,food,music"
U01478,walter47,Montenegro,45,passive_scroller,2025-12-01,0.25,0.04,"food,finance,music"
U01479,sara26,Vanuatu,36,active_engager,2025-04-14,0.6,0.34,"sports,finance,food"
U01480,ashley06,New Caledonia,31,active_engager,2025-06-08,0.51,0.25,"anime,tech,gaming"
U01481,christopherwhite,Italy,42,binge_user,2025-03-10,0.74,0.11,"music,sports,finance"
U01482,timothymeadows,Palau,34,binge_user,2025-12-14,0.71,0.06,"food,tech,finance"
U01483,erincarrillo,United States of America,28,passive_scroller,2025-11-02,0.13,0.02,"anime,gaming,memes"
U01484,maxwellwilliam,Brazil,31,binge_user,2025-04-02,0.82,0.14,"gaming,finance,memes"
U01485,markconrad,Romania,27,passive_scroller,2025-02-01,0.29,0.05,"finance,tech,food"
U01486,owells,Haiti,24,binge_user,2025-01-05,1.0,0.07,"food,memes,gaming"
U01487,nhuffman,Nauru,22,active_engager,2025-09-27,0.64,0.33,"fitness,tech,sports"
U01488,danielgamble,Antigua and Barbuda,36,active_engager,2025-02-27,0.56,0.29,"music,memes,gaming"
U01489,wwright,Philippines,31,active_engager,2026-01-23,0.48,0.23,"anime,tech,finance"
U01490,davidsanchez,Guinea-Bissau,18,trend_hopper,2025-03-31,0.38,0.08,"food,music,tech"
U01491,norman22,Brunei Darussalam,28,binge_user,2025-01-02,0.71,0.07,"fitness,sports,finance"
U01492,kruegerjames,Vanuatu,28,trend_hopper,2025-12-23,0.32,0.12,"tech,anime,food"
U01493,brett51,Guadeloupe,41,trend_hopper,2026-01-19,0.36,0.1,"gaming,memes,fitness"
U01494,christina96,Montenegro,39,binge_user,2025-02-01,0.87,0.06,"food,gaming,tech"
U01495,nconrad,Cyprus,40,binge_user,2025-08-28,0.83,0.07,"music,gaming,memes"
U01496,rebecca88,Christmas Island,39,binge_user,2025-03-24,0.82,0.06,"tech,finance,fitness"
U01497,spenceanthony,Christmas Island,31,active_engager,2025-01-06,0.52,0.28,"fitness,gaming,sports"
U01498,sberger,Dominica,44,binge_user,2025-11-04,0.94,0.13,"sports,food,tech"
U01499,travis19,Timor-Leste,36,passive_scroller,2026-03-02,0.15,0.03,"food,fitness,memes"
U01500,amy86,Czech Republic,20,trend_hopper,2026-01-02,0.55,0.09,"food,sports,music"
U01501,lauramcdonald,Ecuador,37,binge_user,2025-06-03,0.96,0.06,"finance,tech,music"
U01502,william27,Palestinian Territory,22,passive_scroller,2025-07-19,0.36,0.02,"food,memes,fitness"
U01503,kcruz,Malawi,31,binge_user,2025-03-28,0.83,0.09,"sports,fitness,finance"
U01504,williamsmarcia,Botswana,39,binge_user,2026-01-11,0.9,0.09,"sports,gaming,tech"
U01505,jfields,Jordan,30,passive_scroller,2026-03-26,0.15,0.03,"finance,tech,gaming"
U01506,powelldaniel,Canada,18,active_engager,2025-04-07,0.4,0.32,"gaming,sports,music"
U01507,kimamanda,Jordan,44,trend_hopper,2025-05-14,0.49,0.1,"sports,fitness,food"
U01508,hwallace,Northern Mariana Islands,42,passive_scroller,2025-10-17,0.38,0.02,"music,anime,fitness"
U01509,clarkevan,Kenya,22,binge_user,2026-04-15,0.72,0.06,"music,fitness,tech"
U01510,paynejason,Bermuda,25,active_engager,2026-01-12,0.5,0.35,"tech,music,gaming"
U01511,anthonyscott,Norway,20,active_engager,2025-08-04,0.59,0.17,"food,finance,music"
U01512,nhorne,Barbados,20,binge_user,2025-08-07,0.81,0.13,"memes,food,music"
U01513,billy99,Sao Tome and Principe,27,binge_user,2025-11-09,0.75,0.06,"tech,memes,music"
U01514,ksanchez,Costa Rica,31,trend_hopper,2025-07-12,0.31,0.08,"memes,finance,anime"
U01515,jasonhuff,Niue,39,active_engager,2026-03-21,0.48,0.23,"gaming,anime,sports"
U01516,ericreyes,Japan,22,passive_scroller,2025-03-14,0.12,0.03,"finance,tech,fitness"
U01517,sarah82,Cameroon,42,trend_hopper,2025-04-24,0.42,0.06,"finance,food,memes"
U01518,pamelajohnson,Panama,31,binge_user,2025-04-25,0.77,0.13,"fitness,sports,anime"
U01519,nancy74,Belarus,32,trend_hopper,2026-01-16,0.33,0.08,"fitness,tech,food"
U01520,farcher,Liechtenstein,43,binge_user,2026-03-03,0.99,0.06,"gaming,tech,anime"
U01521,blairtricia,Western Sahara,42,active_engager,2026-01-01,0.43,0.2,"sports,anime,food"
U01522,robertclark,Cambodia,40,trend_hopper,2025-01-31,0.49,0.05,"tech,fitness,music"
U01523,dennismiranda,Antigua and Barbuda,28,active_engager,2025-11-18,0.62,0.3,"tech,memes,sports"
U01524,anguyen,Sweden,21,binge_user,2025-12-12,0.74,0.13,"tech,gaming,food"
U01525,christina62,Panama,27,binge_user,2025-01-12,0.74,0.06,"food,tech,music"
U01526,jo03,Bermuda,26,active_engager,2025-11-13,0.61,0.31,"music,anime,finance"
U01527,john39,Saint Vincent and the Grenadines,27,trend_hopper,2026-02-03,0.52,0.09,"sports,anime,memes"
U01528,johnny74,Fiji,24,trend_hopper,2025-07-05,0.33,0.1,"food,anime,sports"
U01529,rachelmendez,British Virgin Islands,44,trend_hopper,2025-11-23,0.53,0.08,"memes,food,sports"
U01530,harrisjohn,Puerto Rico,35,passive_scroller,2025-07-30,0.17,0.01,"music,finance,sports"
U01531,garciaalejandro,Turks and Caicos Islands,30,binge_user,2025-06-21,0.97,0.06,"sports,finance,tech"
U01532,longalison,Afghanistan,28,passive_scroller,2025-03-10,0.24,0.05,"tech,food,anime"
U01533,sara89,Sri Lanka,34,passive_scroller,2026-03-26,0.31,0.04,"music,food,fitness"
U01534,pbrown,Myanmar,22,trend_hopper,2025-12-30,0.32,0.1,"finance,fitness,gaming"
U01535,qmiller,Algeria,35,binge_user,2025-10-22,0.95,0.06,"fitness,sports,memes"
U01536,browe,Oman,42,trend_hopper,2025-10-27,0.58,0.09,"memes,music,food"
U01537,waynebrown,Israel,23,active_engager,2025-02-19,0.53,0.35,"memes,fitness,finance"
U01538,sarah79,Suriname,20,binge_user,2026-03-15,0.72,0.1,"sports,gaming,music"
U01539,calebsmith,Lebanon,35,passive_scroller,2025-06-14,0.37,0.01,"finance,anime,food"
U01540,markrangel,Algeria,25,binge_user,2025-07-11,0.72,0.06,"food,music,finance"
U01541,tinahudson,Portugal,30,active_engager,2025-07-14,0.65,0.23,"music,finance,tech"
U01542,gonzalesjennifer,Senegal,24,active_engager,2025-03-07,0.6,0.32,"fitness,finance,tech"
U01543,xparker,Cocos (Keeling) Islands,36,active_engager,2025-08-25,0.42,0.23,"food,tech,finance"
U01544,qburns,Bosnia and Herzegovina,26,trend_hopper,2025-07-06,0.31,0.07,"fitness,memes,music"
U01545,ronnie99,Malawi,36,active_engager,2025-04-05,0.47,0.27,"music,food,memes"
U01546,jessicamckinney,Spain,34,passive_scroller,2025-11-11,0.17,0.04,"anime,tech,finance"
U01547,zwolfe,Thailand,21,passive_scroller,2025-07-18,0.2,0.04,"anime,finance,gaming"
U01548,mathew34,Sweden,25,trend_hopper,2025-03-22,0.4,0.09,"sports,anime,fitness"
U01549,bauerphillip,Zambia,32,binge_user,2025-09-22,0.76,0.06,"music,sports,anime"
U01550,douglasfernandez,New Zealand,25,active_engager,2025-05-10,0.63,0.25,"gaming,food,sports"
U01551,evanschelsey,Mozambique,29,trend_hopper,2025-01-08,0.37,0.12,"music,fitness,anime"
U01552,bradleyreyes,Serbia,24,binge_user,2026-01-23,0.74,0.1,"tech,food,finance"
U01553,ashleymurray,Lao People's Democratic Republic,35,binge_user,2025-02-19,0.93,0.07,"finance,memes,music"
U01554,thorntoncaitlyn,Kuwait,41,trend_hopper,2025-06-30,0.53,0.08,"gaming,memes,anime"
U01555,webbzachary,Oman,38,trend_hopper,2025-01-10,0.6,0.11,"gaming,anime,finance"
U01556,todd37,Bahamas,36,binge_user,2025-03-01,0.83,0.15,"sports,finance,gaming"
U01557,urodriguez,Tanzania,29,passive_scroller,2025-01-29,0.38,0.01,"music,memes,gaming"
U01558,willisjessica,Christmas Island,40,passive_scroller,2025-12-13,0.13,0.04,"food,tech,gaming"
U01559,williamsregina,Wallis and Futuna,45,trend_hopper,2026-03-29,0.38,0.06,"anime,memes,tech"
U01560,craig65,Slovenia,26,trend_hopper,2025-03-03,0.33,0.08,"gaming,anime,food"
U01561,wwilson,Niger,32,binge_user,2025-04-29,0.73,0.11,"music,fitness,food"
U01562,melinda48,Uganda,33,binge_user,2025-04-13,0.85,0.07,"gaming,anime,finance"
U01563,stephenpatterson,Cyprus,41,passive_scroller,2025-10-31,0.23,0.01,"tech,fitness,gaming"
U01564,perryamy,Brazil,25,active_engager,2025-12-25,0.5,0.34,"anime,food,sports"
U01565,jeffrey29,Grenada,37,binge_user,2026-04-11,0.8,0.08,"memes,tech,fitness"
U01566,melissa07,Nicaragua,40,binge_user,2025-05-12,0.99,0.08,"sports,gaming,fitness"
U01567,jacobferguson,United States Virgin Islands,21,trend_hopper,2025-08-03,0.45,0.07,"finance,gaming,sports"
U01568,blakemonica,United States Minor Outlying Islands,45,passive_scroller,2025-07-21,0.31,0.03,"sports,fitness,music"
U01569,marshalljacqueline,Saudi Arabia,38,trend_hopper,2025-12-06,0.38,0.1,"gaming,music,sports"
U01570,atate,Colombia,33,passive_scroller,2026-02-04,0.18,0.04,"tech,sports,gaming"
U01571,gmiller,American Samoa,21,active_engager,2025-10-25,0.65,0.25,"sports,memes,fitness"
U01572,derrickwest,Estonia,21,trend_hopper,2025-12-25,0.54,0.05,"sports,finance,anime"
U01573,brodriguez,Lao People's Democratic Republic,22,binge_user,2025-08-19,0.82,0.09,"sports,anime,finance"
U01574,lisa09,Kiribati,35,active_engager,2025-05-15,0.63,0.21,"anime,music,memes"
U01575,haynesashley,Cook Islands,44,trend_hopper,2025-04-18,0.49,0.09,"memes,tech,sports"
U01576,welliott,Liberia,18,passive_scroller,2025-01-17,0.11,0.01,"food,sports,memes"
U01577,brandtcurtis,Ireland,41,active_engager,2025-10-21,0.55,0.21,"food,anime,gaming"
U01578,bill74,Bahamas,35,binge_user,2025-03-27,0.96,0.11,"finance,gaming,music"
U01579,jennifer21,Sao Tome and Principe,25,active_engager,2025-06-04,0.67,0.31,"tech,sports,anime"
U01580,asheppard,Sri Lanka,39,trend_hopper,2026-01-02,0.58,0.09,"fitness,finance,tech"
U01581,colepatrick,Dominican Republic,31,trend_hopper,2025-03-22,0.43,0.1,"sports,gaming,finance"
U01582,aguilarkimberly,Colombia,37,passive_scroller,2026-03-05,0.18,0.03,"anime,memes,music"
U01583,xdavis,Hungary,38,active_engager,2025-11-08,0.54,0.21,"food,anime,finance"
U01584,ymartin,United States Virgin Islands,33,binge_user,2025-04-14,0.93,0.09,"gaming,music,finance"
U01585,burkemisty,Saint Vincent and the Grenadines,40,trend_hopper,2025-01-04,0.39,0.08,"music,tech,finance"
U01586,barbarapugh,New Zealand,18,binge_user,2025-06-16,0.71,0.14,"finance,gaming,memes"
U01587,kentemily,Tuvalu,23,active_engager,2026-01-20,0.67,0.27,"tech,finance,anime"
U01588,jamesnichols,Bulgaria,19,trend_hopper,2025-11-26,0.31,0.08,"music,fitness,memes"
U01589,shawn40,American Samoa,27,trend_hopper,2026-04-24,0.36,0.1,"anime,food,music"
U01590,arthur60,Belarus,42,passive_scroller,2025-05-02,0.25,0.04,"fitness,tech,gaming"
U01591,edwardfranco,Morocco,30,active_engager,2025-01-15,0.47,0.19,"food,sports,music"
U01592,robert74,Egypt,19,passive_scroller,2025-01-25,0.13,0.02,"music,food,fitness"
U01593,vmurphy,Croatia,19,trend_hopper,2025-05-17,0.58,0.1,"finance,anime,tech"
U01594,zdiaz,Cambodia,23,binge_user,2025-10-31,0.85,0.09,"gaming,tech,fitness"
U01595,kimberly27,Benin,30,binge_user,2025-06-20,0.71,0.05,"gaming,fitness,tech"
U01596,melissa49,Greece,21,trend_hopper,2025-11-07,0.43,0.08,"anime,gaming,sports"
U01597,vperkins,Fiji,30,active_engager,2025-11-16,0.7,0.21,"music,food,fitness"
U01598,harrisondawn,Solomon Islands,38,trend_hopper,2025-06-27,0.32,0.1,"fitness,gaming,sports"
U01599,chadwatson,Fiji,32,binge_user,2025-11-08,0.81,0.06,"gaming,tech,anime"
U01600,grahamdaniel,United States Minor Outlying Islands,40,active_engager,2025-08-23,0.63,0.18,"tech,food,fitness"
U01601,keith82,Guinea,23,active_engager,2026-04-29,0.47,0.27,"sports,memes,gaming"
U01602,morgan53,Germany,35,passive_scroller,2025-11-13,0.13,0.03,"food,finance,music"
U01603,cheryl90,Greenland,40,binge_user,2025-07-07,0.71,0.12,"music,anime,gaming"
U01604,seanhernandez,Papua New Guinea,33,active_engager,2025-12-15,0.64,0.19,"memes,anime,tech"
U01605,mstephens,Saint Barthelemy,45,binge_user,2026-02-21,0.71,0.12,"food,tech,anime"
U01606,emilyhiggins,Brunei Darussalam,21,trend_hopper,2025-03-10,0.3,0.05,"finance,tech,music"
U01607,ftrevino,Saint Vincent and the Grenadines,20,binge_user,2025-05-13,0.97,0.1,"tech,anime,sports"
U01608,murphypaula,Mongolia,39,trend_hopper,2025-11-17,0.55,0.09,"tech,anime,fitness"
U01609,andrew88,Belize,24,passive_scroller,2025-01-24,0.11,0.03,"music,finance,tech"
U01610,martinlouis,Estonia,18,binge_user,2025-10-02,0.9,0.13,"finance,food,sports"
U01611,teresa34,Nigeria,28,active_engager,2025-01-13,0.6,0.17,"finance,memes,sports"
U01612,garzajavier,Egypt,40,trend_hopper,2026-01-05,0.35,0.1,"sports,music,memes"
U01613,andersongloria,Faroe Islands,36,binge_user,2026-04-10,0.75,0.12,"music,sports,fitness"
U01614,walkerdarrell,Bahamas,34,trend_hopper,2025-02-21,0.35,0.08,"gaming,food,music"
U01615,lirobert,New Zealand,33,trend_hopper,2025-11-25,0.58,0.06,"tech,gaming,finance"
U01616,floresjose,Egypt,36,binge_user,2025-02-15,0.83,0.14,"music,fitness,finance"
U01617,danieldavis,British Virgin Islands,45,trend_hopper,2025-09-28,0.39,0.1,"fitness,finance,tech"
U01618,danielallen,Nauru,23,trend_hopper,2025-02-08,0.5,0.08,"gaming,food,fitness"
U01619,kirk95,Grenada,21,binge_user,2025-06-05,0.84,0.14,"food,gaming,finance"
U01620,hudsonlisa,Cameroon,29,binge_user,2026-03-29,0.76,0.13,"food,finance,tech"
U01621,turnercathy,Pakistan,43,active_engager,2025-04-10,0.52,0.28,"tech,sports,music"
U01622,garymartin,Equatorial Guinea,25,active_engager,2025-04-16,0.47,0.26,"finance,fitness,sports"
U01623,steven92,Tuvalu,24,binge_user,2026-01-31,0.7,0.09,"finance,fitness,food"
U01624,nicoledavis,Falkland Islands (Malvinas),21,passive_scroller,2025-03-09,0.13,0.03,"memes,music,sports"
U01625,cwilson,Equatorial Guinea,22,active_engager,2026-01-28,0.57,0.25,"fitness,sports,memes"
U01626,thomasronald,Panama,43,active_engager,2025-10-04,0.64,0.24,"music,sports,tech"
U01627,xherman,Belize,30,passive_scroller,2026-02-11,0.38,0.05,"finance,sports,memes"
U01628,davisadam,Guam,34,passive_scroller,2025-12-29,0.24,0.01,"music,gaming,anime"
U01629,tfranklin,Kiribati,24,active_engager,2025-05-04,0.43,0.31,"finance,gaming,sports"
U01630,dwarren,Togo,19,active_engager,2025-11-22,0.58,0.31,"tech,gaming,sports"
U01631,rdiaz,Korea,31,passive_scroller,2025-05-13,0.16,0.02,"memes,finance,music"
U01632,joseph34,Luxembourg,26,trend_hopper,2025-03-31,0.33,0.09,"anime,gaming,sports"
U01633,thomasjohn,French Guiana,22,passive_scroller,2025-03-27,0.11,0.05,"gaming,music,tech"
U01634,vgordon,Tuvalu,39,binge_user,2025-11-07,0.97,0.1,"food,anime,memes"
U01635,arthurlong,Syrian Arab Republic,38,trend_hopper,2025-04-05,0.5,0.09,"finance,memes,sports"
U01636,byrdandrew,Cameroon,22,active_engager,2026-01-24,0.47,0.35,"sports,finance,fitness"
U01637,bryantbrooke,Dominica,38,active_engager,2026-04-20,0.41,0.25,"tech,sports,gaming"
U01638,smartin,Monaco,45,trend_hopper,2025-01-19,0.5,0.08,"memes,anime,finance"
U01639,egarcia,Costa Rica,43,trend_hopper,2026-04-19,0.42,0.12,"sports,music,anime"
U01640,hammondluis,Palestinian Territory,20,binge_user,2025-06-15,0.95,0.09,"gaming,finance,food"
U01641,adamallen,South Africa,18,trend_hopper,2026-02-27,0.59,0.11,"anime,fitness,tech"
U01642,pcarlson,Andorra,20,binge_user,2025-10-18,0.71,0.13,"memes,sports,finance"
U01643,dfernandez,Mauritania,23,trend_hopper,2025-09-12,0.42,0.08,"food,anime,sports"
U01644,randallbrown,Sudan,27,active_engager,2026-02-05,0.44,0.32,"anime,gaming,tech"
U01645,jenniferzuniga,Senegal,40,binge_user,2025-03-08,0.83,0.13,"finance,anime,food"
U01646,herreramitchell,Malawi,26,active_engager,2025-09-15,0.65,0.3,"food,music,anime"
U01647,sergiomolina,Kiribati,29,trend_hopper,2025-04-30,0.46,0.08,"fitness,gaming,music"
U01648,yliu,Reunion,37,passive_scroller,2025-03-16,0.1,0.04,"memes,fitness,sports"
U01649,joshua98,Burkina Faso,41,trend_hopper,2025-05-24,0.39,0.1,"memes,food,finance"
U01650,ryan01,Congo,35,binge_user,2025-10-12,0.74,0.1,"sports,fitness,gaming"
U01651,alexander63,North Macedonia,30,active_engager,2025-02-02,0.51,0.25,"food,fitness,anime"
U01652,xharrington,Namibia,19,passive_scroller,2026-02-20,0.37,0.01,"finance,memes,sports"
U01653,corey77,Christmas Island,32,active_engager,2026-04-07,0.69,0.17,"food,music,finance"
U01654,ugomez,Rwanda,23,passive_scroller,2025-11-27,0.2,0.03,"gaming,memes,finance"
U01655,juarezleah,Cape Verde,19,trend_hopper,2025-07-11,0.49,0.07,"gaming,tech,music"
U01656,thomasscott,Pakistan,45,trend_hopper,2025-08-15,0.51,0.09,"tech,fitness,food"
U01657,deborahrojas,Puerto Rico,18,active_engager,2025-01-21,0.61,0.32,"anime,food,finance"
U01658,clarksteven,Central African Republic,44,active_engager,2026-01-02,0.55,0.3,"memes,food,anime"
U01659,wdavis,Guernsey,24,binge_user,2026-01-14,1.0,0.07,"music,tech,gaming"
U01660,brightvalerie,Cook Islands,25,binge_user,2025-05-09,0.86,0.13,"food,memes,gaming"
U01661,cookchristopher,Honduras,38,trend_hopper,2026-03-27,0.32,0.08,"sports,gaming,music"
U01662,browncolton,Benin,19,active_engager,2025-02-28,0.59,0.2,"food,fitness,sports"
U01663,mayerjohn,Lebanon,24,trend_hopper,2026-02-11,0.4,0.09,"gaming,music,tech"
U01664,sfarley,Vanuatu,27,binge_user,2025-05-15,0.74,0.06,"fitness,sports,gaming"
U01665,daviesdean,Poland,43,active_engager,2025-03-02,0.43,0.31,"finance,gaming,sports"
U01666,usmith,French Guiana,45,passive_scroller,2025-11-23,0.26,0.01,"fitness,finance,food"
U01667,jonathan60,Belarus,41,binge_user,2025-08-26,0.71,0.1,"gaming,finance,music"
U01668,aspencer,Monaco,40,trend_hopper,2026-02-26,0.56,0.08,"fitness,anime,music"
U01669,brownmary,France,31,trend_hopper,2025-01-13,0.43,0.09,"music,sports,anime"
U01670,kevinmendoza,Guinea-Bissau,20,passive_scroller,2025-09-20,0.21,0.05,"tech,sports,memes"
U01671,elizabethnelson,Kyrgyz Republic,40,passive_scroller,2025-09-19,0.31,0.02,"memes,anime,finance"
U01672,ricejohn,Latvia,43,active_engager,2025-08-27,0.62,0.19,"sports,memes,food"
U01673,smccormick,Croatia,45,binge_user,2025-04-18,0.87,0.11,"sports,memes,tech"
U01674,wreeves,Sierra Leone,37,trend_hopper,2025-04-01,0.3,0.05,"food,music,gaming"
U01675,levans,Lao People's Democratic Republic,41,active_engager,2026-01-23,0.41,0.23,"gaming,fitness,sports"
U01676,katherine37,Qatar,29,active_engager,2025-01-11,0.66,0.21,"tech,gaming,anime"
U01677,iwest,Greece,22,trend_hopper,2026-04-29,0.38,0.12,"sports,music,anime"
U01678,tammymadden,Lao People's Democratic Republic,30,active_engager,2025-09-21,0.53,0.31,"fitness,music,tech"
U01679,benjamin71,Barbados,43,trend_hopper,2025-02-14,0.58,0.11,"finance,gaming,fitness"
U01680,clopez,Moldova,40,trend_hopper,2026-03-01,0.57,0.12,"sports,tech,anime"
U01681,hannahtaylor,Grenada,43,trend_hopper,2025-07-07,0.39,0.08,"food,finance,tech"
U01682,sarawilliams,Italy,40,active_engager,2025-07-27,0.69,0.29,"sports,gaming,food"
U01683,james91,Togo,39,passive_scroller,2026-03-12,0.11,0.05,"gaming,music,food"
U01684,heatheraustin,Costa Rica,41,binge_user,2025-10-09,0.88,0.13,"gaming,memes,sports"
U01685,cochranphilip,Cuba,43,trend_hopper,2025-05-29,0.46,0.06,"finance,food,sports"
U01686,freemankristy,Romania,45,binge_user,2025-11-02,0.78,0.09,"memes,anime,sports"
U01687,craiglawrence,Bahamas,30,active_engager,2025-12-11,0.45,0.19,"gaming,tech,fitness"
U01688,psharp,Holy See (Vatican City State),32,trend_hopper,2025-02-26,0.43,0.09,"finance,music,anime"
U01689,bjacobson,Hong Kong,38,binge_user,2026-03-17,0.84,0.09,"music,tech,anime"
U01690,rebeccafranklin,American Samoa,22,binge_user,2025-04-30,0.95,0.07,"finance,tech,gaming"
U01691,waynegreene,Western Sahara,20,binge_user,2025-09-28,0.97,0.13,"food,fitness,music"
U01692,adavis,Zimbabwe,42,passive_scroller,2025-03-14,0.15,0.03,"food,gaming,music"
U01693,courtneydavid,United States Minor Outlying Islands,20,trend_hopper,2026-03-12,0.51,0.08,"music,tech,sports"
U01694,chadreeves,Cameroon,44,trend_hopper,2025-11-30,0.5,0.1,"anime,tech,sports"
U01695,vernonhopkins,Mali,36,binge_user,2026-01-14,0.99,0.14,"anime,sports,fitness"
U01696,brucestevens,Togo,19,trend_hopper,2025-10-31,0.37,0.08,"tech,gaming,finance"
U01697,harveyjuan,Senegal,32,binge_user,2025-05-19,0.87,0.13,"tech,finance,food"
U01698,csmith,Solomon Islands,33,binge_user,2026-03-21,1.0,0.08,"fitness,tech,food"
U01699,harrisonmichael,Burundi,22,passive_scroller,2025-12-09,0.33,0.01,"anime,tech,music"
U01700,yoderdavid,Mongolia,30,trend_hopper,2025-12-05,0.57,0.11,"music,fitness,memes"
U01701,chavezvanessa,Costa Rica,27,passive_scroller,2026-01-23,0.21,0.03,"finance,tech,anime"
U01702,mary82,Montserrat,31,trend_hopper,2025-04-04,0.4,0.11,"tech,fitness,food"
U01703,paul47,French Guiana,20,active_engager,2025-11-29,0.55,0.27,"sports,tech,anime"
U01704,burgesstimothy,Sri Lanka,28,active_engager,2026-02-16,0.51,0.28,"anime,fitness,music"
U01705,hunterjennifer,Germany,27,passive_scroller,2025-06-01,0.31,0.03,"memes,sports,finance"
U01706,rogerssusan,Malta,43,trend_hopper,2026-02-23,0.48,0.07,"fitness,sports,finance"
U01707,douglas24,Morocco,27,active_engager,2026-03-21,0.53,0.18,"food,finance,fitness"
U01708,stantonchelsea,Benin,45,active_engager,2026-02-21,0.69,0.3,"fitness,anime,memes"
U01709,willie05,Paraguay,20,active_engager,2025-02-21,0.65,0.29,"anime,gaming,tech"
U01710,wrightlaurie,Rwanda,44,binge_user,2025-11-28,0.97,0.09,"finance,sports,memes"
U01711,leslie45,Namibia,34,trend_hopper,2026-02-12,0.47,0.11,"finance,fitness,music"
U01712,elizabeth07,Cayman Islands,39,passive_scroller,2025-06-19,0.27,0.03,"anime,fitness,music"
U01713,michael08,Tajikistan,36,active_engager,2025-12-19,0.43,0.17,"food,tech,finance"
U01714,garzajamie,Haiti,39,active_engager,2025-02-16,0.5,0.31,"sports,music,memes"
U01715,monicacook,Vietnam,27,active_engager,2025-04-19,0.67,0.21,"sports,music,tech"
U01716,lmiller,Turkey,31,binge_user,2026-01-04,0.76,0.14,"anime,finance,tech"
U01717,jdavis,French Guiana,29,trend_hopper,2025-03-26,0.32,0.08,"sports,memes,food"
U01718,leachjudith,Uzbekistan,31,passive_scroller,2025-04-10,0.4,0.02,"fitness,food,tech"
U01719,millerrichard,Anguilla,30,passive_scroller,2025-10-12,0.26,0.04,"fitness,memes,sports"
U01720,sullivantammy,Poland,21,active_engager,2025-04-21,0.41,0.2,"finance,sports,anime"
U01721,cruzjames,Denmark,32,binge_user,2025-03-03,0.7,0.05,"gaming,sports,fitness"
U01722,michaelwilliams,Malaysia,40,active_engager,2025-08-03,0.57,0.27,"sports,memes,gaming"
U01723,leejennifer,Guernsey,28,active_engager,2025-02-26,0.66,0.22,"anime,music,memes"
U01724,gmcintosh,Namibia,26,passive_scroller,2025-12-19,0.26,0.04,"gaming,anime,memes"
U01725,kmoore,Luxembourg,18,passive_scroller,2025-05-26,0.18,0.02,"tech,finance,sports"
U01726,melissa65,Philippines,43,binge_user,2025-04-30,0.78,0.14,"sports,anime,food"
U01727,andrea71,Algeria,44,trend_hopper,2025-04-30,0.56,0.05,"gaming,tech,music"
U01728,michele56,Tanzania,32,active_engager,2026-04-21,0.61,0.25,"music,gaming,sports"
U01729,kathleenstone,Venezuela,38,binge_user,2025-10-16,0.84,0.1,"gaming,fitness,memes"
U01730,ewelch,Turkmenistan,18,binge_user,2025-03-25,0.77,0.13,"tech,music,finance"
U01731,howardkevin,Nauru,43,binge_user,2026-02-23,0.92,0.08,"finance,food,memes"
U01732,draymond,Turks and Caicos Islands,20,active_engager,2025-10-22,0.69,0.23,"music,memes,sports"
U01733,elizabethvasquez,Equatorial Guinea,20,passive_scroller,2025-04-01,0.29,0.02,"fitness,sports,food"
U01734,riosnathan,Mali,35,trend_hopper,2025-01-24,0.52,0.06,"fitness,sports,music"
U01735,patricia16,Namibia,19,active_engager,2026-04-30,0.6,0.34,"tech,sports,memes"
U01736,weaverpaul,Gibraltar,42,active_engager,2026-02-27,0.45,0.24,"food,anime,music"
U01737,juliabradley,Latvia,40,active_engager,2025-12-17,0.6,0.29,"fitness,tech,music"
U01738,simshailey,Korea,44,binge_user,2026-03-28,0.73,0.12,"finance,fitness,music"
U01739,millersteven,Falkland Islands (Malvinas),41,trend_hopper,2025-08-23,0.57,0.09,"memes,gaming,sports"
U01740,fisheramanda,Anguilla,25,trend_hopper,2025-09-21,0.49,0.06,"memes,gaming,music"
U01741,justinnelson,Dominica,29,trend_hopper,2025-02-27,0.4,0.08,"food,anime,memes"
U01742,ckeller,Lesotho,19,trend_hopper,2026-03-14,0.51,0.08,"sports,music,finance"
U01743,parsonsheather,Saint Lucia,23,active_engager,2025-03-28,0.51,0.19,"fitness,sports,anime"
U01744,kathleenstewart,Netherlands,21,binge_user,2025-02-10,0.87,0.11,"fitness,anime,tech"
U01745,fdouglas,Jordan,27,active_engager,2025-12-03,0.63,0.33,"sports,memes,tech"
U01746,mary38,Croatia,39,active_engager,2025-08-06,0.46,0.3,"finance,tech,memes"
U01747,jessicasilva,Montserrat,31,passive_scroller,2025-08-26,0.17,0.03,"finance,food,fitness"
U01748,shenry,Latvia,21,trend_hopper,2025-03-20,0.58,0.11,"tech,music,memes"
U01749,tfernandez,Sao Tome and Principe,32,trend_hopper,2025-10-10,0.59,0.07,"memes,fitness,food"
U01750,brittany64,Guernsey,41,passive_scroller,2025-10-28,0.13,0.04,"sports,tech,fitness"
U01751,tray,Samoa,30,passive_scroller,2025-05-06,0.11,0.04,"sports,fitness,food"
U01752,robbinsangelica,Guernsey,34,binge_user,2025-09-24,0.92,0.11,"gaming,fitness,anime"
U01753,shirley48,Guinea,37,passive_scroller,2025-11-14,0.11,0.03,"sports,gaming,fitness"
U01754,susanrusso,Belgium,36,binge_user,2025-01-11,0.9,0.06,"music,anime,memes"
U01755,uwilliams,Montserrat,36,binge_user,2025-01-17,0.97,0.08,"finance,anime,music"
U01756,brianleonard,Belarus,31,binge_user,2025-12-15,0.9,0.14,"music,sports,tech"
U01757,flove,Greenland,23,passive_scroller,2025-07-24,0.35,0.03,"food,music,anime"
U01758,estanton,Gibraltar,37,active_engager,2026-01-25,0.62,0.25,"memes,finance,food"
U01759,pecklouis,Samoa,28,active_engager,2025-03-29,0.51,0.34,"sports,finance,fitness"
U01760,hernandezdouglas,Gambia,33,trend_hopper,2026-01-17,0.37,0.1,"tech,food,fitness"
U01761,tbooker,Gibraltar,35,active_engager,2025-01-07,0.41,0.21,"finance,food,memes"
U01762,bradleyhoffman,Cameroon,34,passive_scroller,2025-09-16,0.34,0.01,"gaming,tech,food"
U01763,mckenzienicole,Vanuatu,43,trend_hopper,2025-12-11,0.59,0.12,"fitness,music,gaming"
U01764,tararichardson,Colombia,23,passive_scroller,2026-02-12,0.3,0.02,"memes,music,food"
U01765,josephdiane,Portugal,41,binge_user,2026-02-11,0.82,0.13,"tech,finance,anime"
U01766,mahoneyaaron,Faroe Islands,19,binge_user,2025-04-08,0.86,0.06,"tech,finance,food"
U01767,osandoval,Ecuador,45,passive_scroller,2025-04-06,0.3,0.05,"memes,food,anime"
U01768,psingleton,French Polynesia,20,trend_hopper,2025-01-27,0.53,0.05,"gaming,music,finance"
U01769,acrawford,Dominica,33,passive_scroller,2026-01-22,0.15,0.03,"anime,food,gaming"
U01770,gbrown,American Samoa,37,trend_hopper,2025-01-03,0.58,0.11,"tech,finance,fitness"
U01771,jon23,Netherlands Antilles,28,active_engager,2025-09-17,0.49,0.35,"music,anime,fitness"
U01772,leonardmata,Marshall Islands,43,active_engager,2025-03-21,0.65,0.24,"sports,memes,anime"
U01773,jonesjames,Hungary,28,passive_scroller,2026-02-12,0.26,0.04,"tech,anime,music"
U01774,hilltara,New Caledonia,23,trend_hopper,2025-08-11,0.34,0.08,"gaming,food,music"
U01775,renee57,Saint Kitts and Nevis,34,passive_scroller,2025-12-04,0.29,0.04,"sports,music,anime"
U01776,sarah55,North Macedonia,37,trend_hopper,2025-01-17,0.46,0.11,"anime,tech,fitness"
U01777,cynthia11,Micronesia,34,passive_scroller,2025-12-20,0.19,0.04,"memes,food,fitness"
U01778,ibaker,Congo,28,trend_hopper,2026-02-24,0.39,0.11,"fitness,music,food"
U01779,tleon,Niger,32,binge_user,2025-12-05,0.71,0.1,"music,sports,gaming"
U01780,samantha86,Kenya,33,binge_user,2026-01-09,0.77,0.12,"memes,fitness,tech"
U01781,orivera,Falkland Islands (Malvinas),35,trend_hopper,2025-06-01,0.55,0.07,"fitness,anime,music"
U01782,bwood,Cape Verde,32,binge_user,2026-03-22,0.74,0.06,"fitness,tech,sports"
U01783,vmartinez,Mozambique,32,binge_user,2025-01-03,0.93,0.08,"tech,anime,music"
U01784,jeffreyrobinson,Montenegro,41,active_engager,2026-03-09,0.55,0.16,"music,fitness,sports"
U01785,leachcody,Norway,21,active_engager,2025-04-28,0.67,0.22,"anime,fitness,tech"
U01786,ywiley,Tokelau,23,passive_scroller,2025-08-21,0.33,0.03,"memes,finance,tech"
U01787,adriancampbell,Jordan,30,binge_user,2025-08-31,0.97,0.09,"anime,sports,fitness"
U01788,sandra74,Azerbaijan,31,active_engager,2025-11-15,0.53,0.26,"memes,anime,finance"
U01789,adammontgomery,Sri Lanka,35,passive_scroller,2025-05-13,0.3,0.05,"finance,gaming,music"
U01790,stephenchandler,Norway,21,binge_user,2026-03-12,0.94,0.08,"anime,memes,fitness"
U01791,goodmandavid,Korea,30,trend_hopper,2025-06-26,0.4,0.12,"fitness,anime,finance"
U01792,dixonkeith,Peru,42,active_engager,2025-09-04,0.67,0.29,"sports,food,music"
U01793,walkermisty,Ireland,45,trend_hopper,2025-09-26,0.55,0.12,"music,tech,memes"
U01794,diane86,Bhutan,41,trend_hopper,2025-02-12,0.43,0.1,"anime,fitness,food"
U01795,ntaylor,Morocco,33,passive_scroller,2025-12-29,0.22,0.04,"gaming,anime,sports"
U01796,ronald77,Somalia,28,passive_scroller,2025-11-07,0.4,0.05,"fitness,memes,gaming"
U01797,yrubio,Ghana,41,active_engager,2026-01-31,0.6,0.2,"finance,food,music"
U01798,carolynwillis,Palestinian Territory,24,trend_hopper,2025-10-24,0.45,0.1,"memes,music,fitness"
U01799,kimberlywheeler,South Africa,38,binge_user,2025-07-01,0.85,0.13,"sports,gaming,finance"
U01800,jallen,Andorra,22,active_engager,2025-07-28,0.67,0.28,"gaming,music,tech"
U01801,sherrylewis,Honduras,21,active_engager,2026-03-15,0.41,0.27,"fitness,tech,sports"
U01802,lopezscott,Lithuania,40,passive_scroller,2025-02-25,0.13,0.03,"fitness,memes,music"
U01803,trivers,Dominican Republic,33,trend_hopper,2026-02-22,0.5,0.1,"tech,music,finance"
U01804,bedwards,Bhutan,32,trend_hopper,2025-12-21,0.52,0.11,"memes,gaming,music"
U01805,fturner,Somalia,40,active_engager,2026-02-27,0.5,0.35,"food,gaming,music"
U01806,laura25,Taiwan,26,passive_scroller,2025-02-20,0.31,0.04,"memes,anime,fitness"
U01807,josealexander,Niger,31,active_engager,2025-06-09,0.49,0.25,"fitness,music,finance"
U01808,lbradshaw,Yemen,42,active_engager,2025-07-12,0.61,0.22,"finance,tech,memes"
U01809,sherryandrews,Nigeria,40,binge_user,2026-04-06,0.88,0.06,"memes,tech,anime"
U01810,stephaniegonzalez,Seychelles,35,passive_scroller,2025-04-14,0.13,0.03,"gaming,music,finance"
U01811,ryan07,South Georgia and the South Sandwich Islands,42,active_engager,2025-08-24,0.59,0.22,"gaming,fitness,memes"
U01812,portercurtis,Marshall Islands,25,active_engager,2026-04-04,0.67,0.29,"memes,sports,tech"
U01813,gutierrezchristian,Comoros,22,passive_scroller,2025-03-05,0.37,0.02,"gaming,fitness,finance"
U01814,millsmarc,Saint Kitts and Nevis,32,passive_scroller,2025-12-25,0.14,0.03,"music,fitness,gaming"
U01815,nelsonjessica,Romania,23,passive_scroller,2025-01-24,0.16,0.03,"food,sports,anime"
U01816,ucabrera,New Caledonia,32,binge_user,2025-02-24,0.85,0.12,"food,fitness,anime"
U01817,lbarnes,Sao Tome and Principe,31,binge_user,2025-05-14,0.76,0.14,"finance,gaming,sports"
U01818,lawrencehill,Sierra Leone,45,active_engager,2025-03-04,0.47,0.35,"fitness,music,anime"
U01819,bridget57,Slovakia (Slovak Republic),20,trend_hopper,2025-02-15,0.4,0.12,"sports,gaming,anime"
U01820,randy75,Spain,25,active_engager,2025-03-13,0.57,0.23,"fitness,music,anime"
U01821,johnsonpaige,Lithuania,25,binge_user,2025-05-09,0.77,0.12,"memes,sports,tech"
U01822,luisfischer,Sao Tome and Principe,37,active_engager,2025-01-29,0.67,0.15,"sports,memes,fitness"
U01823,ryan65,Belarus,25,trend_hopper,2026-02-04,0.31,0.1,"gaming,music,tech"
U01824,jessica68,Switzerland,39,binge_user,2025-03-13,1.0,0.07,"finance,tech,fitness"
U01825,reynoldspaul,Falkland Islands (Malvinas),32,binge_user,2025-06-29,0.71,0.08,"finance,fitness,food"
U01826,ian40,Saint Barthelemy,31,trend_hopper,2025-10-22,0.51,0.1,"food,finance,music"
U01827,nathansheppard,Togo,18,trend_hopper,2025-08-12,0.43,0.05,"memes,food,music"
U01828,xgibson,Sao Tome and Principe,18,active_engager,2025-08-31,0.65,0.33,"tech,gaming,anime"
U01829,austinellis,Malawi,37,active_engager,2026-04-29,0.65,0.33,"finance,food,anime"
U01830,johnkent,Saudi Arabia,19,binge_user,2025-03-25,0.77,0.11,"finance,fitness,memes"
U01831,hannahlewis,Micronesia,41,trend_hopper,2025-12-14,0.34,0.07,"fitness,music,gaming"
U01832,qrobinson,Iceland,35,active_engager,2026-02-01,0.5,0.33,"gaming,memes,fitness"
U01833,robert06,Estonia,26,trend_hopper,2025-12-26,0.51,0.06,"finance,gaming,music"
U01834,cowanmaria,Aruba,22,binge_user,2025-12-05,0.72,0.06,"music,gaming,finance"
U01835,vancedonna,Cayman Islands,40,binge_user,2025-12-24,0.96,0.08,"sports,gaming,tech"
U01836,lwright,Palestinian Territory,24,passive_scroller,2025-05-07,0.24,0.04,"sports,anime,tech"
U01837,smithmary,Trinidad and Tobago,27,passive_scroller,2025-12-05,0.15,0.01,"sports,memes,music"
U01838,traceygonzalez,Dominican Republic,36,passive_scroller,2025-11-07,0.21,0.02,"gaming,memes,anime"
U01839,davidhicks,Norway,31,passive_scroller,2025-06-11,0.15,0.04,"gaming,memes,anime"
U01840,darren44,Hungary,29,trend_hopper,2026-04-02,0.44,0.09,"finance,anime,music"
U01841,tinagoodman,Guinea-Bissau,36,trend_hopper,2025-07-17,0.55,0.07,"anime,fitness,sports"
U01842,anne85,Georgia,23,passive_scroller,2026-02-03,0.13,0.02,"tech,sports,memes"
U01843,ufowler,Wallis and Futuna,37,active_engager,2025-12-25,0.47,0.17,"finance,tech,anime"
U01844,mendozadeborah,Israel,22,binge_user,2025-10-31,0.79,0.12,"fitness,tech,food"
U01845,brendaking,Syrian Arab Republic,33,trend_hopper,2025-11-05,0.36,0.06,"memes,music,tech"
U01846,carolynlamb,Comoros,22,binge_user,2026-04-02,0.93,0.07,"anime,memes,music"
U01847,jordan46,Switzerland,41,passive_scroller,2026-02-02,0.19,0.03,"anime,gaming,food"
U01848,lopezjessica,Denmark,28,passive_scroller,2025-11-25,0.11,0.02,"gaming,finance,food"
U01849,drichardson,Congo,38,trend_hopper,2025-01-12,0.31,0.07,"anime,food,finance"
U01850,stevensmith,North Macedonia,41,trend_hopper,2025-08-10,0.38,0.06,"memes,fitness,finance"
U01851,christophercox,Uruguay,35,active_engager,2026-04-03,0.67,0.15,"anime,music,memes"
U01852,umoore,Northern Mariana Islands,32,binge_user,2025-10-05,0.95,0.07,"tech,food,sports"
U01853,martinangela,Afghanistan,22,active_engager,2026-01-10,0.46,0.25,"music,food,tech"
U01854,leahkim,Ukraine,27,trend_hopper,2025-10-16,0.35,0.11,"finance,fitness,anime"
U01855,gonzalesgina,Guam,31,active_engager,2026-04-06,0.43,0.31,"anime,tech,music"
U01856,kevin34,Bolivia,41,binge_user,2025-11-19,0.8,0.09,"anime,fitness,gaming"
U01857,rebeccapreston,Guam,43,passive_scroller,2025-01-17,0.14,0.05,"anime,memes,tech"
U01858,millercasey,Uganda,28,binge_user,2026-02-24,0.76,0.14,"gaming,anime,food"
U01859,martinezjason,Kuwait,35,trend_hopper,2025-05-14,0.46,0.09,"anime,food,finance"
U01860,alicia82,Czech Republic,33,passive_scroller,2025-06-15,0.15,0.05,"memes,anime,sports"
U01861,donalddowns,Liechtenstein,42,passive_scroller,2025-03-16,0.39,0.03,"food,fitness,finance"
U01862,ambercobb,Lithuania,28,binge_user,2025-04-29,0.71,0.06,"music,fitness,anime"
U01863,kevingriffin,Suriname,28,trend_hopper,2025-01-14,0.58,0.1,"memes,fitness,finance"
U01864,tracy34,Egypt,20,active_engager,2025-10-21,0.61,0.29,"sports,music,fitness"
U01865,lhughes,Ethiopia,23,passive_scroller,2026-03-04,0.15,0.03,"food,tech,finance"
U01866,sanchezjoan,Palau,18,active_engager,2025-05-09,0.46,0.15,"memes,sports,food"
U01867,joseph01,Iraq,22,binge_user,2026-03-28,0.77,0.15,"gaming,finance,food"
U01868,schase,Saint Vincent and the Grenadines,29,binge_user,2025-04-23,0.76,0.12,"anime,music,fitness"
U01869,sarah92,Australia,28,passive_scroller,2026-03-31,0.33,0.01,"fitness,memes,music"
U01870,joshua81,Guam,23,trend_hopper,2026-04-28,0.32,0.08,"fitness,music,sports"
U01871,qnelson,Denmark,44,trend_hopper,2026-02-26,0.6,0.07,"sports,tech,memes"
U01872,ngraham,Switzerland,29,binge_user,2026-03-25,0.84,0.05,"gaming,sports,music"
U01873,qreyes,Lithuania,35,active_engager,2025-09-17,0.43,0.18,"tech,fitness,music"
U01874,david16,United Arab Emirates,38,binge_user,2025-03-03,0.71,0.14,"memes,fitness,sports"
U01875,paul82,Ireland,18,binge_user,2025-09-14,0.77,0.1,"fitness,sports,tech"
U01876,christopherjimenez,Thailand,34,trend_hopper,2026-03-28,0.6,0.06,"finance,food,anime"
U01877,sotochristopher,Israel,35,passive_scroller,2025-08-07,0.37,0.04,"music,gaming,finance"
U01878,hbaker,Italy,35,binge_user,2025-09-02,0.87,0.06,"fitness,memes,sports"
U01879,inelson,Isle of Man,35,binge_user,2025-05-02,0.97,0.07,"gaming,memes,tech"
U01880,hannahgreen,Uganda,28,passive_scroller,2026-04-04,0.34,0.01,"gaming,music,finance"
U01881,banksjoshua,Norfolk Island,27,active_engager,2025-10-10,0.43,0.19,"sports,tech,gaming"
U01882,wilsonanne,United Kingdom,25,binge_user,2025-10-18,0.83,0.11,"memes,tech,anime"
U01883,owells,United Kingdom,39,active_engager,2026-01-04,0.52,0.21,"food,memes,anime"
U01884,travis55,Gibraltar,33,passive_scroller,2025-02-22,0.34,0.02,"fitness,memes,finance"
U01885,jonesjennifer,South Georgia and the South Sandwich Islands,31,binge_user,2025-10-12,0.71,0.14,"sports,music,anime"
U01886,kristen47,Russian Federation,45,binge_user,2026-03-16,0.72,0.12,"fitness,finance,food"
U01887,millerjoseph,Somalia,35,trend_hopper,2025-03-06,0.3,0.1,"gaming,anime,memes"
U01888,tranmelissa,Afghanistan,20,binge_user,2026-04-21,0.99,0.09,"sports,anime,music"
U01889,sandra06,Saint Kitts and Nevis,21,trend_hopper,2025-10-05,0.56,0.1,"fitness,sports,music"
U01890,nhanson,Sweden,26,active_engager,2025-11-14,0.57,0.21,"memes,anime,sports"
U01891,pattersonsara,Bosnia and Herzegovina,42,passive_scroller,2025-12-24,0.15,0.05,"music,tech,memes"
U01892,melanie12,Croatia,30,passive_scroller,2025-10-20,0.26,0.04,"finance,anime,fitness"
U01893,matthew27,Canada,27,binge_user,2026-03-23,0.9,0.1,"tech,anime,music"
U01894,cbates,Kyrgyz Republic,38,active_engager,2025-11-17,0.47,0.29,"tech,music,gaming"
U01895,mcknightkristina,New Zealand,24,binge_user,2026-03-14,0.72,0.09,"memes,anime,tech"
U01896,kandrade,Ireland,35,passive_scroller,2026-01-14,0.3,0.04,"fitness,finance,music"
U01897,goodwinian,Thailand,31,trend_hopper,2025-08-12,0.48,0.11,"fitness,gaming,tech"
U01898,steven00,Iran,38,trend_hopper,2026-03-20,0.33,0.1,"tech,food,fitness"
U01899,tammygreene,Libyan Arab Jamahiriya,39,passive_scroller,2026-02-12,0.16,0.02,"tech,fitness,music"
U01900,dpowers,Lebanon,29,passive_scroller,2025-02-01,0.35,0.04,"fitness,anime,music"
U01901,karengreen,Seychelles,29,active_engager,2025-12-31,0.68,0.28,"gaming,finance,anime"
U01902,phorton,Netherlands,29,active_engager,2026-03-13,0.63,0.25,"music,fitness,memes"
U01903,emayo,Cote d'Ivoire,32,passive_scroller,2026-01-06,0.18,0.02,"music,tech,memes"
U01904,ritachavez,Ethiopia,21,passive_scroller,2026-05-01,0.39,0.04,"music,memes,food"
U01905,jeffreypatel,Ireland,32,active_engager,2025-01-30,0.53,0.29,"music,finance,anime"
U01906,hayley10,Hungary,37,passive_scroller,2025-09-04,0.12,0.03,"anime,fitness,music"
U01907,gford,Heard Island and McDonald Islands,23,passive_scroller,2025-11-25,0.39,0.03,"fitness,anime,tech"
U01908,heathkyle,Cuba,25,binge_user,2025-12-12,0.78,0.07,"anime,tech,finance"
U01909,richamanda,Kazakhstan,27,trend_hopper,2025-09-10,0.44,0.07,"fitness,gaming,memes"
U01910,littlediane,Trinidad and Tobago,27,active_engager,2025-05-27,0.54,0.27,"anime,sports,gaming"
U01911,mcortez,Turkey,41,active_engager,2025-06-19,0.59,0.3,"fitness,food,memes"
U01912,carlfoster,Israel,28,trend_hopper,2026-03-18,0.54,0.12,"food,anime,gaming"
U01913,lawrence16,Bosnia and Herzegovina,45,active_engager,2026-01-24,0.58,0.24,"music,memes,food"
U01914,laura48,Congo,22,trend_hopper,2025-09-30,0.42,0.05,"fitness,anime,finance"
U01915,stevengrant,Ireland,24,trend_hopper,2026-01-10,0.41,0.08,"memes,music,food"
U01916,kelly62,Equatorial Guinea,23,active_engager,2025-08-04,0.56,0.28,"fitness,tech,gaming"
U01917,crystalmorris,Comoros,20,binge_user,2025-06-13,0.74,0.14,"food,finance,music"
U01918,hhawkins,Svalbard & Jan Mayen Islands,32,active_engager,2025-11-28,0.59,0.33,"finance,gaming,anime"
U01919,pricedenise,Sudan,44,trend_hopper,2025-08-04,0.39,0.08,"finance,fitness,food"
U01920,courtney67,Ethiopia,23,passive_scroller,2025-06-28,0.13,0.01,"fitness,anime,sports"
U01921,nadams,Saint Martin,28,binge_user,2025-01-29,0.83,0.14,"food,finance,fitness"
U01922,michael92,Brazil,33,active_engager,2026-01-11,0.43,0.33,"music,memes,food"
U01923,pwilliamson,Sudan,31,binge_user,2025-01-23,0.98,0.05,"sports,anime,fitness"
U01924,andrewclark,Switzerland,38,active_engager,2026-04-18,0.58,0.27,"food,anime,sports"
U01925,khall,Guinea,26,trend_hopper,2025-03-25,0.43,0.08,"finance,sports,memes"
U01926,wcollins,Saint Barthelemy,40,passive_scroller,2025-10-27,0.12,0.03,"finance,sports,gaming"
U01927,nicolecuevas,Papua New Guinea,39,trend_hopper,2025-06-09,0.5,0.08,"gaming,fitness,memes"
U01928,maria30,India,36,binge_user,2025-10-17,0.87,0.11,"music,sports,anime"
U01929,ffinley,Cayman Islands,20,trend_hopper,2025-01-13,0.54,0.07,"music,sports,gaming"
U01930,haynesrebecca,Czech Republic,33,trend_hopper,2025-02-16,0.42,0.11,"food,sports,anime"
U01931,colemanlauren,Andorra,42,passive_scroller,2025-05-18,0.39,0.03,"fitness,memes,gaming"
U01932,harrisbarry,French Guiana,21,trend_hopper,2025-08-07,0.5,0.1,"food,gaming,fitness"
U01933,srodriguez,Pitcairn Islands,29,passive_scroller,2025-05-17,0.14,0.02,"sports,music,food"
U01934,jennifer47,Guam,25,binge_user,2025-02-04,0.88,0.1,"tech,fitness,anime"
U01935,phillip03,Netherlands,34,active_engager,2026-03-19,0.5,0.31,"finance,gaming,tech"
U01936,roberthansen,Fiji,26,trend_hopper,2025-08-21,0.57,0.11,"tech,anime,memes"
U01937,benjaminperkins,Kenya,19,active_engager,2025-01-28,0.41,0.3,"food,memes,fitness"
U01938,diane23,Sweden,40,binge_user,2025-04-09,0.9,0.07,"anime,memes,sports"
U01939,melissadudley,Honduras,42,binge_user,2026-05-01,0.73,0.12,"finance,food,anime"
U01940,jacob87,Palau,44,passive_scroller,2025-01-12,0.35,0.02,"tech,gaming,anime"
U01941,tcollins,Korea,29,passive_scroller,2025-12-12,0.12,0.03,"food,memes,tech"
U01942,shodges,Thailand,29,binge_user,2026-01-28,0.84,0.05,"music,memes,fitness"
U01943,jfisher,Costa Rica,21,binge_user,2025-04-09,0.84,0.08,"sports,finance,food"
U01944,qwatson,Suriname,41,active_engager,2025-08-04,0.49,0.34,"music,food,tech"
U01945,colinscott,Dominican Republic,37,passive_scroller,2025-09-14,0.12,0.03,"tech,music,fitness"
U01946,abrown,Tajikistan,34,active_engager,2025-01-13,0.63,0.25,"gaming,finance,tech"
U01947,lvillarreal,Saint Barthelemy,28,active_engager,2025-12-14,0.61,0.32,"fitness,music,sports"
U01948,imartinez,New Zealand,21,binge_user,2026-03-26,0.79,0.13,"tech,memes,anime"
U01949,kjohnson,Falkland Islands (Malvinas),24,active_engager,2025-09-15,0.46,0.29,"tech,memes,food"
U01950,stefanie21,Oman,24,active_engager,2025-08-13,0.42,0.27,"finance,music,food"
U01951,adrian24,Zimbabwe,18,passive_scroller,2026-02-12,0.32,0.02,"music,sports,gaming"
U01952,jamesfoster,Papua New Guinea,20,passive_scroller,2026-03-03,0.21,0.03,"music,finance,tech"
U01953,bakermaria,Djibouti,45,active_engager,2025-12-01,0.5,0.29,"food,gaming,tech"
U01954,matthewalexander,Uruguay,33,binge_user,2026-01-18,0.71,0.12,"tech,food,fitness"
U01955,branchzachary,Pitcairn Islands,35,passive_scroller,2026-02-03,0.22,0.03,"finance,sports,fitness"
U01956,pricedaniel,Gambia,35,trend_hopper,2025-08-11,0.59,0.11,"fitness,finance,anime"
U01957,fnguyen,Ghana,25,binge_user,2025-08-19,0.82,0.15,"music,tech,finance"
U01958,christina68,El Salvador,35,binge_user,2025-09-01,0.83,0.11,"fitness,sports,gaming"
U01959,lduffy,Lao People's Democratic Republic,20,binge_user,2026-01-20,0.74,0.15,"fitness,gaming,food"
U01960,evelyn76,Niger,35,passive_scroller,2025-10-11,0.18,0.01,"fitness,gaming,sports"
U01961,astephenson,Kazakhstan,33,passive_scroller,2025-09-03,0.29,0.05,"finance,fitness,memes"
U01962,brianaevans,Cote d'Ivoire,22,active_engager,2025-05-22,0.64,0.23,"tech,anime,sports"
U01963,rthompson,Central African Republic,40,passive_scroller,2025-09-12,0.14,0.04,"music,food,memes"
U01964,greenejason,Taiwan,33,passive_scroller,2025-12-15,0.36,0.02,"music,gaming,memes"
U01965,qrojas,Kiribati,33,passive_scroller,2026-03-28,0.16,0.02,"fitness,sports,food"
U01966,michele45,Ireland,26,passive_scroller,2025-12-23,0.31,0.05,"music,finance,anime"
U01967,caldwellnatasha,Iraq,23,binge_user,2025-04-02,0.99,0.13,"gaming,memes,food"
U01968,jennifer74,Monaco,40,active_engager,2026-02-08,0.58,0.22,"fitness,food,sports"
U01969,meltonheather,Malaysia,44,active_engager,2026-02-10,0.43,0.22,"music,gaming,memes"
U01970,kgarcia,British Indian Ocean Territory (Chagos Archipelago),25,active_engager,2025-06-10,0.45,0.29,"memes,anime,tech"
U01971,pamelacampos,Bermuda,44,trend_hopper,2025-01-02,0.56,0.07,"fitness,tech,music"
U01972,johnsoneric,Israel,38,binge_user,2025-12-11,0.84,0.11,"sports,memes,tech"
U01973,danielle35,Eritrea,25,active_engager,2026-04-22,0.69,0.31,"music,anime,fitness"
U01974,walkerleslie,Liechtenstein,27,binge_user,2025-05-19,0.9,0.05,"finance,memes,gaming"
U01975,grant95,Panama,29,passive_scroller,2025-06-17,0.35,0.05,"finance,gaming,sports"
U01976,jeffrey82,Norfolk Island,43,binge_user,2025-03-17,0.96,0.12,"anime,memes,food"
U01977,robertrichmond,Nigeria,31,passive_scroller,2025-11-14,0.22,0.02,"sports,anime,music"
U01978,thomas75,South Georgia and the South Sandwich Islands,22,passive_scroller,2026-04-08,0.35,0.03,"anime,fitness,memes"
U01979,wendybenitez,Venezuela,28,active_engager,2025-03-30,0.52,0.31,"sports,finance,anime"
U01980,ericgordon,Anguilla,43,binge_user,2026-04-17,0.94,0.08,"food,anime,tech"
U01981,meghanmoran,Rwanda,40,trend_hopper,2025-06-20,0.4,0.08,"memes,sports,fitness"
U01982,alexandergary,Colombia,22,passive_scroller,2026-04-23,0.1,0.03,"finance,food,fitness"
U01983,richardbeard,Haiti,35,trend_hopper,2026-04-01,0.33,0.08,"sports,finance,memes"
U01984,brian20,Austria,41,trend_hopper,2026-01-26,0.56,0.09,"finance,music,memes"
U01985,tmorton,Thailand,44,active_engager,2025-11-28,0.7,0.21,"sports,tech,fitness"
U01986,ywoods,Dominican Republic,26,binge_user,2026-02-03,0.92,0.08,"sports,anime,music"
U01987,snewman,Oman,36,trend_hopper,2025-01-11,0.44,0.1,"fitness,food,tech"
U01988,christine56,Maldives,25,active_engager,2026-03-21,0.51,0.21,"anime,memes,finance"
U01989,jeremy79,Tuvalu,32,active_engager,2026-02-07,0.63,0.3,"fitness,gaming,anime"
U01990,sherylmcpherson,Andorra,45,trend_hopper,2025-03-04,0.4,0.05,"music,tech,memes"
U01991,elizabethharris,Tunisia,22,binge_user,2025-01-08,0.78,0.1,"memes,sports,finance"
U01992,thompsonchristopher,Sao Tome and Principe,26,binge_user,2025-09-14,1.0,0.13,"sports,music,tech"
U01993,scott10,Tanzania,38,trend_hopper,2025-05-29,0.33,0.07,"fitness,food,music"
U01994,katherinewhite,Belize,27,binge_user,2025-05-16,0.78,0.13,"memes,anime,fitness"
U01995,michelletaylor,Mali,43,active_engager,2026-03-06,0.52,0.18,"sports,fitness,tech"
U01996,cpatel,Tuvalu,22,active_engager,2025-03-06,0.55,0.27,"sports,fitness,tech"
U01997,qwarner,Gabon,32,passive_scroller,2025-05-15,0.22,0.01,"sports,memes,food"
U01998,qwilliams,Comoros,21,passive_scroller,2025-11-05,0.15,0.04,"food,gaming,sports"
U01999,amyosborne,Svalbard & Jan Mayen Islands,43,binge_user,2025-08-20,0.94,0.12,"finance,memes,food"
U02000,emily85,Benin,31,binge_user,2025-08-27,0.79,0.06,"fitness,tech,music"
U02001,scott49,South Africa,38,passive_scroller,2025-10-17,0.26,0.01,"sports,food,music"
U02002,christina85,Anguilla,25,active_engager,2025-04-13,0.61,0.3,"fitness,memes,tech"
U02003,pgibbs,Sierra Leone,38,binge_user,2026-03-30,0.97,0.1,"memes,food,gaming"
U02004,edwardlawson,Jamaica,43,passive_scroller,2025-03-29,0.29,0.02,"music,sports,memes"
U02005,lisa23,Vanuatu,35,binge_user,2026-01-22,0.97,0.07,"gaming,sports,food"
U02006,riveraronald,Latvia,30,trend_hopper,2025-07-10,0.31,0.07,"sports,tech,gaming"
U02007,nowens,Sudan,40,passive_scroller,2026-04-25,0.19,0.04,"memes,food,music"
U02008,deborah36,Trinidad and Tobago,30,passive_scroller,2026-03-18,0.31,0.04,"sports,tech,memes"
U02009,lisa02,Zambia,23,active_engager,2025-05-30,0.54,0.21,"music,fitness,finance"
U02010,anita10,Georgia,24,active_engager,2026-01-26,0.58,0.32,"memes,sports,gaming"
U02011,kristopher35,Israel,37,trend_hopper,2025-03-29,0.43,0.1,"memes,tech,gaming"
U02012,dwebb,Reunion,29,passive_scroller,2025-06-19,0.25,0.03,"food,fitness,tech"
U02013,chapmancindy,Togo,44,passive_scroller,2026-03-26,0.13,0.03,"sports,anime,music"
U02014,rachel89,Chad,29,binge_user,2025-06-13,0.82,0.12,"gaming,fitness,music"
U02015,natalie89,Palau,34,trend_hopper,2025-06-20,0.5,0.06,"gaming,tech,sports"
U02016,duane93,Jordan,33,active_engager,2026-02-05,0.65,0.23,"memes,food,anime"
U02017,allisonstephanie,Christmas Island,27,binge_user,2025-02-25,0.92,0.06,"sports,anime,gaming"
U02018,robin77,Burundi,33,active_engager,2026-01-12,0.62,0.34,"tech,finance,anime"
U02019,jason53,Aruba,44,trend_hopper,2025-08-02,0.39,0.07,"fitness,anime,gaming"
U02020,lanekathryn,Madagascar,35,trend_hopper,2025-12-18,0.31,0.08,"finance,sports,memes"
U02021,gbarnes,Tajikistan,26,binge_user,2025-04-30,0.79,0.1,"sports,anime,gaming"
U02022,edickerson,Switzerland,41,binge_user,2025-01-29,0.89,0.07,"memes,tech,music"
U02023,michaelwilliams,Uganda,41,trend_hopper,2025-09-05,0.32,0.05,"finance,gaming,food"
U02024,rachelcamacho,Malawi,31,active_engager,2025-05-13,0.6,0.16,"tech,memes,food"
U02025,odomhenry,Sri Lanka,28,active_engager,2025-06-30,0.65,0.35,"food,sports,music"
U02026,phillipschristian,Malawi,40,binge_user,2025-09-20,0.96,0.1,"memes,gaming,sports"
U02027,robertagordon,Venezuela,31,trend_hopper,2025-10-08,0.46,0.09,"finance,food,memes"
U02028,gibsonrebecca,Palestinian Territory,36,active_engager,2025-03-31,0.57,0.17,"tech,anime,gaming"
U02029,tinavelez,Vanuatu,31,passive_scroller,2025-06-22,0.3,0.01,"food,tech,finance"
U02030,adamskara,Jordan,18,active_engager,2025-01-10,0.66,0.21,"fitness,tech,gaming"
U02031,alexandra81,Guatemala,36,trend_hopper,2025-04-26,0.34,0.06,"sports,gaming,anime"
U02032,carolyn22,Cuba,22,binge_user,2026-01-03,0.98,0.12,"music,memes,sports"
U02033,crystalmedina,El Salvador,44,active_engager,2026-01-01,0.7,0.18,"music,fitness,finance"
U02034,alyssa01,Sudan,42,trend_hopper,2025-10-27,0.44,0.07,"finance,tech,fitness"
U02035,lauren53,Madagascar,43,trend_hopper,2026-03-07,0.38,0.07,"gaming,food,finance"
U02036,christopher84,Equatorial Guinea,38,passive_scroller,2026-04-20,0.18,0.03,"gaming,anime,food"
U02037,jscott,Mauritania,35,active_engager,2026-02-05,0.45,0.22,"tech,memes,anime"
U02038,donnachaney,Estonia,45,trend_hopper,2025-03-02,0.53,0.06,"fitness,memes,sports"
U02039,michael65,Korea,42,passive_scroller,2025-08-09,0.36,0.03,"anime,memes,finance"
U02040,michaelcastillo,Saudi Arabia,36,passive_scroller,2025-07-30,0.39,0.04,"finance,fitness,tech"
U02041,pinedadenise,Malta,36,passive_scroller,2025-08-07,0.28,0.02,"tech,food,anime"
U02042,francoanthony,Hungary,19,active_engager,2025-11-19,0.64,0.22,"memes,gaming,fitness"
U02043,ghoward,Guadeloupe,23,binge_user,2026-01-18,0.85,0.13,"gaming,fitness,anime"
U02044,brendameyer,Moldova,35,trend_hopper,2026-03-05,0.57,0.11,"finance,tech,music"
U02045,halledward,Angola,20,active_engager,2025-09-28,0.68,0.31,"music,fitness,tech"
U02046,rjohnson,Uganda,45,trend_hopper,2025-06-17,0.35,0.05,"tech,anime,fitness"
U02047,stephensonerika,Liechtenstein,42,passive_scroller,2026-04-18,0.31,0.04,"tech,fitness,memes"
U02048,hartstephen,Tanzania,36,active_engager,2026-01-01,0.68,0.3,"fitness,music,memes"
U02049,harrisonjanice,Guernsey,21,trend_hopper,2025-12-02,0.53,0.1,"gaming,sports,tech"
U02050,ksimon,Benin,45,binge_user,2026-04-27,0.86,0.05,"sports,fitness,anime"
U02051,ocline,Peru,30,trend_hopper,2025-03-14,0.32,0.12,"sports,finance,anime"
U02052,nbowers,Rwanda,29,binge_user,2026-03-13,0.82,0.13,"finance,food,anime"
U02053,christy18,San Marino,24,trend_hopper,2026-03-22,0.41,0.1,"food,memes,fitness"
U02054,richardpowers,United States Virgin Islands,27,passive_scroller,2025-03-04,0.22,0.03,"finance,sports,fitness"
U02055,ruizbonnie,Somalia,20,active_engager,2026-03-10,0.56,0.27,"tech,food,anime"
U02056,mark94,Tonga,23,active_engager,2026-04-06,0.6,0.19,"finance,fitness,tech"
U02057,angelachen,Macao,36,passive_scroller,2025-12-18,0.21,0.02,"food,memes,finance"
U02058,christopherbrown,Bhutan,25,binge_user,2026-02-22,0.78,0.06,"food,sports,memes"
U02059,osmith,Tunisia,39,active_engager,2025-11-19,0.63,0.19,"memes,anime,tech"
U02060,fjones,Netherlands Antilles,19,active_engager,2025-01-09,0.5,0.31,"gaming,finance,tech"
U02061,stevenli,Costa Rica,37,active_engager,2025-03-08,0.42,0.31,"food,finance,fitness"
U02062,utownsend,Cocos (Keeling) Islands,28,active_engager,2025-12-04,0.47,0.3,"sports,food,tech"
U02063,nathan67,Switzerland,20,passive_scroller,2025-05-17,0.34,0.04,"gaming,anime,memes"
U02064,aedwards,Sweden,32,active_engager,2025-01-08,0.66,0.23,"finance,music,food"
U02065,bthompson,New Zealand,40,passive_scroller,2026-01-31,0.37,0.04,"gaming,anime,tech"
U02066,lisa05,Latvia,27,active_engager,2025-08-24,0.56,0.25,"tech,food,finance"
U02067,mpratt,Oman,44,binge_user,2026-04-26,0.99,0.09,"memes,anime,tech"
U02068,longjames,Qatar,27,active_engager,2025-07-27,0.55,0.26,"tech,gaming,music"
U02069,corey16,Azerbaijan,39,passive_scroller,2026-03-05,0.29,0.03,"anime,sports,memes"
U02070,mary25,Niger,34,passive_scroller,2025-11-15,0.26,0.02,"anime,finance,sports"
U02071,thomas56,Gibraltar,21,trend_hopper,2025-06-12,0.44,0.08,"music,anime,food"
U02072,katiegriffin,Kyrgyz Republic,39,binge_user,2025-02-09,0.88,0.11,"fitness,finance,food"
U02073,briana58,Bhutan,43,passive_scroller,2025-07-28,0.18,0.01,"sports,anime,memes"
U02074,christina80,Ukraine,41,active_engager,2026-02-04,0.47,0.32,"tech,anime,music"
U02075,ffleming,Uruguay,44,passive_scroller,2025-01-16,0.13,0.03,"food,gaming,sports"
U02076,butlertammy,Finland,20,trend_hopper,2026-01-31,0.54,0.09,"music,memes,food"
U02077,michael17,Togo,23,active_engager,2026-02-20,0.42,0.23,"fitness,gaming,music"
U02078,egordon,Heard Island and McDonald Islands,41,trend_hopper,2026-01-17,0.56,0.07,"memes,tech,gaming"
U02079,adrian84,Gabon,22,active_engager,2025-06-11,0.67,0.15,"food,sports,music"
U02080,stevenpeterson,Slovakia (Slovak Republic),37,binge_user,2025-03-06,0.79,0.13,"anime,music,food"
U02081,cstone,Belgium,43,binge_user,2026-02-10,0.96,0.07,"fitness,finance,music"
U02082,rschneider,Belize,39,trend_hopper,2025-11-15,0.47,0.11,"gaming,tech,finance"
U02083,mckinneysara,Sierra Leone,33,trend_hopper,2025-12-26,0.33,0.06,"gaming,sports,fitness"
U02084,kbriggs,Guinea-Bissau,34,trend_hopper,2025-07-17,0.34,0.1,"gaming,finance,fitness"
U02085,turnerkendra,Greece,29,binge_user,2026-03-28,0.8,0.08,"tech,finance,memes"
U02086,terristephenson,British Indian Ocean Territory (Chagos Archipelago),41,trend_hopper,2026-01-27,0.52,0.12,"food,memes,sports"
U02087,vmoore,Gabon,38,passive_scroller,2025-08-29,0.26,0.03,"fitness,sports,tech"
U02088,nguyenjessica,New Zealand,26,binge_user,2025-03-21,0.78,0.12,"music,fitness,tech"
U02089,austinbrady,Palau,41,passive_scroller,2025-05-21,0.25,0.03,"gaming,fitness,anime"
U02090,christopherbeard,Poland,41,passive_scroller,2025-10-14,0.38,0.02,"music,anime,memes"
U02091,jameswebb,Burundi,22,binge_user,2025-01-15,0.92,0.13,"sports,finance,music"
U02092,masonnorma,Italy,29,passive_scroller,2025-03-03,0.16,0.04,"tech,fitness,finance"
U02093,fwilson,Yemen,39,trend_hopper,2025-08-15,0.36,0.05,"memes,food,music"
U02094,andrewhill,Marshall Islands,26,binge_user,2025-10-29,0.73,0.13,"memes,fitness,anime"
U02095,debra12,Barbados,45,binge_user,2025-03-15,0.8,0.1,"anime,gaming,fitness"
U02096,leslieanderson,Benin,37,trend_hopper,2025-07-22,0.49,0.1,"gaming,finance,fitness"
U02097,lreed,Georgia,40,trend_hopper,2026-04-07,0.43,0.08,"anime,memes,gaming"
U02098,michaelbecker,Djibouti,37,active_engager,2025-08-25,0.57,0.33,"fitness,memes,sports"
U02099,lfigueroa,Albania,21,binge_user,2025-07-21,0.98,0.12,"sports,gaming,finance"
U02100,idavis,Swaziland,45,passive_scroller,2025-04-22,0.16,0.04,"gaming,fitness,anime"
U02101,dgreen,Lao People's Democratic Republic,25,active_engager,2025-04-21,0.55,0.24,"memes,fitness,anime"
U02102,michael30,Saint Martin,18,trend_hopper,2025-05-02,0.53,0.08,"gaming,anime,tech"
U02103,maxwellthomas,Cote d'Ivoire,35,passive_scroller,2025-12-28,0.34,0.05,"music,fitness,memes"
U02104,zwilliams,Suriname,42,active_engager,2026-01-06,0.41,0.33,"sports,tech,memes"
U02105,cummingskristen,Ghana,36,active_engager,2025-02-07,0.55,0.2,"gaming,tech,memes"
U02106,james88,Rwanda,24,passive_scroller,2025-01-04,0.37,0.04,"anime,gaming,fitness"
U02107,daniellecooper,Dominican Republic,28,active_engager,2025-09-13,0.5,0.27,"music,gaming,fitness"
U02108,munozbrian,Colombia,19,trend_hopper,2025-11-13,0.38,0.06,"food,music,memes"
U02109,lauren21,South Africa,30,binge_user,2025-05-21,0.99,0.08,"memes,music,anime"
U02110,hhancock,Bermuda,35,passive_scroller,2025-02-21,0.35,0.02,"music,food,tech"
U02111,keith52,British Virgin Islands,26,trend_hopper,2025-04-26,0.33,0.07,"fitness,music,memes"
U02112,jthomas,Bolivia,38,active_engager,2025-07-16,0.55,0.29,"memes,food,finance"
U02113,pricealexandria,North Macedonia,25,active_engager,2025-05-29,0.62,0.24,"memes,finance,tech"
U02114,annette11,Equatorial Guinea,38,active_engager,2025-07-31,0.44,0.33,"anime,gaming,tech"
U02115,robert24,North Macedonia,37,binge_user,2025-08-09,0.89,0.13,"memes,gaming,tech"
U02116,steven48,Ghana,24,passive_scroller,2026-01-06,0.38,0.04,"gaming,finance,anime"
U02117,lauren91,United States Minor Outlying Islands,26,trend_hopper,2025-11-08,0.48,0.05,"sports,fitness,tech"
U02118,woodwilliam,Micronesia,29,passive_scroller,2026-01-04,0.27,0.04,"memes,tech,music"
U02119,smithrichard,Croatia,36,trend_hopper,2025-10-27,0.49,0.06,"tech,fitness,finance"
U02120,rscott,Svalbard & Jan Mayen Islands,20,trend_hopper,2025-04-09,0.4,0.11,"music,anime,finance"
U02121,davisrandall,Holy See (Vatican City State),30,trend_hopper,2025-10-06,0.59,0.1,"food,gaming,sports"
U02122,susanwilliams,Montserrat,43,active_engager,2025-01-04,0.47,0.28,"sports,music,gaming"
U02123,racheljones,Sao Tome and Principe,35,active_engager,2025-11-08,0.43,0.31,"finance,gaming,food"
U02124,jeffrey06,Falkland Islands (Malvinas),20,binge_user,2025-07-12,0.74,0.1,"fitness,anime,memes"
U02125,mark27,Kiribati,45,active_engager,2025-07-08,0.61,0.29,"fitness,gaming,music"
U02126,gregorycoffey,Tokelau,29,binge_user,2026-03-04,0.74,0.06,"music,food,gaming"
U02127,colemancaleb,Anguilla,44,trend_hopper,2025-05-13,0.36,0.11,"tech,music,fitness"
U02128,andrewdurham,United States Minor Outlying Islands,27,binge_user,2026-02-21,0.94,0.12,"tech,music,food"
U02129,chapmanpamela,Burkina Faso,28,trend_hopper,2025-08-27,0.44,0.08,"tech,anime,food"
U02130,hguerrero,Saint Helena,34,binge_user,2025-04-19,0.94,0.1,"music,sports,tech"
U02131,webbemily,Congo,40,binge_user,2025-11-08,0.88,0.11,"finance,tech,music"
U02132,umcdonald,Guatemala,26,binge_user,2026-02-16,0.89,0.06,"tech,memes,gaming"
U02133,harperjessica,Romania,28,passive_scroller,2025-04-04,0.12,0.04,"anime,memes,music"
U02134,laura21,Norfolk Island,44,active_engager,2025-04-09,0.68,0.27,"memes,finance,tech"
U02135,qvincent,British Virgin Islands,18,passive_scroller,2026-02-05,0.19,0.05,"fitness,gaming,sports"
U02136,ekim,El Salvador,18,active_engager,2025-08-03,0.41,0.28,"memes,tech,anime"
U02137,yangsharon,Timor-Leste,42,trend_hopper,2025-09-21,0.37,0.11,"memes,tech,food"
U02138,sortiz,Cote d'Ivoire,25,passive_scroller,2025-04-04,0.38,0.03,"fitness,music,gaming"
U02139,rcruz,Pitcairn Islands,39,binge_user,2025-04-10,1.0,0.13,"tech,music,finance"
U02140,garrettmelissa,Tunisia,40,active_engager,2025-02-22,0.41,0.25,"memes,sports,gaming"
U02141,andrew34,Finland,44,active_engager,2026-03-19,0.47,0.31,"music,food,tech"
U02142,tsutton,Cyprus,40,passive_scroller,2025-12-10,0.2,0.01,"tech,fitness,gaming"
U02143,tommyallen,Fiji,43,passive_scroller,2025-10-14,0.14,0.01,"gaming,memes,sports"
U02144,kevin40,Jersey,18,binge_user,2026-03-19,0.88,0.06,"tech,food,anime"
U02145,kjohnson,Norway,32,passive_scroller,2025-07-20,0.24,0.02,"sports,food,music"
U02146,kristina49,Saint Vincent and the Grenadines,43,active_engager,2025-04-14,0.5,0.27,"music,tech,finance"
U02147,lisa80,Reunion,42,trend_hopper,2026-01-02,0.32,0.06,"memes,music,finance"
U02148,qgray,Burkina Faso,29,passive_scroller,2025-02-04,0.22,0.05,"sports,food,tech"
U02149,sheltonwilliam,Bermuda,43,binge_user,2025-09-13,0.78,0.05,"memes,fitness,finance"
U02150,rbrown,China,31,trend_hopper,2026-04-07,0.39,0.06,"fitness,gaming,memes"
U02151,timothy28,Antarctica (the territory South of 60 deg S),24,active_engager,2025-11-23,0.54,0.35,"tech,memes,fitness"
U02152,lwilson,Pakistan,41,passive_scroller,2025-04-16,0.39,0.02,"gaming,sports,finance"
U02153,oliviasandoval,Gabon,33,trend_hopper,2025-12-27,0.35,0.12,"food,gaming,memes"
U02154,rickycooper,Eritrea,18,passive_scroller,2026-02-14,0.26,0.02,"fitness,sports,gaming"
U02155,angelavelasquez,Martinique,21,trend_hopper,2025-08-19,0.38,0.07,"food,fitness,anime"
U02156,owenbrandy,Argentina,34,active_engager,2025-08-06,0.63,0.18,"memes,music,gaming"
U02157,deborah32,Namibia,26,passive_scroller,2026-03-31,0.37,0.01,"food,sports,tech"
U02158,donovanseth,Luxembourg,22,active_engager,2025-10-17,0.62,0.34,"finance,memes,food"
U02159,parsonsjames,Poland,45,passive_scroller,2025-06-03,0.34,0.02,"anime,music,fitness"
U02160,shernandez,Andorra,28,passive_scroller,2026-01-28,0.19,0.05,"anime,food,gaming"
U02161,zfritz,Egypt,21,passive_scroller,2025-02-25,0.2,0.03,"anime,food,gaming"
U02162,cervantesshelly,Marshall Islands,41,binge_user,2025-05-29,0.89,0.09,"memes,finance,food"
U02163,jacqueline99,Grenada,31,active_engager,2025-05-18,0.41,0.31,"memes,sports,fitness"
U02164,millersarah,Iraq,28,binge_user,2026-04-01,0.71,0.11,"finance,memes,fitness"
U02165,caroline22,Lao People's Democratic Republic,36,trend_hopper,2025-04-08,0.51,0.08,"finance,fitness,tech"
U02166,shepherdbryan,Montserrat,29,binge_user,2025-06-16,0.8,0.1,"memes,fitness,food"
U02167,carterjeff,Italy,18,passive_scroller,2025-10-04,0.15,0.04,"gaming,fitness,music"
U02168,joseph15,Cote d'Ivoire,30,passive_scroller,2026-02-06,0.29,0.04,"gaming,memes,food"
U02169,jonestaylor,Fiji,21,passive_scroller,2025-06-04,0.19,0.02,"food,tech,memes"
U02170,pmorris,Macao,19,passive_scroller,2025-03-06,0.27,0.05,"memes,anime,sports"
U02171,hudsonsarah,Eritrea,43,binge_user,2026-03-27,0.81,0.1,"food,tech,gaming"
U02172,hunterkerry,Niue,37,trend_hopper,2025-11-14,0.33,0.06,"tech,food,fitness"
U02173,pstewart,Dominican Republic,42,passive_scroller,2025-10-10,0.29,0.04,"fitness,anime,gaming"
U02174,pcruz,Morocco,22,trend_hopper,2025-12-30,0.49,0.11,"finance,memes,gaming"
U02175,michelledawson,Saudi Arabia,38,trend_hopper,2025-09-29,0.56,0.08,"gaming,food,music"
U02176,sharon76,Andorra,22,active_engager,2025-04-09,0.47,0.26,"finance,sports,memes"
U02177,williamsjohn,Paraguay,25,passive_scroller,2026-04-12,0.18,0.03,"anime,food,tech"
U02178,dorothy40,Papua New Guinea,32,trend_hopper,2025-11-26,0.45,0.07,"anime,fitness,tech"
U02179,acostawilliam,Christmas Island,20,active_engager,2025-03-05,0.59,0.2,"fitness,memes,music"
U02180,lesliewalton,Saint Kitts and Nevis,27,trend_hopper,2026-03-16,0.32,0.06,"sports,anime,gaming"
U02181,mbrown,Hungary,23,binge_user,2025-11-12,0.72,0.12,"food,gaming,music"
U02182,matthew27,Sierra Leone,20,active_engager,2025-08-02,0.48,0.16,"finance,gaming,tech"
U02183,jacksonbeth,Mexico,20,active_engager,2025-11-14,0.57,0.28,"tech,fitness,music"
U02184,lallen,Mozambique,23,passive_scroller,2025-10-21,0.18,0.02,"tech,gaming,anime"
U02185,christinesmith,Mozambique,22,active_engager,2026-03-07,0.5,0.33,"fitness,memes,finance"
U02186,melissawashington,Niue,34,active_engager,2025-05-30,0.52,0.23,"food,finance,gaming"
U02187,samanthagonzalez,Japan,18,active_engager,2025-09-13,0.47,0.32,"tech,fitness,sports"
U02188,wperry,Burundi,38,active_engager,2025-03-11,0.68,0.19,"anime,gaming,finance"
U02189,dannybrown,Nigeria,22,passive_scroller,2025-07-22,0.14,0.02,"tech,fitness,sports"
U02190,james18,Lithuania,42,active_engager,2025-09-25,0.49,0.28,"memes,food,gaming"
U02191,coreycurtis,Isle of Man,20,binge_user,2025-10-09,0.82,0.05,"anime,tech,memes"
U02192,hannah09,Turkmenistan,19,active_engager,2025-10-11,0.67,0.22,"sports,tech,food"
U02193,woodjorge,Reunion,43,binge_user,2025-05-25,0.87,0.14,"fitness,food,music"
U02194,claytonmichelle,Morocco,43,trend_hopper,2026-04-25,0.34,0.1,"music,finance,anime"
U02195,uhunt,Falkland Islands (Malvinas),45,passive_scroller,2025-01-23,0.24,0.05,"music,food,finance"
U02196,josephfrench,Algeria,33,trend_hopper,2025-07-09,0.41,0.11,"fitness,finance,sports"
U02197,thomaskevin,Aruba,26,active_engager,2026-03-28,0.68,0.3,"music,fitness,memes"
U02198,carolynbrady,Puerto Rico,31,active_engager,2025-12-09,0.53,0.16,"fitness,anime,food"
U02199,dwhite,Trinidad and Tobago,30,binge_user,2025-07-12,0.89,0.07,"fitness,food,memes"
U02200,branchstephanie,Bermuda,35,trend_hopper,2025-08-13,0.31,0.09,"finance,sports,memes"
U02201,monica11,Bhutan,37,passive_scroller,2026-01-07,0.13,0.04,"sports,fitness,food"
U02202,hdennis,Korea,23,passive_scroller,2026-04-10,0.15,0.03,"music,sports,gaming"
U02203,tweaver,Chile,31,binge_user,2025-01-12,0.91,0.06,"food,sports,gaming"
U02204,williamsellen,Antarctica (the territory South of 60 deg S),30,passive_scroller,2025-07-29,0.28,0.02,"food,finance,gaming"
U02205,rebecca00,Botswana,41,active_engager,2026-03-15,0.65,0.19,"memes,sports,gaming"
U02206,randyboyle,Solomon Islands,41,trend_hopper,2025-01-24,0.56,0.12,"music,tech,memes"
U02207,garciajames,Sao Tome and Principe,43,trend_hopper,2025-12-10,0.32,0.06,"anime,sports,food"
U02208,christina24,Luxembourg,41,active_engager,2025-06-21,0.63,0.35,"tech,fitness,anime"
U02209,david32,Estonia,36,binge_user,2025-01-28,0.76,0.06,"memes,anime,food"
U02210,njohnson,Uganda,45,binge_user,2025-08-06,0.72,0.14,"sports,music,gaming"
U02211,shane45,Sri Lanka,31,binge_user,2025-11-22,0.86,0.07,"music,anime,finance"
U02212,bphillips,Guadeloupe,29,binge_user,2025-02-01,0.78,0.07,"food,sports,fitness"
U02213,smithleah,Solomon Islands,27,passive_scroller,2026-02-06,0.23,0.04,"tech,food,anime"
U02214,kari58,Philippines,44,trend_hopper,2026-01-04,0.55,0.05,"gaming,finance,fitness"
U02215,amberwood,Cameroon,22,passive_scroller,2025-02-27,0.15,0.02,"gaming,sports,music"
U02216,jacksoncarl,Malta,33,trend_hopper,2025-07-17,0.33,0.1,"memes,anime,finance"
U02217,maryarias,Dominica,18,active_engager,2025-02-07,0.51,0.28,"sports,food,gaming"
U02218,andre19,Palestinian Territory,29,binge_user,2025-08-22,0.96,0.12,"fitness,music,finance"
U02219,carterandrew,Palau,27,passive_scroller,2025-01-18,0.18,0.03,"tech,sports,fitness"
U02220,erik46,Czech Republic,34,passive_scroller,2025-09-28,0.19,0.03,"sports,memes,food"
U02221,nicholas14,Syrian Arab Republic,40,active_engager,2025-09-16,0.67,0.17,"fitness,food,gaming"
U02222,alexis02,Poland,34,active_engager,2026-01-18,0.46,0.16,"tech,anime,music"
U02223,daniel16,Burkina Faso,19,passive_scroller,2025-05-14,0.29,0.04,"memes,sports,finance"
U02224,jimmy83,Liechtenstein,28,active_engager,2025-06-26,0.43,0.23,"tech,anime,music"
U02225,ihicks,Azerbaijan,25,active_engager,2025-09-25,0.41,0.17,"memes,fitness,music"
U02226,williampotter,Kenya,42,active_engager,2025-07-02,0.41,0.32,"anime,fitness,food"
U02227,shawnking,Azerbaijan,36,active_engager,2025-12-04,0.63,0.22,"tech,sports,fitness"
U02228,rodriguezjoseph,Bermuda,39,passive_scroller,2025-10-19,0.31,0.03,"gaming,tech,food"
U02229,williamreyes,Georgia,34,passive_scroller,2026-02-10,0.12,0.02,"gaming,tech,sports"
U02230,kbell,Morocco,23,binge_user,2026-04-17,0.94,0.11,"sports,anime,gaming"
U02231,derek20,Anguilla,36,binge_user,2025-02-22,0.74,0.05,"tech,memes,music"
U02232,sabrinaphillips,Jamaica,41,binge_user,2025-06-16,0.72,0.05,"finance,gaming,tech"
U02233,caseytamara,Holy See (Vatican City State),19,binge_user,2025-04-15,0.96,0.07,"finance,food,tech"
U02234,huntermichael,Bermuda,44,passive_scroller,2026-03-15,0.31,0.04,"gaming,sports,finance"
U02235,kristen26,Austria,24,trend_hopper,2026-03-09,0.37,0.1,"fitness,tech,gaming"
U02236,tammymendoza,Sri Lanka,30,active_engager,2026-04-18,0.51,0.29,"music,food,sports"
U02237,kennedylisa,Greece,44,binge_user,2025-06-09,0.92,0.09,"fitness,gaming,music"
U02238,riveramargaret,United Kingdom,39,binge_user,2025-07-30,0.87,0.14,"sports,gaming,finance"
U02239,vmcdonald,Moldova,28,passive_scroller,2025-08-20,0.2,0.05,"gaming,anime,finance"
U02240,iwiley,Puerto Rico,37,passive_scroller,2025-03-02,0.26,0.03,"sports,gaming,anime"
U02241,amartinez,Brazil,35,passive_scroller,2025-01-17,0.27,0.04,"memes,fitness,music"
U02242,sandersbryan,Finland,36,binge_user,2025-02-18,0.82,0.14,"sports,finance,tech"
U02243,deleonrachel,Turks and Caicos Islands,41,trend_hopper,2025-10-30,0.36,0.12,"gaming,anime,tech"
U02244,melissa08,Zambia,31,passive_scroller,2025-07-05,0.39,0.03,"music,memes,sports"
U02245,bscott,South Africa,18,passive_scroller,2025-01-09,0.23,0.04,"music,finance,food"
U02246,prattalexandra,Dominican Republic,39,passive_scroller,2026-02-08,0.15,0.04,"anime,food,sports"
U02247,matthewhale,Argentina,31,passive_scroller,2026-01-07,0.22,0.04,"music,finance,sports"
U02248,vargasderek,Malaysia,38,active_engager,2025-10-28,0.41,0.29,"food,fitness,memes"
U02249,samuel69,New Caledonia,21,trend_hopper,2025-01-18,0.6,0.08,"finance,tech,fitness"
U02250,castillojennifer,Moldova,28,active_engager,2025-07-26,0.6,0.17,"fitness,sports,food"
U02251,blake60,Vietnam,40,trend_hopper,2025-03-29,0.58,0.06,"anime,music,memes"
U02252,elainehall,Qatar,30,trend_hopper,2025-10-15,0.4,0.06,"music,tech,sports"
U02253,sarahpeck,Eritrea,44,passive_scroller,2025-10-21,0.26,0.04,"tech,anime,fitness"
U02254,christian52,Rwanda,30,active_engager,2025-03-23,0.69,0.29,"gaming,food,tech"
U02255,brandon23,British Indian Ocean Territory (Chagos Archipelago),26,active_engager,2025-07-24,0.45,0.3,"finance,tech,anime"
U02256,jeffreyjones,North Macedonia,34,trend_hopper,2025-01-11,0.43,0.1,"fitness,gaming,memes"
U02257,gdonovan,Mozambique,42,passive_scroller,2025-04-01,0.17,0.02,"anime,finance,fitness"
U02258,qbarker,Bulgaria,41,passive_scroller,2025-06-03,0.11,0.02,"tech,memes,food"
U02259,lrios,Pitcairn Islands,32,trend_hopper,2025-06-09,0.34,0.08,"finance,food,memes"
U02260,browndana,American Samoa,35,passive_scroller,2025-09-27,0.33,0.02,"anime,tech,finance"
U02261,jessica70,Jordan,29,passive_scroller,2025-04-17,0.16,0.03,"sports,finance,anime"
U02262,bradleyallen,Zimbabwe,21,active_engager,2025-06-28,0.62,0.16,"anime,music,finance"
U02263,rushmichael,Yemen,38,passive_scroller,2026-03-24,0.13,0.01,"fitness,memes,food"
U02264,nlong,Finland,29,active_engager,2025-07-13,0.57,0.28,"food,music,gaming"
U02265,velezellen,Dominica,26,binge_user,2025-05-16,0.86,0.13,"fitness,anime,music"
U02266,lunajonathan,Samoa,21,active_engager,2025-12-05,0.6,0.28,"food,memes,finance"
U02267,ashleymurray,Niger,32,active_engager,2026-04-04,0.69,0.3,"tech,sports,gaming"
U02268,shawdaniel,Christmas Island,19,passive_scroller,2025-03-06,0.27,0.05,"fitness,memes,finance"
U02269,mckaybrittany,Saint Lucia,44,active_engager,2025-11-04,0.61,0.32,"music,tech,anime"
U02270,brianna67,Iraq,37,active_engager,2025-01-11,0.66,0.2,"memes,gaming,sports"
U02271,sandra22,Brunei Darussalam,31,active_engager,2025-12-31,0.55,0.23,"music,fitness,gaming"
U02272,willieryan,Falkland Islands (Malvinas),19,trend_hopper,2025-12-20,0.56,0.1,"anime,gaming,fitness"
U02273,kellybianca,Swaziland,44,active_engager,2025-06-20,0.64,0.16,"anime,sports,gaming"
U02274,neil37,Greenland,39,active_engager,2026-02-03,0.49,0.25,"sports,tech,finance"
U02275,amymiller,China,29,trend_hopper,2025-06-04,0.56,0.12,"anime,finance,memes"
U02276,xwest,Barbados,37,active_engager,2026-01-21,0.52,0.22,"tech,anime,fitness"
U02277,xmorse,North Macedonia,39,active_engager,2025-11-18,0.52,0.27,"memes,food,tech"
U02278,mramirez,Italy,32,active_engager,2025-05-28,0.57,0.33,"gaming,sports,food"
U02279,brandonburnett,Rwanda,38,trend_hopper,2025-05-06,0.34,0.1,"anime,food,gaming"
U02280,zjones,Maldives,33,trend_hopper,2025-01-21,0.4,0.06,"food,anime,memes"
U02281,zsparks,Heard Island and McDonald Islands,21,passive_scroller,2025-06-22,0.29,0.02,"memes,fitness,gaming"
U02282,eugene81,Saint Lucia,44,binge_user,2025-11-01,0.98,0.09,"anime,fitness,finance"
U02283,leejacob,Svalbard & Jan Mayen Islands,35,passive_scroller,2025-02-16,0.33,0.03,"sports,anime,music"
U02284,harrisalbert,Saint Barthelemy,23,active_engager,2025-03-27,0.49,0.21,"fitness,memes,gaming"
U02285,shelby20,Mayotte,37,active_engager,2025-09-07,0.67,0.16,"anime,sports,tech"
U02286,ballkathryn,China,26,active_engager,2025-12-18,0.55,0.17,"gaming,memes,finance"
U02287,rodriguezlisa,Lebanon,36,passive_scroller,2025-07-13,0.32,0.04,"anime,gaming,tech"
U02288,qchase,Greece,40,binge_user,2025-08-20,0.9,0.1,"sports,anime,memes"
U02289,thomasparks,Central African Republic,27,active_engager,2025-03-24,0.68,0.16,"fitness,tech,gaming"
U02290,kgarcia,Belgium,33,passive_scroller,2025-04-22,0.18,0.03,"music,sports,anime"
U02291,rachellong,Eritrea,20,trend_hopper,2025-12-01,0.31,0.1,"anime,food,fitness"
U02292,rothtracey,Afghanistan,30,passive_scroller,2025-09-30,0.1,0.03,"food,tech,fitness"
U02293,marc89,Faroe Islands,39,binge_user,2025-03-27,0.71,0.1,"food,tech,fitness"
U02294,sandra02,Oman,22,passive_scroller,2025-12-02,0.29,0.04,"gaming,tech,music"
U02295,eric42,Marshall Islands,44,trend_hopper,2025-12-20,0.52,0.05,"food,gaming,tech"
U02296,joshuataylor,Christmas Island,34,binge_user,2025-10-27,0.74,0.06,"memes,fitness,tech"
U02297,lwebb,Western Sahara,43,passive_scroller,2025-08-22,0.24,0.03,"anime,finance,memes"
U02298,fletcherhoward,Micronesia,22,trend_hopper,2025-07-07,0.36,0.07,"gaming,anime,sports"
U02299,hjames,Australia,27,passive_scroller,2025-11-20,0.23,0.03,"tech,food,finance"
U02300,doylepatrick,Bhutan,35,active_engager,2026-04-14,0.57,0.31,"tech,food,fitness"
U02301,katelyn25,United States of America,24,active_engager,2025-05-20,0.68,0.16,"fitness,memes,sports"
U02302,michaelharrington,Iceland,41,active_engager,2026-01-31,0.62,0.29,"gaming,fitness,sports"
U02303,moorekathy,Puerto Rico,44,binge_user,2026-01-04,0.84,0.07,"food,anime,fitness"
U02304,debrajohnson,Australia,36,trend_hopper,2025-01-21,0.4,0.07,"anime,gaming,fitness"
U02305,erikbarton,Syrian Arab Republic,32,active_engager,2025-12-10,0.52,0.23,"memes,gaming,food"
U02306,william77,Peru,43,passive_scroller,2025-09-01,0.33,0.03,"fitness,sports,tech"
U02307,darrell29,Turkey,40,trend_hopper,2026-01-25,0.43,0.09,"memes,fitness,finance"
U02308,jacobhoffman,Cote d'Ivoire,41,trend_hopper,2025-03-31,0.5,0.09,"fitness,tech,food"
U02309,daniel99,India,30,passive_scroller,2026-05-01,0.12,0.03,"fitness,memes,finance"
U02310,james87,Cuba,37,passive_scroller,2025-11-08,0.19,0.02,"fitness,memes,food"
U02311,lisa10,Ireland,35,trend_hopper,2025-05-08,0.37,0.07,"anime,sports,gaming"
U02312,joseph09,Guam,42,trend_hopper,2025-11-14,0.4,0.11,"sports,tech,memes"
U02313,qreyes,Canada,41,passive_scroller,2025-10-20,0.39,0.01,"music,food,memes"
U02314,harveyphillip,Tanzania,30,trend_hopper,2025-09-04,0.58,0.07,"gaming,memes,fitness"
U02315,pamela67,Montenegro,42,active_engager,2025-03-13,0.45,0.17,"sports,finance,tech"
U02316,gordondavid,Venezuela,37,active_engager,2025-11-26,0.63,0.29,"memes,music,tech"
U02317,teresajones,Liechtenstein,40,binge_user,2025-10-13,0.72,0.1,"fitness,gaming,sports"
U02318,anthonylove,Jamaica,27,passive_scroller,2025-04-20,0.11,0.02,"tech,music,fitness"
U02319,katherinemyers,Hungary,37,active_engager,2026-01-26,0.41,0.31,"memes,tech,sports"
U02320,kenneth88,Falkland Islands (Malvinas),34,passive_scroller,2026-01-18,0.34,0.03,"food,fitness,sports"
U02321,eric50,Costa Rica,24,binge_user,2026-03-06,0.83,0.08,"sports,memes,finance"
U02322,edwarddalton,Micronesia,25,passive_scroller,2025-08-01,0.23,0.02,"anime,gaming,food"
U02323,jdurham,Guernsey,19,active_engager,2025-01-29,0.68,0.34,"sports,memes,finance"
U02324,thomas26,Northern Mariana Islands,19,binge_user,2025-09-30,0.96,0.11,"fitness,anime,memes"
U02325,cherylmartin,French Polynesia,25,active_engager,2025-05-05,0.43,0.18,"tech,music,anime"
U02326,clarkdan,Taiwan,32,binge_user,2026-04-02,0.83,0.12,"sports,gaming,music"
U02327,jenkinsnicholas,Turkmenistan,26,trend_hopper,2025-06-19,0.4,0.05,"fitness,anime,tech"
U02328,zachary42,Guyana,26,trend_hopper,2025-01-24,0.46,0.11,"fitness,memes,anime"
U02329,ronaldlopez,San Marino,25,trend_hopper,2025-05-18,0.57,0.08,"memes,finance,tech"
U02330,powerskenneth,Cayman Islands,43,binge_user,2025-05-06,0.79,0.13,"memes,anime,tech"
U02331,daniel07,Norfolk Island,32,trend_hopper,2026-02-20,0.45,0.12,"music,gaming,anime"
U02332,elizabethgonzalez,Uruguay,35,trend_hopper,2025-10-26,0.43,0.08,"fitness,gaming,tech"
U02333,ashley30,Kiribati,43,passive_scroller,2026-03-23,0.23,0.03,"food,anime,music"
U02334,perezshane,Cocos (Keeling) Islands,45,trend_hopper,2025-06-02,0.33,0.1,"gaming,anime,food"
U02335,carterjoe,Antarctica (the territory South of 60 deg S),30,active_engager,2025-01-01,0.69,0.25,"memes,sports,music"
U02336,richardwade,Belarus,25,trend_hopper,2025-07-17,0.5,0.07,"music,fitness,memes"
U02337,sara20,Niger,25,binge_user,2026-02-16,0.82,0.15,"gaming,music,sports"
U02338,obrown,Netherlands Antilles,27,active_engager,2025-06-07,0.4,0.28,"food,gaming,finance"
U02339,aguilarvalerie,Gibraltar,43,active_engager,2025-07-21,0.67,0.24,"gaming,finance,memes"
U02340,twhite,Saint Pierre and Miquelon,38,passive_scroller,2025-10-14,0.19,0.02,"memes,gaming,tech"
U02341,fieldskatherine,Oman,41,passive_scroller,2025-12-30,0.3,0.02,"finance,sports,food"
U02342,shannonsimmons,Saint Martin,19,binge_user,2026-01-15,0.95,0.08,"tech,food,anime"
U02343,esmith,Gabon,33,trend_hopper,2025-09-09,0.44,0.07,"music,fitness,anime"
U02344,snyderrobert,Belgium,21,active_engager,2025-09-06,0.67,0.3,"fitness,tech,anime"
U02345,douglaswilliam,Kenya,20,active_engager,2026-02-05,0.6,0.34,"finance,sports,fitness"
U02346,nancy80,Aruba,24,active_engager,2025-12-15,0.65,0.33,"finance,memes,tech"
U02347,danacordova,Yemen,21,passive_scroller,2026-01-15,0.27,0.02,"finance,music,fitness"
U02348,mcdowellsandra,Romania,45,active_engager,2025-10-16,0.68,0.24,"gaming,sports,tech"
U02349,wellsjessica,French Guiana,19,active_engager,2026-03-05,0.59,0.23,"tech,food,gaming"
U02350,tristan96,Pitcairn Islands,38,passive_scroller,2025-12-22,0.29,0.02,"fitness,sports,food"
U02351,gjones,Barbados,32,binge_user,2025-02-12,0.97,0.14,"tech,gaming,food"
U02352,lblake,Barbados,45,trend_hopper,2025-10-25,0.35,0.09,"tech,food,anime"
U02353,trevor28,Chad,35,binge_user,2025-02-10,0.76,0.06,"fitness,sports,memes"
U02354,hperry,Samoa,25,trend_hopper,2026-02-23,0.43,0.1,"sports,finance,anime"
U02355,thomas12,Seychelles,22,passive_scroller,2026-01-26,0.17,0.02,"anime,sports,memes"
U02356,hlittle,Uganda,35,binge_user,2025-07-15,0.83,0.08,"memes,finance,food"
U02357,brentbrown,British Virgin Islands,44,binge_user,2025-01-20,0.79,0.14,"fitness,anime,finance"
U02358,sheriwebb,Dominica,44,passive_scroller,2025-11-10,0.29,0.04,"music,anime,finance"
U02359,michaelstrong,Spain,38,active_engager,2025-08-14,0.45,0.16,"tech,fitness,anime"
U02360,lori05,Albania,27,passive_scroller,2025-12-10,0.14,0.04,"gaming,tech,food"
U02361,hernandezjeff,Svalbard & Jan Mayen Islands,43,trend_hopper,2025-05-25,0.52,0.1,"sports,gaming,anime"
U02362,carrollzachary,Cuba,40,binge_user,2025-08-24,0.99,0.08,"sports,anime,gaming"
U02363,sanchezdaniel,Norfolk Island,45,passive_scroller,2026-03-13,0.14,0.02,"sports,food,fitness"
U02364,gstone,United Kingdom,18,binge_user,2025-04-28,0.87,0.14,"anime,finance,food"
U02365,reneeoconnor,Seychelles,29,active_engager,2025-03-03,0.65,0.32,"tech,music,finance"
U02366,randy28,United States Virgin Islands,20,binge_user,2026-04-22,0.79,0.08,"fitness,music,food"
U02367,brandon72,Mexico,45,active_engager,2025-04-30,0.69,0.3,"memes,sports,food"
U02368,david43,Cote d'Ivoire,29,passive_scroller,2026-04-14,0.28,0.02,"fitness,finance,sports"
U02369,wmoore,Brazil,35,binge_user,2026-04-20,0.96,0.08,"finance,music,gaming"
U02370,mcconnellsamuel,Tanzania,32,binge_user,2025-04-06,0.99,0.06,"anime,food,gaming"
U02371,nicolegray,Iraq,43,passive_scroller,2025-12-13,0.29,0.02,"gaming,memes,sports"
U02372,bryantcurtis,Liberia,39,binge_user,2025-06-25,0.78,0.11,"sports,music,fitness"
U02373,laneamber,Monaco,33,active_engager,2025-04-22,0.67,0.24,"gaming,sports,food"
U02374,cruzjennifer,South Africa,22,passive_scroller,2026-03-25,0.29,0.03,"tech,memes,sports"
U02375,skinnerkim,Saint Helena,43,binge_user,2026-02-09,0.86,0.13,"fitness,tech,memes"
U02376,uharper,Yemen,31,trend_hopper,2025-07-31,0.55,0.1,"fitness,food,sports"
U02377,taylorelizabeth,Macao,30,trend_hopper,2025-11-19,0.42,0.06,"finance,fitness,memes"
U02378,cameron95,Senegal,26,binge_user,2026-04-30,0.95,0.13,"sports,anime,tech"
U02379,johnwise,Moldova,43,active_engager,2025-08-16,0.51,0.15,"finance,sports,anime"
U02380,parkthomas,Estonia,22,trend_hopper,2025-11-10,0.55,0.09,"sports,anime,food"
U02381,grantmark,Bulgaria,20,passive_scroller,2025-10-27,0.35,0.03,"tech,sports,finance"
U02382,oburnett,Latvia,28,passive_scroller,2025-04-15,0.1,0.03,"memes,music,finance"
U02383,deborah83,Hong Kong,27,trend_hopper,2025-05-26,0.33,0.11,"food,anime,tech"
U02384,cgallegos,Nepal,37,passive_scroller,2025-05-23,0.11,0.05,"anime,finance,food"
U02385,wgarcia,Angola,25,binge_user,2025-10-10,0.72,0.08,"anime,tech,gaming"
U02386,matthewhenderson,Bhutan,34,trend_hopper,2026-01-09,0.31,0.06,"fitness,gaming,sports"
U02387,vcallahan,Gabon,25,passive_scroller,2026-01-18,0.1,0.02,"anime,music,tech"
U02388,johnscott,United States Virgin Islands,28,trend_hopper,2026-04-06,0.37,0.06,"finance,anime,memes"
U02389,fshepard,Saint Helena,20,active_engager,2025-09-12,0.51,0.3,"memes,tech,sports"
U02390,morgan48,Andorra,26,passive_scroller,2026-04-08,0.13,0.04,"gaming,music,memes"
U02391,dustinsharp,Kuwait,33,binge_user,2025-11-28,0.83,0.06,"fitness,gaming,music"
U02392,johnsonlindsey,Ghana,33,trend_hopper,2025-07-31,0.32,0.11,"memes,fitness,tech"
U02393,gibbsscott,Ethiopia,22,active_engager,2026-01-15,0.59,0.18,"sports,music,gaming"
U02394,rachaelhicks,Djibouti,23,passive_scroller,2025-09-18,0.37,0.04,"finance,anime,food"
U02395,barrettkatie,Singapore,33,passive_scroller,2025-10-05,0.36,0.04,"sports,food,finance"
U02396,jackjenkins,Luxembourg,45,binge_user,2025-10-15,0.72,0.14,"finance,food,anime"
U02397,eallen,Tajikistan,33,passive_scroller,2025-09-11,0.33,0.04,"gaming,music,finance"
U02398,perkinsisabel,Chile,41,trend_hopper,2025-04-07,0.55,0.12,"finance,music,anime"
U02399,cristina20,Zambia,34,trend_hopper,2025-06-16,0.34,0.09,"anime,gaming,food"
U02400,daniel10,Syrian Arab Republic,19,active_engager,2025-05-09,0.61,0.27,"music,gaming,fitness"
U02401,martinezdavid,Belarus,38,binge_user,2025-02-22,0.98,0.1,"gaming,food,music"
U02402,joshuabell,Tajikistan,40,trend_hopper,2025-03-26,0.36,0.08,"music,anime,finance"
U02403,marcia01,Saint Helena,31,binge_user,2025-05-03,0.78,0.13,"food,anime,gaming"
U02404,nmorris,Turkey,43,binge_user,2025-07-13,0.85,0.14,"music,anime,memes"
U02405,walkerbradley,Austria,34,trend_hopper,2025-02-16,0.45,0.05,"anime,gaming,music"
U02406,turnermiguel,China,30,active_engager,2026-02-19,0.64,0.33,"finance,anime,music"
U02407,harperkelly,Bulgaria,19,passive_scroller,2025-02-13,0.18,0.02,"sports,memes,gaming"
U02408,crystal33,Somalia,24,passive_scroller,2026-01-11,0.21,0.03,"sports,memes,gaming"
U02409,whiteelizabeth,France,36,passive_scroller,2025-05-22,0.38,0.04,"finance,anime,music"
U02410,sheparddaniel,Peru,35,trend_hopper,2025-03-09,0.31,0.1,"music,anime,sports"
U02411,walkeraustin,Wallis and Futuna,37,active_engager,2025-09-26,0.58,0.32,"anime,finance,music"
U02412,tbernard,Morocco,23,passive_scroller,2026-01-18,0.17,0.01,"anime,gaming,music"
U02413,brianmurray,Western Sahara,42,binge_user,2025-07-10,0.99,0.14,"memes,music,food"
U02414,kimberly77,Saint Vincent and the Grenadines,25,active_engager,2026-05-01,0.51,0.31,"music,fitness,sports"
U02415,nlucero,Central African Republic,26,trend_hopper,2025-01-27,0.44,0.1,"finance,memes,music"
U02416,reevessara,Moldova,43,trend_hopper,2025-06-26,0.4,0.05,"food,music,fitness"
U02417,jnavarro,Wallis and Futuna,18,passive_scroller,2025-12-26,0.13,0.02,"tech,food,memes"
U02418,basssharon,Cook Islands,25,binge_user,2025-11-07,0.9,0.07,"fitness,gaming,sports"
U02419,ryan86,Cote d'Ivoire,38,passive_scroller,2025-03-01,0.14,0.05,"sports,tech,music"
U02420,john46,Nauru,29,trend_hopper,2026-03-09,0.54,0.08,"finance,sports,tech"
U02421,ricardo50,Pitcairn Islands,43,passive_scroller,2025-09-23,0.1,0.05,"gaming,sports,tech"
U02422,smithleslie,Mauritania,41,passive_scroller,2025-07-29,0.17,0.05,"fitness,sports,food"
U02423,haysmelissa,Micronesia,28,passive_scroller,2026-04-16,0.36,0.04,"tech,gaming,finance"
U02424,dianetodd,Croatia,28,binge_user,2025-11-03,0.96,0.13,"memes,anime,gaming"
U02425,teresaconley,United States of America,25,active_engager,2026-03-30,0.55,0.22,"music,memes,finance"
U02426,rodriguezmichael,Vanuatu,34,active_engager,2025-03-17,0.4,0.34,"memes,food,gaming"
U02427,richard67,Singapore,24,trend_hopper,2026-04-16,0.52,0.06,"tech,music,fitness"
U02428,mikepage,Wallis and Futuna,34,binge_user,2025-10-17,0.96,0.07,"finance,anime,fitness"
U02429,george93,Guernsey,23,binge_user,2025-07-29,0.91,0.11,"tech,gaming,fitness"
U02430,shawsherry,Israel,40,active_engager,2025-12-23,0.41,0.23,"tech,sports,memes"
U02431,devon34,Croatia,29,active_engager,2025-03-17,0.53,0.21,"finance,memes,fitness"
U02432,jacquelinefarrell,Nicaragua,21,active_engager,2025-07-14,0.57,0.21,"anime,fitness,music"
U02433,mbrady,Maldives,32,active_engager,2026-03-28,0.42,0.27,"finance,tech,music"
U02434,collierrhonda,Turkmenistan,32,active_engager,2025-01-10,0.4,0.21,"food,music,fitness"
U02435,kaitlyn36,Papua New Guinea,23,active_engager,2025-06-08,0.46,0.34,"food,music,anime"
U02436,devinwatson,Hungary,42,active_engager,2026-01-31,0.5,0.21,"gaming,fitness,memes"
U02437,jacobsmichelle,Fiji,40,active_engager,2025-10-13,0.58,0.21,"food,gaming,fitness"
U02438,kathryn60,Bermuda,31,binge_user,2025-10-05,1.0,0.14,"memes,fitness,sports"
U02439,william98,Barbados,18,active_engager,2025-10-09,0.57,0.32,"memes,tech,food"
U02440,sara06,Andorra,35,passive_scroller,2026-03-18,0.11,0.03,"memes,anime,sports"
U02441,mckaykelly,Grenada,41,trend_hopper,2025-11-09,0.4,0.08,"anime,finance,sports"
U02442,jessicamccullough,Montenegro,38,passive_scroller,2026-02-19,0.27,0.04,"memes,anime,food"
U02443,fbray,Mali,19,passive_scroller,2026-03-27,0.15,0.03,"fitness,food,memes"
U02444,micheleortiz,Timor-Leste,32,binge_user,2026-03-11,0.85,0.07,"music,gaming,sports"
U02445,anthonybrewer,United Kingdom,29,trend_hopper,2025-03-11,0.49,0.12,"anime,music,finance"
U02446,awallace,Montenegro,23,binge_user,2026-04-08,0.71,0.05,"music,memes,gaming"
U02447,sean25,Myanmar,36,active_engager,2026-03-08,0.5,0.21,"food,gaming,anime"
U02448,pamela76,Holy See (Vatican City State),30,active_engager,2025-11-09,0.55,0.22,"food,tech,gaming"
U02449,butlerjesus,Zimbabwe,32,passive_scroller,2025-06-04,0.29,0.04,"anime,gaming,fitness"
U02450,brennanbrandon,Equatorial Guinea,18,binge_user,2025-06-17,0.84,0.06,"sports,finance,fitness"
U02451,miguel06,Guinea,21,binge_user,2026-02-04,0.9,0.14,"memes,sports,finance"
U02452,snowjessica,Suriname,29,binge_user,2025-05-01,0.99,0.14,"fitness,memes,food"
U02453,dstone,Bermuda,32,active_engager,2025-12-26,0.68,0.2,"memes,fitness,music"
U02454,gordonkeith,Antigua and Barbuda,35,passive_scroller,2025-02-09,0.13,0.05,"sports,music,anime"
U02455,uyoung,Kenya,27,passive_scroller,2025-05-27,0.36,0.01,"sports,gaming,anime"
U02456,jenniferjohnson,Cyprus,40,trend_hopper,2026-01-28,0.42,0.11,"music,food,finance"
U02457,jeffmurray,Azerbaijan,25,passive_scroller,2025-11-10,0.16,0.02,"tech,memes,sports"
U02458,mdavis,Marshall Islands,34,active_engager,2026-01-22,0.62,0.3,"tech,fitness,finance"
U02459,amberyoung,Slovenia,22,trend_hopper,2025-04-24,0.35,0.12,"anime,tech,finance"
U02460,deleontracy,Uganda,30,binge_user,2025-03-22,0.84,0.07,"tech,gaming,fitness"
U02461,colin02,Isle of Man,34,binge_user,2025-11-24,0.73,0.06,"finance,gaming,music"
U02462,jacquelinewood,Ecuador,28,active_engager,2025-12-22,0.55,0.21,"memes,anime,music"
U02463,harrisonbradley,Pakistan,27,active_engager,2025-05-08,0.43,0.27,"finance,anime,sports"
U02464,leeaudrey,Micronesia,26,binge_user,2025-05-13,0.97,0.13,"fitness,memes,sports"
U02465,joshua92,Saint Lucia,36,passive_scroller,2025-04-19,0.33,0.02,"finance,sports,music"
U02466,randallfry,Saint Pierre and Miquelon,29,passive_scroller,2025-05-03,0.11,0.02,"anime,tech,gaming"
U02467,timothy54,Cyprus,26,binge_user,2025-10-08,0.82,0.14,"gaming,tech,memes"
U02468,dgardner,San Marino,34,passive_scroller,2025-07-27,0.12,0.03,"music,anime,finance"
U02469,paige84,Equatorial Guinea,31,passive_scroller,2026-03-26,0.34,0.02,"finance,sports,memes"
U02470,sarah10,Mauritania,27,passive_scroller,2026-04-11,0.39,0.02,"tech,music,memes"
U02471,amoore,Pitcairn Islands,27,trend_hopper,2025-01-19,0.45,0.1,"tech,fitness,anime"
U02472,david00,Antarctica (the territory South of 60 deg S),45,passive_scroller,2025-11-26,0.29,0.05,"anime,finance,fitness"
U02473,mdavis,Sri Lanka,35,active_engager,2025-11-27,0.42,0.3,"memes,tech,music"
U02474,anthonycastaneda,Paraguay,35,active_engager,2025-11-17,0.53,0.28,"fitness,memes,music"
U02475,kmack,Belize,34,passive_scroller,2025-12-09,0.31,0.02,"anime,gaming,music"
U02476,whitney75,Cayman Islands,29,binge_user,2025-04-02,0.8,0.06,"tech,anime,sports"
U02477,isabella13,Rwanda,33,trend_hopper,2026-03-11,0.4,0.11,"gaming,sports,memes"
U02478,acain,Cayman Islands,19,passive_scroller,2025-01-30,0.25,0.05,"anime,music,fitness"
U02479,qgarza,Costa Rica,23,passive_scroller,2026-03-17,0.29,0.02,"music,sports,fitness"
U02480,zhall,British Virgin Islands,21,passive_scroller,2025-07-22,0.23,0.04,"anime,fitness,music"
U02481,nicolewaller,Ghana,28,passive_scroller,2025-07-06,0.39,0.01,"fitness,gaming,anime"
U02482,fordterri,Sierra Leone,35,trend_hopper,2025-04-01,0.33,0.07,"music,tech,anime"
U02483,jamessuzanne,Saint Kitts and Nevis,40,passive_scroller,2026-03-18,0.28,0.04,"sports,gaming,finance"
U02484,diazmichael,Saint Kitts and Nevis,44,active_engager,2026-02-24,0.45,0.15,"finance,anime,music"
U02485,gjones,Saint Helena,43,passive_scroller,2025-03-30,0.36,0.05,"music,memes,sports"
U02486,lgood,Sudan,30,active_engager,2025-01-17,0.62,0.2,"fitness,sports,gaming"
U02487,wtorres,San Marino,22,active_engager,2026-01-25,0.5,0.17,"music,sports,finance"
U02488,emonroe,British Indian Ocean Territory (Chagos Archipelago),30,binge_user,2026-02-24,0.93,0.15,"sports,tech,fitness"
U02489,williambarnes,Falkland Islands (Malvinas),25,binge_user,2026-01-28,0.91,0.09,"music,gaming,food"
U02490,brownpaul,Guinea,18,binge_user,2025-03-29,0.7,0.13,"sports,music,finance"
U02491,raymond42,South Georgia and the South Sandwich Islands,37,binge_user,2025-02-09,0.78,0.1,"finance,sports,food"
U02492,steven48,Sierra Leone,33,active_engager,2025-03-31,0.61,0.16,"fitness,sports,food"
U02493,martinmark,Trinidad and Tobago,37,passive_scroller,2025-03-28,0.18,0.04,"gaming,memes,food"
U02494,brian19,Guam,37,passive_scroller,2025-03-03,0.4,0.02,"food,gaming,anime"
U02495,crojas,Vanuatu,37,binge_user,2025-10-11,0.96,0.11,"sports,anime,music"
U02496,spencerjenna,Georgia,38,active_engager,2025-12-02,0.49,0.2,"gaming,finance,tech"
U02497,warnernathan,Korea,36,binge_user,2026-03-08,0.94,0.12,"finance,gaming,food"
U02498,annettegreene,Isle of Man,42,passive_scroller,2026-01-05,0.23,0.02,"memes,anime,sports"
U02499,mcmillantara,North Macedonia,41,binge_user,2026-03-28,0.73,0.1,"gaming,anime,sports"
U02500,jasonshepherd,Lebanon,27,active_engager,2026-02-02,0.44,0.2,"memes,gaming,food"
U02501,joshuaharrington,Sao Tome and Principe,43,active_engager,2026-04-10,0.55,0.15,"music,sports,tech"
U02502,danieljohnson,Central African Republic,36,active_engager,2025-02-02,0.51,0.25,"gaming,tech,food"
U02503,arnoldtanner,Senegal,45,passive_scroller,2025-08-04,0.3,0.04,"food,fitness,finance"
U02504,bob71,Christmas Island,40,binge_user,2026-02-21,0.71,0.1,"sports,finance,fitness"
U02505,dmartin,Albania,19,trend_hopper,2026-01-08,0.45,0.05,"gaming,fitness,tech"
U02506,kristin75,Ecuador,22,trend_hopper,2025-08-07,0.34,0.08,"memes,music,gaming"
U02507,john25,Burundi,35,active_engager,2025-10-13,0.57,0.27,"music,finance,sports"
U02508,robert28,Timor-Leste,37,active_engager,2025-09-04,0.44,0.19,"food,anime,sports"
U02509,jeffrey09,Mayotte,25,trend_hopper,2025-04-10,0.43,0.1,"food,sports,gaming"
U02510,kathryn99,Uganda,29,active_engager,2025-12-26,0.61,0.31,"fitness,music,anime"
U02511,austinjennifer,Turkey,34,passive_scroller,2025-07-01,0.31,0.03,"gaming,anime,sports"
U02512,growland,Palestinian Territory,20,binge_user,2025-05-18,0.85,0.1,"sports,food,finance"
U02513,wendy86,Montenegro,41,trend_hopper,2026-02-01,0.45,0.11,"sports,memes,gaming"
U02514,romeromark,Ukraine,42,passive_scroller,2025-01-06,0.32,0.05,"gaming,tech,anime"
U02515,tapiapamela,Reunion,34,passive_scroller,2025-04-07,0.25,0.05,"fitness,food,memes"
U02516,meadowsdaniel,Nauru,28,active_engager,2025-02-09,0.54,0.34,"food,gaming,sports"
U02517,maddenjulie,Turks and Caicos Islands,27,active_engager,2025-11-01,0.5,0.28,"music,finance,memes"
U02518,valerie01,Burundi,26,passive_scroller,2025-03-11,0.33,0.03,"music,anime,fitness"
U02519,toddcasey,Korea,29,binge_user,2026-01-24,0.85,0.14,"gaming,fitness,tech"
U02520,courtney81,Seychelles,43,binge_user,2025-08-30,0.83,0.05,"finance,food,tech"
U02521,tinabooker,Nauru,32,active_engager,2025-05-28,0.53,0.17,"music,finance,food"
U02522,alexis34,Botswana,39,binge_user,2025-07-09,0.91,0.13,"food,gaming,music"
U02523,harrischristopher,Cayman Islands,45,passive_scroller,2025-12-21,0.13,0.03,"memes,sports,food"
U02524,michellequinn,South Georgia and the South Sandwich Islands,37,active_engager,2025-03-09,0.52,0.24,"sports,music,finance"
U02525,meyermichael,Saint Barthelemy,29,active_engager,2025-11-09,0.66,0.32,"anime,music,gaming"
U02526,brendarodriguez,Papua New Guinea,42,active_engager,2025-08-01,0.58,0.3,"finance,gaming,anime"
U02527,yatesrobert,Palau,25,active_engager,2025-04-19,0.41,0.29,"sports,food,music"
U02528,heidifinley,Ecuador,43,trend_hopper,2025-12-13,0.47,0.06,"finance,memes,sports"
U02529,davisamy,Mauritania,18,binge_user,2026-01-27,0.73,0.08,"sports,tech,gaming"
U02530,cespinoza,Guatemala,28,binge_user,2025-08-30,0.77,0.08,"music,tech,fitness"
U02531,leahallen,Georgia,45,passive_scroller,2025-11-24,0.14,0.03,"finance,sports,anime"
U02532,david90,Saint Vincent and the Grenadines,35,trend_hopper,2025-11-20,0.36,0.09,"gaming,sports,food"
U02533,valenzuelamatthew,Moldova,30,passive_scroller,2025-03-31,0.18,0.03,"tech,sports,finance"
U02534,johnsoneddie,Saudi Arabia,41,active_engager,2025-03-29,0.56,0.26,"tech,sports,anime"
U02535,rdixon,Chile,39,passive_scroller,2025-04-02,0.14,0.01,"sports,food,anime"
U02536,robertroberts,Croatia,23,binge_user,2025-05-18,0.89,0.06,"memes,gaming,food"
U02537,kathyross,Latvia,30,active_engager,2025-10-18,0.63,0.34,"food,tech,memes"
U02538,vturner,Guinea-Bissau,29,binge_user,2025-03-09,0.97,0.05,"gaming,tech,anime"
U02539,solsen,Pitcairn Islands,44,passive_scroller,2025-05-11,0.24,0.04,"food,anime,gaming"
U02540,christophermills,Chile,33,active_engager,2025-02-26,0.54,0.22,"gaming,fitness,anime"
U02541,josephgrant,Norfolk Island,22,trend_hopper,2026-04-20,0.39,0.12,"memes,sports,anime"
U02542,smithdonna,Barbados,20,active_engager,2026-01-06,0.6,0.29,"anime,tech,music"
U02543,zowens,Monaco,26,binge_user,2025-07-26,0.9,0.07,"music,anime,sports"
U02544,imoore,Antarctica (the territory South of 60 deg S),32,trend_hopper,2026-02-23,0.36,0.08,"sports,anime,food"
U02545,gloverdaniel,Senegal,42,binge_user,2025-10-22,0.93,0.13,"food,finance,gaming"
U02546,vanessa48,Fiji,43,active_engager,2025-04-22,0.58,0.22,"finance,fitness,food"
U02547,jeffreytucker,Taiwan,42,passive_scroller,2025-10-20,0.17,0.02,"music,food,tech"
U02548,erinmooney,Nigeria,45,active_engager,2025-12-03,0.65,0.19,"tech,food,memes"
U02549,haleypotter,Malaysia,24,passive_scroller,2026-01-05,0.12,0.03,"tech,music,anime"
U02550,marytanner,Zimbabwe,19,binge_user,2026-04-29,0.72,0.07,"fitness,gaming,sports"
U02551,kcooke,Grenada,28,active_engager,2026-01-14,0.65,0.27,"finance,gaming,food"
U02552,kimberlytrujillo,Uzbekistan,45,trend_hopper,2025-01-25,0.51,0.06,"food,gaming,memes"
U02553,richardwade,Bulgaria,37,trend_hopper,2025-01-03,0.4,0.06,"tech,anime,finance"
U02554,ygarcia,Seychelles,26,active_engager,2026-03-14,0.5,0.27,"anime,memes,finance"
U02555,denisewatts,Kenya,35,passive_scroller,2025-04-11,0.38,0.03,"fitness,sports,tech"
U02556,marktaylor,Fiji,39,trend_hopper,2025-05-31,0.46,0.05,"gaming,tech,anime"
U02557,angel72,Bermuda,44,active_engager,2025-12-01,0.64,0.24,"music,food,fitness"
U02558,christophermoore,Niue,41,passive_scroller,2025-08-25,0.11,0.05,"food,gaming,sports"
U02559,murraykevin,Netherlands,41,trend_hopper,2025-09-02,0.39,0.09,"anime,food,fitness"
U02560,barkerdustin,New Zealand,34,active_engager,2025-01-14,0.67,0.34,"anime,finance,sports"
U02561,medinacatherine,Ireland,29,trend_hopper,2025-01-29,0.48,0.08,"food,tech,sports"
U02562,hernandezjason,Palestinian Territory,38,active_engager,2025-11-02,0.63,0.21,"memes,food,anime"
U02563,paulagonzalez,Maldives,35,active_engager,2025-11-28,0.44,0.17,"anime,music,sports"
U02564,rogerreyes,Chile,22,trend_hopper,2026-04-04,0.48,0.1,"sports,finance,memes"
U02565,ronaldlittle,Sri Lanka,35,binge_user,2025-09-25,0.98,0.09,"memes,music,tech"
U02566,iwilliams,Kuwait,45,passive_scroller,2026-04-11,0.15,0.03,"anime,sports,gaming"
U02567,heather07,Gabon,28,trend_hopper,2026-04-30,0.31,0.11,"finance,anime,music"
U02568,owright,Guyana,28,passive_scroller,2026-03-12,0.37,0.04,"sports,music,fitness"
U02569,jessica35,Angola,20,trend_hopper,2026-03-05,0.4,0.11,"sports,gaming,anime"
U02570,stephaniesingh,Nicaragua,36,passive_scroller,2026-04-17,0.11,0.02,"food,memes,sports"
U02571,martinalan,Peru,42,trend_hopper,2026-04-08,0.4,0.11,"fitness,gaming,music"
U02572,emilymiller,Isle of Man,31,trend_hopper,2025-01-31,0.4,0.07,"sports,gaming,tech"
U02573,terrelljessica,Niger,25,active_engager,2025-06-26,0.45,0.33,"music,fitness,gaming"
U02574,jensenkristy,Guadeloupe,29,binge_user,2025-03-13,0.92,0.13,"finance,music,food"
U02575,wweber,Niger,26,trend_hopper,2025-05-08,0.5,0.11,"finance,memes,fitness"
U02576,shortrobert,Western Sahara,38,active_engager,2025-01-09,0.58,0.31,"music,finance,food"
U02577,emilyryan,Macao,18,trend_hopper,2025-03-24,0.59,0.09,"tech,anime,music"
U02578,robert14,Sierra Leone,41,binge_user,2025-10-16,0.95,0.11,"anime,tech,fitness"
U02579,umartinez,French Southern Territories,42,passive_scroller,2025-12-12,0.27,0.02,"memes,fitness,tech"
U02580,angela68,Cook Islands,38,binge_user,2025-01-28,0.9,0.11,"finance,tech,food"
U02581,kelly13,Cote d'Ivoire,19,active_engager,2025-03-30,0.63,0.25,"fitness,gaming,tech"
U02582,judithjohnson,Algeria,22,active_engager,2025-09-15,0.51,0.24,"gaming,sports,tech"
U02583,oyates,Egypt,33,binge_user,2025-07-14,0.82,0.15,"finance,fitness,gaming"
U02584,meganavery,Morocco,41,active_engager,2025-04-27,0.47,0.23,"finance,sports,anime"
U02585,liujonathan,Thailand,24,passive_scroller,2026-04-05,0.18,0.01,"food,finance,memes"
U02586,kgonzalez,Micronesia,35,binge_user,2026-04-06,0.78,0.13,"fitness,sports,anime"
U02587,charlespaul,Norway,21,binge_user,2025-08-04,0.87,0.09,"anime,memes,gaming"
U02588,campbellmatthew,Mayotte,38,active_engager,2025-03-24,0.65,0.31,"anime,sports,food"
U02589,ortizcourtney,Tanzania,45,trend_hopper,2025-09-01,0.34,0.08,"food,anime,fitness"
U02590,lozanothomas,Luxembourg,19,active_engager,2025-10-25,0.52,0.28,"memes,sports,food"
U02591,justinlee,Tokelau,43,binge_user,2025-07-05,0.76,0.12,"anime,memes,sports"
U02592,russellandrew,Holy See (Vatican City State),34,binge_user,2025-05-12,0.7,0.09,"sports,gaming,music"
U02593,elizabethwalter,Yemen,39,active_engager,2025-07-14,0.58,0.2,"finance,food,memes"
U02594,bakernancy,Jamaica,38,binge_user,2026-03-04,0.78,0.12,"sports,music,finance"
U02595,mmitchell,Armenia,45,trend_hopper,2025-01-06,0.52,0.09,"sports,tech,music"
U02596,johnfisher,Russian Federation,33,binge_user,2026-01-29,0.77,0.14,"memes,fitness,anime"
U02597,stewartjillian,Japan,39,trend_hopper,2025-02-20,0.44,0.11,"gaming,sports,finance"
U02598,matthewgoodwin,Saint Kitts and Nevis,25,binge_user,2025-06-27,0.7,0.15,"gaming,fitness,music"
U02599,sherryorozco,Canada,21,trend_hopper,2025-03-17,0.43,0.06,"memes,tech,music"
U02600,murillotyler,Belgium,24,binge_user,2025-09-16,0.92,0.14,"finance,tech,memes"
U02601,alexanderandrews,France,23,trend_hopper,2025-04-22,0.47,0.06,"memes,gaming,anime"
U02602,mhatfield,Lebanon,25,passive_scroller,2025-02-10,0.16,0.04,"food,finance,music"
U02603,jessicamitchell,Malawi,36,passive_scroller,2025-09-26,0.27,0.02,"gaming,finance,sports"
U02604,xrodriguez,Hong Kong,28,binge_user,2026-03-05,0.99,0.12,"memes,anime,tech"
U02605,debbiebrown,Serbia,39,binge_user,2025-06-13,0.74,0.06,"finance,fitness,anime"
U02606,flowersholly,Belize,38,trend_hopper,2025-01-29,0.31,0.07,"music,sports,anime"
U02607,anthonyedwards,Montenegro,43,passive_scroller,2026-03-21,0.39,0.05,"finance,sports,tech"
U02608,simonerica,Tonga,32,passive_scroller,2025-02-02,0.2,0.05,"tech,sports,gaming"
U02609,jenniferpatel,South Africa,24,binge_user,2026-04-22,0.78,0.09,"sports,finance,gaming"
U02610,ravenbrown,Faroe Islands,27,binge_user,2025-11-21,0.73,0.13,"memes,sports,finance"
U02611,larsonchristine,Egypt,30,binge_user,2025-10-23,0.87,0.07,"memes,gaming,anime"
U02612,msmith,Ethiopia,28,passive_scroller,2025-01-07,0.17,0.02,"anime,tech,sports"
U02613,gwarren,Mongolia,34,trend_hopper,2026-03-22,0.42,0.11,"anime,music,fitness"
U02614,donnaosborne,Yemen,30,passive_scroller,2025-05-26,0.32,0.01,"memes,sports,tech"
U02615,margaretmurray,Dominica,22,passive_scroller,2025-10-27,0.38,0.03,"food,fitness,tech"
U02616,jonesedwin,Lebanon,28,trend_hopper,2025-04-11,0.3,0.12,"memes,anime,music"
U02617,lerickson,Montenegro,37,binge_user,2025-05-11,0.82,0.13,"tech,food,memes"
U02618,blankenshipanthony,Turkmenistan,25,active_engager,2025-06-12,0.45,0.35,"tech,fitness,food"
U02619,vicki05,France,32,trend_hopper,2025-08-20,0.36,0.08,"food,sports,memes"
U02620,joseph01,Cote d'Ivoire,41,binge_user,2025-04-25,0.88,0.15,"music,sports,fitness"
U02621,stephaniegarcia,Turks and Caicos Islands,23,trend_hopper,2025-01-20,0.43,0.07,"sports,anime,finance"
U02622,tdawson,Saint Vincent and the Grenadines,35,passive_scroller,2025-01-27,0.25,0.02,"tech,gaming,anime"
U02623,bfitzpatrick,Uzbekistan,19,trend_hopper,2025-08-24,0.38,0.1,"fitness,food,anime"
U02624,robertwatson,Montenegro,38,trend_hopper,2025-12-21,0.36,0.05,"food,memes,fitness"
U02625,benjaminjones,Trinidad and Tobago,21,trend_hopper,2026-01-02,0.42,0.06,"music,memes,tech"
U02626,kimberly13,Latvia,35,active_engager,2026-01-30,0.43,0.24,"sports,memes,fitness"
U02627,hailey46,Grenada,39,active_engager,2026-01-18,0.65,0.26,"food,fitness,tech"
U02628,petersenhannah,Poland,29,trend_hopper,2025-11-15,0.38,0.11,"sports,finance,memes"
U02629,bethanycarpenter,Vanuatu,33,trend_hopper,2025-11-11,0.4,0.08,"sports,fitness,food"
U02630,brownchristopher,Seychelles,33,trend_hopper,2025-05-24,0.57,0.09,"finance,food,sports"
U02631,gatesrebecca,Lithuania,24,active_engager,2026-04-10,0.47,0.24,"food,music,memes"
U02632,rwhite,North Macedonia,30,trend_hopper,2026-01-31,0.49,0.08,"music,anime,food"
U02633,mullinskristopher,South Georgia and the South Sandwich Islands,36,trend_hopper,2025-04-28,0.44,0.09,"memes,gaming,tech"
U02634,harrisonabigail,Jordan,32,binge_user,2025-06-22,0.74,0.09,"anime,finance,sports"
U02635,mark98,Samoa,20,binge_user,2025-01-29,0.97,0.12,"music,fitness,memes"
U02636,oramos,Saint Vincent and the Grenadines,40,trend_hopper,2025-05-12,0.52,0.11,"sports,finance,memes"
U02637,wjones,Slovakia (Slovak Republic),20,binge_user,2025-09-09,0.93,0.15,"sports,tech,memes"
U02638,luisstafford,Italy,24,passive_scroller,2025-03-22,0.13,0.03,"anime,fitness,finance"
U02639,christiankelly,Maldives,44,trend_hopper,2025-05-19,0.49,0.08,"tech,music,anime"
U02640,marythomas,Gibraltar,36,active_engager,2026-02-10,0.65,0.34,"music,fitness,memes"
U02641,jwhite,New Caledonia,39,trend_hopper,2025-05-07,0.6,0.09,"food,fitness,sports"
U02642,susanperez,Saint Vincent and the Grenadines,41,passive_scroller,2025-12-23,0.26,0.01,"fitness,tech,gaming"
U02643,jenningsangelica,Burkina Faso,21,passive_scroller,2026-04-02,0.27,0.02,"sports,food,fitness"
U02644,henryamanda,Macao,28,passive_scroller,2025-10-15,0.31,0.04,"gaming,sports,finance"
U02645,prestondavid,Jamaica,18,trend_hopper,2026-01-07,0.43,0.08,"tech,finance,gaming"
U02646,jeffreycruz,Saint Kitts and Nevis,31,trend_hopper,2026-02-01,0.47,0.06,"tech,food,finance"
U02647,mataanthony,French Polynesia,31,binge_user,2025-01-02,0.89,0.06,"fitness,tech,anime"
U02648,goodmanangela,Indonesia,43,binge_user,2025-02-11,0.89,0.09,"anime,memes,fitness"
U02649,kylegarcia,American Samoa,26,passive_scroller,2025-08-30,0.13,0.04,"memes,tech,finance"
U02650,samanthareed,Western Sahara,30,trend_hopper,2026-01-01,0.44,0.08,"music,gaming,memes"
U02651,roberto04,Norfolk Island,22,binge_user,2025-04-28,0.93,0.12,"fitness,anime,finance"
U02652,jaypaul,Italy,37,active_engager,2025-04-30,0.6,0.32,"anime,finance,fitness"
U02653,knightkatrina,French Polynesia,33,passive_scroller,2026-02-24,0.32,0.03,"sports,anime,food"
U02654,michaelchapman,Venezuela,31,passive_scroller,2026-04-08,0.16,0.02,"gaming,food,tech"
U02655,qwest,Nauru,32,passive_scroller,2026-02-10,0.18,0.03,"food,memes,fitness"
U02656,josephmartinez,Armenia,35,passive_scroller,2025-05-05,0.2,0.03,"gaming,sports,tech"
U02657,robin45,Kiribati,25,trend_hopper,2025-02-06,0.49,0.09,"memes,gaming,tech"
U02658,pwoods,Palestinian Territory,34,passive_scroller,2026-02-02,0.36,0.05,"fitness,anime,memes"
U02659,lcalhoun,United States of America,21,active_engager,2025-01-19,0.68,0.17,"food,music,anime"
U02660,bradolsen,Sierra Leone,33,passive_scroller,2025-02-05,0.24,0.05,"tech,memes,sports"
U02661,hannagina,Isle of Man,45,active_engager,2025-12-08,0.64,0.27,"anime,food,memes"
U02662,hartpatrick,Northern Mariana Islands,40,passive_scroller,2026-02-10,0.35,0.05,"tech,food,fitness"
U02663,bakerchristopher,Zambia,33,trend_hopper,2025-03-30,0.55,0.09,"fitness,sports,memes"
U02664,mario06,Haiti,38,trend_hopper,2026-02-11,0.42,0.08,"music,tech,memes"
U02665,fcopeland,Morocco,27,passive_scroller,2026-04-06,0.16,0.04,"music,finance,tech"
U02666,jennifer86,Uganda,37,trend_hopper,2025-10-01,0.46,0.11,"gaming,food,memes"
U02667,johnsondavid,Finland,31,trend_hopper,2026-03-26,0.56,0.06,"music,finance,food"
U02668,meyerscatherine,Guinea,38,trend_hopper,2025-04-03,0.4,0.07,"finance,memes,tech"
U02669,mackenzieberry,Belarus,26,passive_scroller,2026-01-14,0.16,0.04,"finance,sports,tech"
U02670,debbiequinn,Yemen,23,active_engager,2025-02-07,0.56,0.35,"memes,sports,tech"
U02671,mario08,Uruguay,32,passive_scroller,2026-05-01,0.12,0.02,"fitness,food,music"
U02672,maguilar,Aruba,44,trend_hopper,2025-09-19,0.44,0.06,"finance,gaming,fitness"
U02673,williamsrussell,Antigua and Barbuda,35,trend_hopper,2025-06-04,0.37,0.06,"sports,tech,gaming"
U02674,plee,Panama,37,trend_hopper,2025-12-22,0.54,0.06,"memes,tech,finance"
U02675,scott37,Puerto Rico,31,passive_scroller,2025-08-28,0.28,0.01,"sports,anime,finance"
U02676,gonzalezchristian,Belize,38,trend_hopper,2025-05-10,0.58,0.09,"tech,fitness,finance"
U02677,gibsonjacqueline,Western Sahara,42,active_engager,2025-10-30,0.63,0.28,"gaming,fitness,music"
U02678,yrichards,Romania,35,active_engager,2025-06-03,0.58,0.19,"fitness,finance,gaming"
U02679,karen38,Mongolia,31,trend_hopper,2025-11-18,0.42,0.12,"music,gaming,anime"
U02680,mwiley,United States Minor Outlying Islands,20,trend_hopper,2026-01-28,0.31,0.11,"gaming,sports,finance"
U02681,mirandarachel,Palestinian Territory,24,passive_scroller,2025-05-18,0.23,0.01,"finance,anime,music"
U02682,erin23,Saint Kitts and Nevis,44,trend_hopper,2025-07-24,0.44,0.05,"finance,gaming,fitness"
U02683,elove,Cocos (Keeling) Islands,19,active_engager,2025-01-16,0.49,0.35,"fitness,anime,sports"
U02684,wbarton,Guadeloupe,26,passive_scroller,2026-03-29,0.1,0.01,"memes,food,gaming"
U02685,yzuniga,Bermuda,34,binge_user,2026-03-02,0.84,0.15,"music,tech,food"
U02686,jlewis,Burundi,20,active_engager,2025-03-27,0.65,0.34,"tech,music,gaming"
U02687,hmartinez,Montenegro,24,binge_user,2026-01-27,0.71,0.13,"gaming,fitness,music"
U02688,frankkevin,Panama,27,binge_user,2025-12-03,0.78,0.1,"food,anime,fitness"
U02689,eric88,Mauritius,32,active_engager,2025-06-24,0.69,0.3,"memes,food,finance"
U02690,arodriguez,Niue,44,active_engager,2025-10-20,0.51,0.35,"sports,tech,food"
U02691,kellycarrillo,Sierra Leone,32,trend_hopper,2025-03-27,0.31,0.06,"anime,gaming,music"
U02692,timothy01,American Samoa,32,binge_user,2025-01-17,0.97,0.08,"memes,sports,gaming"
U02693,justin70,Uruguay,39,binge_user,2025-04-30,0.77,0.15,"fitness,tech,gaming"
U02694,paynejames,Jersey,21,binge_user,2025-04-11,0.76,0.13,"fitness,food,anime"
U02695,kathleenmartin,Cocos (Keeling) Islands,19,binge_user,2025-11-12,0.9,0.08,"anime,food,music"
U02696,murphypatricia,Yemen,34,active_engager,2025-05-28,0.55,0.21,"finance,sports,memes"
U02697,janicescott,Dominica,20,binge_user,2025-06-24,0.75,0.07,"memes,anime,tech"
U02698,misty11,Saint Vincent and the Grenadines,30,trend_hopper,2025-05-24,0.52,0.07,"food,sports,music"
U02699,beananna,Greenland,41,passive_scroller,2025-07-12,0.18,0.05,"tech,gaming,music"
U02700,austinsanders,Somalia,40,binge_user,2025-08-28,0.79,0.13,"food,tech,music"
U02701,sarahmccall,Peru,25,passive_scroller,2025-01-22,0.13,0.04,"memes,finance,fitness"
U02702,angievaughn,Czech Republic,21,binge_user,2025-01-18,0.73,0.11,"memes,anime,gaming"
U02703,stephanie47,Jordan,38,active_engager,2025-04-23,0.51,0.31,"fitness,gaming,tech"
U02704,kennethbailey,Thailand,27,passive_scroller,2025-02-27,0.21,0.05,"music,tech,sports"
U02705,walkersergio,Papua New Guinea,44,trend_hopper,2026-01-24,0.33,0.09,"anime,fitness,memes"
U02706,trevor16,Saint Martin,41,passive_scroller,2026-02-20,0.35,0.03,"finance,sports,tech"
U02707,castroadam,Faroe Islands,24,binge_user,2025-06-14,0.74,0.1,"food,memes,fitness"
U02708,xbrown,Namibia,32,passive_scroller,2025-10-08,0.25,0.04,"food,memes,tech"
U02709,dawnnorton,Solomon Islands,36,binge_user,2026-04-09,0.98,0.1,"food,gaming,finance"
U02710,jasonnelson,Egypt,19,passive_scroller,2026-04-19,0.27,0.01,"fitness,memes,sports"
U02711,dave81,Bangladesh,37,passive_scroller,2025-07-11,0.31,0.03,"food,gaming,anime"
U02712,jeffreywhite,Sudan,20,trend_hopper,2025-02-11,0.48,0.07,"fitness,sports,finance"
U02713,hstrickland,Bangladesh,31,passive_scroller,2026-04-29,0.17,0.03,"memes,food,anime"
U02714,eholt,Bahrain,31,binge_user,2025-07-26,0.7,0.07,"gaming,food,music"
U02715,hlawson,Morocco,36,passive_scroller,2025-04-11,0.13,0.04,"music,food,memes"
U02716,cruzjessica,Netherlands Antilles,45,trend_hopper,2025-01-09,0.58,0.08,"gaming,memes,sports"
U02717,jessicabrown,Myanmar,26,active_engager,2025-07-04,0.58,0.24,"music,tech,food"
U02718,twest,Micronesia,22,passive_scroller,2025-12-25,0.33,0.03,"memes,music,anime"
U02719,vjordan,Austria,29,passive_scroller,2025-12-31,0.19,0.02,"sports,anime,food"
U02720,gzavala,Greenland,18,passive_scroller,2026-01-04,0.39,0.02,"gaming,memes,fitness"
U02721,watkinsmary,United States of America,38,active_engager,2025-08-18,0.42,0.32,"food,anime,music"
U02722,danderson,Burkina Faso,21,active_engager,2025-07-02,0.43,0.27,"finance,gaming,anime"
U02723,christopher49,Haiti,29,trend_hopper,2025-05-12,0.38,0.07,"music,food,finance"
U02724,elopez,Bulgaria,25,passive_scroller,2025-02-21,0.12,0.04,"food,fitness,gaming"
U02725,qjohnston,Latvia,20,binge_user,2025-10-21,0.74,0.13,"fitness,memes,music"
U02726,wbutler,Papua New Guinea,45,trend_hopper,2026-02-27,0.3,0.08,"tech,fitness,food"
U02727,christy76,Malta,32,active_engager,2026-01-23,0.41,0.33,"food,fitness,music"
U02728,laurenrodriguez,Mali,31,active_engager,2026-03-30,0.65,0.17,"fitness,memes,finance"
U02729,michael05,Libyan Arab Jamahiriya,36,trend_hopper,2025-05-30,0.45,0.11,"sports,memes,finance"
U02730,cartertammy,Palau,34,passive_scroller,2025-07-16,0.31,0.01,"music,food,sports"
U02731,gregorybrooks,Faroe Islands,18,passive_scroller,2025-09-14,0.2,0.03,"anime,finance,fitness"
U02732,jamesburton,Mongolia,42,trend_hopper,2025-06-15,0.5,0.09,"music,gaming,finance"
U02733,michellecross,Reunion,23,trend_hopper,2025-12-29,0.41,0.06,"music,fitness,finance"
U02734,haysamanda,United States Virgin Islands,36,binge_user,2025-04-28,0.79,0.14,"gaming,tech,finance"
U02735,wjohnson,Burundi,23,binge_user,2025-01-04,0.74,0.07,"sports,anime,gaming"
U02736,ljimenez,Egypt,20,passive_scroller,2026-04-10,0.27,0.03,"sports,finance,fitness"
U02737,lhall,Mauritius,43,passive_scroller,2025-04-06,0.24,0.04,"fitness,anime,food"
U02738,mirandadelgado,Korea,26,binge_user,2025-01-10,0.9,0.12,"fitness,memes,gaming"
U02739,richarddecker,Brazil,19,trend_hopper,2025-10-03,0.47,0.07,"music,memes,gaming"
U02740,cheryljohnston,Saint Barthelemy,28,trend_hopper,2025-12-18,0.56,0.07,"finance,food,memes"
U02741,robinsonzachary,Kazakhstan,30,binge_user,2025-01-15,0.82,0.14,"food,music,gaming"
U02742,pbutler,Swaziland,18,passive_scroller,2025-05-15,0.32,0.02,"sports,anime,finance"
U02743,joshua02,Cuba,34,active_engager,2025-02-15,0.63,0.16,"gaming,music,fitness"
U02744,jmartinez,Niue,20,trend_hopper,2025-10-17,0.32,0.07,"music,anime,memes"
U02745,elizabethrubio,Iraq,25,passive_scroller,2025-02-18,0.24,0.01,"finance,sports,fitness"
U02746,zwebster,American Samoa,37,active_engager,2025-05-09,0.52,0.28,"memes,tech,fitness"
U02747,bowenandrew,Suriname,24,binge_user,2025-06-23,0.97,0.13,"anime,gaming,sports"
U02748,benjamin23,United States of America,40,trend_hopper,2025-07-14,0.44,0.09,"fitness,food,sports"
U02749,teresagray,Martinique,22,trend_hopper,2026-01-15,0.34,0.08,"food,tech,music"
U02750,smay,Libyan Arab Jamahiriya,40,binge_user,2025-09-21,0.86,0.09,"sports,anime,memes"
U02751,brandoningram,Libyan Arab Jamahiriya,27,active_engager,2025-10-26,0.59,0.2,"tech,food,anime"
U02752,saracampbell,Seychelles,35,binge_user,2025-03-25,1.0,0.11,"finance,gaming,sports"
U02753,mitchelljasmine,Guernsey,24,active_engager,2025-02-15,0.45,0.18,"memes,finance,fitness"
U02754,samantha46,Israel,31,passive_scroller,2025-04-11,0.1,0.03,"fitness,anime,sports"
U02755,kristen71,Netherlands Antilles,30,binge_user,2026-03-06,0.72,0.1,"tech,finance,memes"
U02756,amber65,El Salvador,39,passive_scroller,2026-03-17,0.21,0.03,"gaming,sports,finance"
U02757,smithsteven,Lithuania,37,trend_hopper,2025-07-01,0.4,0.1,"memes,tech,finance"
U02758,joelmorales,Albania,39,active_engager,2025-05-02,0.57,0.22,"food,memes,tech"
U02759,sloanamanda,Turks and Caicos Islands,44,trend_hopper,2025-11-28,0.38,0.05,"tech,sports,music"
U02760,charlesnorris,Pitcairn Islands,27,trend_hopper,2026-02-02,0.42,0.08,"finance,tech,food"
U02761,pamela57,Cape Verde,32,passive_scroller,2025-08-17,0.11,0.04,"food,music,finance"
U02762,vwade,New Zealand,21,binge_user,2025-06-28,0.72,0.13,"music,sports,tech"
U02763,wrighttroy,Cuba,33,binge_user,2025-12-14,0.8,0.07,"fitness,sports,finance"
U02764,zmoore,Saint Helena,32,passive_scroller,2025-12-18,0.16,0.04,"tech,memes,anime"
U02765,andrew95,Moldova,39,trend_hopper,2025-01-23,0.41,0.1,"music,food,fitness"
U02766,reynoldsdaniel,Bahrain,35,trend_hopper,2025-07-17,0.4,0.1,"finance,gaming,memes"
U02767,andrewjohnson,Nigeria,43,trend_hopper,2025-05-23,0.53,0.05,"finance,gaming,food"
U02768,hvazquez,Belize,45,passive_scroller,2025-12-11,0.39,0.03,"tech,memes,music"
U02769,brightdebra,Czech Republic,28,binge_user,2025-08-02,0.71,0.13,"sports,anime,memes"
U02770,millssylvia,Togo,38,trend_hopper,2026-03-07,0.57,0.12,"memes,tech,fitness"
U02771,hallraymond,Moldova,32,passive_scroller,2025-05-24,0.15,0.03,"music,anime,memes"
U02772,william92,Bangladesh,23,passive_scroller,2025-09-13,0.35,0.04,"sports,memes,anime"
U02773,jennifer61,Netherlands Antilles,20,active_engager,2025-03-01,0.57,0.19,"memes,sports,finance"
U02774,rebeccamcclain,Honduras,40,binge_user,2025-06-29,0.72,0.09,"finance,music,anime"
U02775,jamesthompson,Sao Tome and Principe,18,active_engager,2026-03-30,0.64,0.23,"memes,finance,anime"
U02776,perezmelissa,Cameroon,27,active_engager,2026-03-15,0.6,0.34,"sports,gaming,music"
U02777,ryanray,Guinea,44,trend_hopper,2026-03-21,0.55,0.08,"memes,tech,gaming"
U02778,usmith,Iceland,39,binge_user,2026-02-11,0.86,0.09,"tech,sports,memes"
U02779,andrea61,Faroe Islands,26,passive_scroller,2025-09-28,0.21,0.03,"gaming,music,anime"
U02780,gregory93,Chad,38,trend_hopper,2026-04-27,0.33,0.06,"food,memes,finance"
U02781,benjaminhill,Senegal,23,active_engager,2025-04-29,0.42,0.15,"anime,fitness,music"
U02782,ksmith,Czech Republic,33,trend_hopper,2025-04-24,0.46,0.07,"gaming,food,fitness"
U02783,sweeneycarol,Kuwait,27,binge_user,2025-05-02,0.9,0.09,"memes,gaming,fitness"
U02784,sharonmolina,Turks and Caicos Islands,30,passive_scroller,2025-01-14,0.25,0.02,"anime,music,finance"
U02785,rdavis,Mexico,40,trend_hopper,2025-03-11,0.58,0.11,"gaming,music,fitness"
U02786,floydangela,Heard Island and McDonald Islands,38,active_engager,2025-05-08,0.55,0.25,"gaming,food,music"
U02787,burgessmichael,Guernsey,23,trend_hopper,2026-03-19,0.45,0.08,"memes,fitness,gaming"
U02788,calvinjones,Kiribati,28,active_engager,2025-11-21,0.6,0.26,"memes,music,gaming"
U02789,obernard,Slovenia,19,active_engager,2025-05-17,0.42,0.32,"finance,gaming,fitness"
U02790,scottanthony,Germany,33,trend_hopper,2025-04-16,0.57,0.09,"fitness,food,sports"
U02791,eric91,Holy See (Vatican City State),38,active_engager,2025-01-06,0.44,0.31,"memes,tech,music"
U02792,djohnson,Indonesia,31,passive_scroller,2025-07-14,0.33,0.04,"music,anime,tech"
U02793,benjamincheyenne,Rwanda,35,binge_user,2026-03-21,0.73,0.15,"gaming,anime,tech"
U02794,jorgechavez,Romania,20,active_engager,2025-02-08,0.48,0.19,"anime,memes,fitness"
U02795,xrollins,Jordan,40,passive_scroller,2025-04-04,0.27,0.02,"tech,food,gaming"
U02796,davidmcpherson,Micronesia,43,active_engager,2026-04-06,0.54,0.32,"sports,memes,fitness"
U02797,wpatel,Israel,18,passive_scroller,2026-01-23,0.3,0.05,"fitness,finance,tech"
U02798,wjohnson,Cambodia,32,passive_scroller,2026-04-26,0.4,0.04,"gaming,finance,tech"
U02799,qcunningham,Samoa,40,trend_hopper,2026-03-24,0.55,0.08,"memes,anime,fitness"
U02800,shaas,Heard Island and McDonald Islands,24,active_engager,2026-02-23,0.68,0.24,"fitness,sports,gaming"
U02801,brianna52,Papua New Guinea,18,trend_hopper,2025-01-28,0.33,0.06,"finance,sports,anime"
U02802,dianegarcia,Georgia,37,active_engager,2025-04-23,0.59,0.26,"tech,anime,music"
U02803,william39,Martinique,40,active_engager,2025-07-25,0.67,0.27,"gaming,sports,food"
U02804,megan55,New Zealand,43,passive_scroller,2025-03-10,0.28,0.02,"gaming,tech,fitness"
U02805,whowell,Liechtenstein,32,active_engager,2025-01-31,0.45,0.19,"memes,tech,finance"
U02806,irogers,Cyprus,38,passive_scroller,2025-04-20,0.23,0.03,"food,anime,sports"
U02807,yodonnell,Papua New Guinea,19,active_engager,2025-12-16,0.48,0.3,"anime,finance,music"
U02808,sanchezangela,Japan,21,trend_hopper,2025-07-08,0.57,0.12,"music,tech,memes"
U02809,drodriguez,Nicaragua,43,binge_user,2025-07-08,0.84,0.09,"memes,tech,sports"
U02810,howellteresa,Saint Lucia,32,binge_user,2025-03-18,1.0,0.07,"sports,gaming,music"
U02811,andrew86,Sweden,35,active_engager,2025-04-22,0.59,0.15,"memes,food,sports"
U02812,judywelch,India,30,passive_scroller,2025-04-30,0.38,0.04,"anime,gaming,fitness"
U02813,gpatterson,Turkey,43,trend_hopper,2025-01-05,0.35,0.07,"anime,finance,fitness"
U02814,bryanward,Cameroon,37,active_engager,2025-08-15,0.6,0.32,"food,sports,tech"
U02815,drakenicole,New Zealand,44,passive_scroller,2025-10-18,0.36,0.02,"gaming,music,sports"
U02816,foxtrevor,China,31,trend_hopper,2025-10-29,0.5,0.12,"gaming,fitness,memes"
U02817,robert38,South Africa,25,active_engager,2025-12-21,0.56,0.34,"gaming,finance,food"
U02818,silvarobin,Paraguay,45,binge_user,2025-04-29,0.99,0.07,"tech,music,fitness"
U02819,ravila,Gibraltar,19,trend_hopper,2025-02-06,0.34,0.07,"music,anime,sports"
U02820,raymond42,Morocco,44,binge_user,2026-04-21,0.81,0.14,"anime,music,memes"
U02821,ztyler,Saint Barthelemy,20,passive_scroller,2025-04-15,0.18,0.01,"music,anime,fitness"
U02822,jessica61,Lesotho,41,passive_scroller,2025-08-23,0.11,0.02,"anime,sports,food"
U02823,karenblack,Singapore,21,passive_scroller,2025-12-27,0.35,0.03,"fitness,food,gaming"
U02824,emilyreese,Western Sahara,18,active_engager,2026-02-16,0.58,0.3,"finance,food,gaming"
U02825,jaime27,Congo,33,active_engager,2026-04-07,0.43,0.28,"music,sports,finance"
U02826,wendycooper,Czech Republic,30,trend_hopper,2026-02-21,0.58,0.1,"fitness,sports,music"
U02827,olong,Saint Pierre and Miquelon,45,active_engager,2025-01-10,0.67,0.35,"memes,finance,gaming"
U02828,vknight,United Arab Emirates,36,binge_user,2025-03-24,0.87,0.06,"sports,fitness,finance"
U02829,fowlerkelly,Madagascar,34,binge_user,2026-01-04,0.79,0.07,"sports,anime,food"
U02830,mreyes,Bahamas,28,trend_hopper,2025-05-22,0.37,0.08,"anime,memes,food"
U02831,denise01,Tuvalu,36,passive_scroller,2025-07-26,0.17,0.04,"fitness,anime,tech"
U02832,angieshea,Israel,24,passive_scroller,2025-05-26,0.35,0.02,"anime,sports,memes"
U02833,uwalker,Poland,18,binge_user,2025-07-16,0.9,0.09,"gaming,tech,memes"
U02834,hubbardstephanie,Azerbaijan,37,binge_user,2025-08-24,0.93,0.13,"food,finance,gaming"
U02835,adrienne97,Bulgaria,28,passive_scroller,2025-08-18,0.23,0.01,"music,sports,food"
U02836,ograham,Myanmar,29,binge_user,2025-08-20,0.93,0.08,"memes,music,sports"
U02837,dvaldez,Chad,18,passive_scroller,2025-05-22,0.26,0.03,"finance,anime,gaming"
U02838,rodriguezmaria,Saint Martin,21,passive_scroller,2025-12-19,0.22,0.03,"fitness,finance,gaming"
U02839,mitchellkelly,Belgium,44,trend_hopper,2025-07-01,0.57,0.07,"sports,anime,fitness"
U02840,howelljacob,Falkland Islands (Malvinas),26,binge_user,2026-01-31,0.9,0.12,"food,gaming,anime"
U02841,bradley57,Sao Tome and Principe,22,active_engager,2025-07-20,0.55,0.23,"memes,sports,anime"
U02842,frank57,Bangladesh,38,trend_hopper,2025-03-28,0.44,0.08,"gaming,finance,food"
U02843,gabrielle59,Ireland,25,passive_scroller,2025-10-12,0.29,0.03,"finance,gaming,sports"
U02844,gonzalezkyle,Svalbard & Jan Mayen Islands,26,trend_hopper,2026-04-21,0.34,0.08,"memes,food,sports"
U02845,aaronpowell,Anguilla,19,passive_scroller,2025-09-28,0.19,0.02,"memes,anime,tech"
U02846,wagnerjanice,Brunei Darussalam,18,passive_scroller,2025-08-01,0.39,0.02,"fitness,memes,food"
U02847,kmcclure,Japan,18,trend_hopper,2025-06-25,0.59,0.1,"fitness,memes,anime"
U02848,tomcollins,Brunei Darussalam,45,active_engager,2026-05-01,0.64,0.23,"sports,memes,music"
U02849,ronald46,Bangladesh,43,trend_hopper,2025-05-26,0.45,0.08,"gaming,food,music"
U02850,valerie94,Bosnia and Herzegovina,26,binge_user,2026-01-05,0.91,0.09,"finance,fitness,tech"
U02851,holtronald,Nicaragua,32,passive_scroller,2026-01-24,0.22,0.03,"sports,music,fitness"
U02852,xavierwallace,Chad,32,passive_scroller,2025-07-10,0.19,0.04,"sports,tech,anime"
U02853,pjenkins,Costa Rica,25,trend_hopper,2025-09-01,0.39,0.12,"tech,anime,food"
U02854,bradley38,Bermuda,18,active_engager,2025-02-10,0.48,0.35,"music,food,finance"
U02855,peckadam,Syrian Arab Republic,45,trend_hopper,2025-04-22,0.41,0.09,"memes,sports,anime"
U02856,wilsonlynn,French Southern Territories,35,trend_hopper,2026-02-19,0.49,0.08,"sports,music,memes"
U02857,fbrown,Saint Pierre and Miquelon,32,passive_scroller,2025-12-17,0.4,0.04,"sports,finance,memes"
U02858,danielle26,Reunion,31,binge_user,2025-03-15,0.8,0.15,"finance,fitness,gaming"
U02859,ohorton,Nicaragua,18,binge_user,2026-04-23,0.7,0.13,"gaming,tech,sports"
U02860,jeff69,Holy See (Vatican City State),38,active_engager,2026-03-21,0.43,0.28,"memes,gaming,music"
U02861,adamtaylor,Mauritius,35,binge_user,2025-10-16,0.98,0.08,"anime,memes,finance"
U02862,wparker,Cameroon,35,binge_user,2025-09-22,0.85,0.12,"anime,sports,finance"
U02863,nwilson,Moldova,39,passive_scroller,2026-02-21,0.34,0.02,"music,tech,gaming"
U02864,marissafrank,Ukraine,33,trend_hopper,2026-02-17,0.4,0.09,"tech,memes,finance"
U02865,lburke,Slovenia,20,active_engager,2026-03-27,0.68,0.23,"anime,memes,fitness"
U02866,alan90,Cape Verde,45,active_engager,2025-03-28,0.65,0.25,"memes,finance,music"
U02867,jameswood,Mali,32,active_engager,2025-01-07,0.45,0.19,"fitness,finance,memes"
U02868,xcohen,Ireland,27,passive_scroller,2025-01-07,0.11,0.01,"anime,sports,tech"
U02869,whensley,Luxembourg,45,binge_user,2025-12-02,0.92,0.15,"music,sports,gaming"
U02870,rebeccahebert,Poland,20,binge_user,2025-11-03,0.7,0.12,"gaming,tech,sports"
U02871,christinenavarro,South Africa,40,passive_scroller,2026-04-02,0.2,0.01,"anime,music,fitness"
U02872,barryrebecca,Brazil,19,binge_user,2025-04-05,0.7,0.05,"anime,music,gaming"
U02873,allison23,Martinique,19,active_engager,2025-09-18,0.6,0.17,"sports,fitness,music"
U02874,joanne32,Myanmar,37,binge_user,2025-09-05,0.95,0.12,"tech,fitness,music"
U02875,charper,Costa Rica,23,passive_scroller,2025-06-29,0.19,0.03,"gaming,tech,memes"
U02876,brittany34,Saint Kitts and Nevis,19,active_engager,2025-12-02,0.54,0.16,"memes,finance,sports"
U02877,davistimothy,Monaco,20,trend_hopper,2026-04-26,0.33,0.05,"finance,music,anime"
U02878,angela55,Mozambique,43,binge_user,2025-10-15,0.76,0.09,"fitness,finance,memes"
U02879,anna06,Ecuador,29,trend_hopper,2025-06-30,0.44,0.09,"sports,finance,fitness"
U02880,lisa60,Tuvalu,18,active_engager,2026-04-25,0.58,0.28,"gaming,food,memes"
U02881,nhoward,Niue,45,passive_scroller,2025-06-10,0.33,0.01,"finance,tech,memes"
U02882,ibrooks,Micronesia,34,binge_user,2025-08-07,0.74,0.13,"anime,gaming,tech"
U02883,taylorchristopher,Saint Vincent and the Grenadines,29,active_engager,2025-09-12,0.44,0.2,"sports,music,anime"
U02884,katierobbins,Gambia,32,passive_scroller,2025-12-25,0.11,0.03,"finance,sports,memes"
U02885,dominguezkirk,United Arab Emirates,21,passive_scroller,2025-09-07,0.25,0.03,"tech,sports,memes"
U02886,hdiaz,Ecuador,34,active_engager,2025-10-12,0.56,0.31,"food,gaming,fitness"
U02887,summersbrandon,Sierra Leone,43,active_engager,2025-07-24,0.42,0.29,"food,tech,finance"
U02888,grahamkyle,Greenland,28,binge_user,2025-11-29,0.87,0.13,"music,food,fitness"
U02889,daniellewilliams,El Salvador,21,active_engager,2025-03-03,0.44,0.23,"memes,music,finance"
U02890,markcoffey,Marshall Islands,33,trend_hopper,2026-04-09,0.49,0.09,"fitness,sports,memes"
U02891,stewartkimberly,Honduras,35,binge_user,2025-07-16,0.88,0.11,"food,gaming,tech"
U02892,joshua90,Greenland,36,active_engager,2025-11-16,0.63,0.21,"fitness,finance,memes"
U02893,ghenderson,Liechtenstein,29,binge_user,2025-08-14,0.92,0.12,"finance,gaming,sports"
U02894,curryashley,Angola,41,binge_user,2025-04-29,0.96,0.1,"fitness,gaming,anime"
U02895,matthew18,Isle of Man,37,passive_scroller,2025-08-06,0.38,0.01,"anime,sports,gaming"
U02896,mtucker,Ukraine,32,passive_scroller,2026-03-21,0.22,0.04,"finance,music,memes"
U02897,brittanygomez,Belarus,23,active_engager,2025-05-02,0.54,0.15,"sports,music,fitness"
U02898,johnromero,Hong Kong,30,trend_hopper,2025-05-31,0.56,0.1,"fitness,gaming,food"
U02899,melissagreen,Algeria,25,active_engager,2025-07-22,0.67,0.27,"anime,memes,music"
U02900,kelseypacheco,Turkmenistan,34,active_engager,2026-01-04,0.6,0.18,"fitness,food,finance"
U02901,jordan95,Turkey,18,binge_user,2026-04-28,0.92,0.1,"music,finance,food"
U02902,regina42,Luxembourg,19,active_engager,2025-11-03,0.57,0.25,"tech,memes,gaming"
U02903,daniel63,Cayman Islands,30,active_engager,2026-01-08,0.42,0.15,"gaming,fitness,finance"
U02904,dana11,Comoros,30,binge_user,2025-03-23,0.89,0.09,"tech,fitness,sports"
U02905,kimberlymason,Saint Pierre and Miquelon,34,binge_user,2026-02-06,0.71,0.11,"finance,fitness,food"
U02906,martinezmargaret,Libyan Arab Jamahiriya,25,passive_scroller,2025-08-25,0.34,0.03,"tech,food,finance"
U02907,jonathanaustin,Malawi,19,passive_scroller,2025-11-11,0.21,0.03,"anime,food,memes"
U02908,singletonkenneth,Latvia,26,binge_user,2025-03-02,0.98,0.13,"music,gaming,tech"
U02909,pmiller,Sierra Leone,23,passive_scroller,2025-12-24,0.39,0.03,"tech,finance,food"
U02910,ncruz,Italy,41,active_engager,2026-02-21,0.66,0.18,"memes,music,tech"
U02911,hannah96,Timor-Leste,39,active_engager,2026-01-01,0.54,0.27,"anime,tech,gaming"
U02912,timothystewart,Switzerland,19,binge_user,2025-08-13,0.77,0.09,"fitness,anime,finance"
U02913,matthewconley,New Zealand,44,passive_scroller,2026-04-21,0.29,0.03,"fitness,anime,tech"
U02914,amberwagner,Sweden,37,trend_hopper,2025-12-04,0.51,0.09,"tech,fitness,memes"
U02915,uherring,Togo,18,binge_user,2025-01-31,0.96,0.09,"food,fitness,sports"
U02916,laurenchristensen,Latvia,21,trend_hopper,2026-02-06,0.43,0.1,"anime,finance,gaming"
U02917,jstevenson,Saint Barthelemy,20,binge_user,2026-02-02,0.81,0.09,"food,anime,tech"
U02918,nancybrooks,United Kingdom,18,active_engager,2025-08-27,0.48,0.31,"fitness,memes,tech"
U02919,yrowland,Moldova,24,passive_scroller,2025-07-13,0.32,0.03,"fitness,gaming,food"
U02920,wreed,Rwanda,20,active_engager,2025-06-14,0.68,0.31,"fitness,tech,sports"
U02921,rodriguezchris,Bouvet Island (Bouvetoya),44,active_engager,2025-12-29,0.57,0.34,"tech,sports,fitness"
U02922,roberto22,Denmark,20,binge_user,2025-10-30,0.86,0.11,"anime,food,memes"
U02923,wdavies,Guinea-Bissau,26,binge_user,2025-02-10,0.85,0.14,"memes,tech,anime"
U02924,juangalvan,Vanuatu,19,binge_user,2025-01-28,0.78,0.1,"music,sports,gaming"
U02925,amandavang,Congo,31,passive_scroller,2025-04-23,0.22,0.03,"music,tech,memes"
U02926,smithronald,Bahrain,44,trend_hopper,2025-03-14,0.45,0.12,"fitness,music,sports"
U02927,nashsteven,Mongolia,21,passive_scroller,2025-10-16,0.31,0.02,"anime,food,tech"
U02928,aferrell,Trinidad and Tobago,18,active_engager,2025-11-01,0.42,0.29,"gaming,food,fitness"
U02929,bradfordvalerie,Japan,34,trend_hopper,2025-10-09,0.36,0.09,"finance,food,memes"
U02930,lowethomas,Cote d'Ivoire,23,trend_hopper,2026-01-24,0.34,0.07,"gaming,memes,anime"
U02931,sharonsmith,Suriname,24,active_engager,2025-03-21,0.64,0.31,"gaming,finance,food"
U02932,kevinlivingston,Guinea,37,binge_user,2025-11-19,0.75,0.09,"sports,memes,anime"
U02933,hwalton,Samoa,21,trend_hopper,2025-12-21,0.41,0.07,"memes,gaming,fitness"
U02934,patrick79,Mexico,44,binge_user,2025-08-29,0.94,0.07,"gaming,food,anime"
U02935,fisherwilliam,Sudan,32,binge_user,2025-09-09,0.99,0.09,"tech,memes,anime"
U02936,sandra36,Myanmar,26,trend_hopper,2025-02-20,0.45,0.1,"music,anime,tech"
U02937,daniel38,Tunisia,25,passive_scroller,2025-10-04,0.19,0.03,"music,sports,tech"
U02938,vanessabrooks,Belgium,39,trend_hopper,2025-01-02,0.49,0.09,"food,fitness,sports"
U02939,jo69,Turkmenistan,40,trend_hopper,2025-05-22,0.49,0.07,"tech,memes,finance"
U02940,jessica51,Pitcairn Islands,40,trend_hopper,2025-01-16,0.31,0.08,"music,tech,sports"
U02941,rachelescobar,Mexico,22,trend_hopper,2025-07-06,0.37,0.09,"memes,finance,anime"
U02942,robin77,Mongolia,31,active_engager,2025-12-07,0.52,0.33,"music,gaming,memes"
U02943,melaniesmith,Fiji,43,trend_hopper,2025-07-03,0.58,0.06,"memes,finance,tech"
U02944,dylannichols,Tanzania,19,binge_user,2025-01-09,0.91,0.13,"food,gaming,anime"
U02945,mcleanabigail,Guadeloupe,24,binge_user,2025-04-29,0.86,0.12,"gaming,food,anime"
U02946,kevinmerritt,Saint Barthelemy,35,binge_user,2025-09-25,0.79,0.15,"anime,tech,food"
U02947,rodgerserin,Romania,21,active_engager,2026-02-14,0.6,0.23,"food,finance,gaming"
U02948,matthewgardner,Indonesia,33,binge_user,2025-08-06,0.73,0.08,"tech,gaming,anime"
U02949,johnsondaniel,Saint Martin,27,trend_hopper,2025-11-04,0.33,0.08,"gaming,fitness,anime"
U02950,mortonveronica,Jamaica,23,active_engager,2025-06-09,0.67,0.35,"music,finance,gaming"
U02951,hpeck,Guadeloupe,19,active_engager,2026-03-04,0.68,0.16,"anime,music,sports"
U02952,qnichols,Mexico,18,trend_hopper,2026-01-08,0.54,0.08,"music,gaming,fitness"
U02953,christy99,China,21,trend_hopper,2026-01-20,0.58,0.05,"sports,food,anime"
U02954,bakerbeth,Burkina Faso,27,passive_scroller,2025-03-17,0.14,0.02,"gaming,food,tech"
U02955,hardingsandra,Maldives,41,passive_scroller,2025-08-19,0.27,0.04,"memes,music,finance"
U02956,christian31,Costa Rica,24,passive_scroller,2025-07-15,0.22,0.01,"memes,tech,music"
U02957,pharmon,Belize,23,passive_scroller,2025-04-28,0.18,0.04,"gaming,music,sports"
U02958,lorihudson,Lao People's Democratic Republic,44,active_engager,2025-09-06,0.58,0.34,"memes,food,finance"
U02959,gwest,Cayman Islands,29,binge_user,2026-04-03,0.87,0.07,"finance,anime,music"
U02960,wallacejessica,Angola,39,binge_user,2025-05-23,0.95,0.09,"music,tech,sports"
U02961,ybenjamin,Malawi,20,binge_user,2026-03-07,0.88,0.11,"food,tech,fitness"
U02962,taylorkyle,Aruba,37,passive_scroller,2026-01-05,0.18,0.01,"anime,gaming,finance"
U02963,gnguyen,Bouvet Island (Bouvetoya),29,passive_scroller,2025-02-01,0.22,0.02,"music,fitness,sports"
U02964,gregory42,Montenegro,43,binge_user,2025-04-20,0.8,0.09,"food,memes,sports"
U02965,kenneth57,Palau,42,binge_user,2025-11-29,0.74,0.09,"anime,sports,tech"
U02966,qrodriguez,Benin,26,active_engager,2025-08-05,0.5,0.18,"food,music,gaming"
U02967,cookamy,Korea,41,trend_hopper,2025-12-17,0.5,0.08,"food,sports,gaming"
U02968,fcoleman,French Polynesia,19,trend_hopper,2025-08-25,0.32,0.11,"food,finance,gaming"
U02969,josephgraham,Tajikistan,45,passive_scroller,2026-01-17,0.4,0.05,"memes,gaming,sports"
U02970,henry15,Yemen,37,binge_user,2025-10-28,0.95,0.11,"anime,finance,gaming"
U02971,yjohnson,Micronesia,30,binge_user,2025-09-12,0.89,0.07,"memes,gaming,food"
U02972,victoria82,Aruba,43,active_engager,2026-02-23,0.43,0.33,"fitness,tech,music"
U02973,ohughes,Switzerland,37,active_engager,2026-04-14,0.61,0.25,"sports,memes,music"
U02974,kaitlinali,Honduras,39,active_engager,2025-12-11,0.64,0.19,"food,tech,fitness"
U02975,xwhite,Jordan,44,active_engager,2025-04-27,0.68,0.18,"finance,tech,food"
U02976,dustinnguyen,Dominica,27,passive_scroller,2025-08-24,0.35,0.03,"finance,tech,fitness"
U02977,jason26,Cameroon,36,trend_hopper,2025-04-17,0.53,0.1,"gaming,sports,music"
U02978,blairkristen,Montenegro,23,trend_hopper,2025-02-07,0.31,0.07,"sports,gaming,tech"
U02979,todd83,Cambodia,43,active_engager,2025-03-31,0.68,0.22,"anime,tech,fitness"
U02980,brittanymitchell,American Samoa,32,binge_user,2026-04-11,0.72,0.14,"tech,memes,fitness"
U02981,ericagriffin,Saint Barthelemy,20,trend_hopper,2025-04-17,0.31,0.07,"anime,sports,memes"
U02982,cody41,Taiwan,29,passive_scroller,2025-02-27,0.28,0.04,"food,memes,music"
U02983,duncannicole,Niger,18,binge_user,2026-01-11,0.83,0.07,"sports,music,gaming"
U02984,kristyjackson,Ecuador,26,binge_user,2025-02-22,0.85,0.08,"finance,music,tech"
U02985,angelaoconnor,British Indian Ocean Territory (Chagos Archipelago),28,active_engager,2025-04-09,0.59,0.18,"fitness,music,sports"
U02986,deborah17,Lebanon,38,passive_scroller,2025-06-19,0.26,0.02,"sports,fitness,anime"
U02987,harrismelissa,Tuvalu,24,binge_user,2025-02-17,0.86,0.15,"memes,anime,sports"
U02988,markwilliams,Guadeloupe,36,active_engager,2025-09-02,0.67,0.23,"anime,tech,gaming"
U02989,nelsonkenneth,Cyprus,20,passive_scroller,2025-02-19,0.37,0.02,"anime,sports,food"
U02990,josephbutler,Brazil,26,active_engager,2025-11-07,0.68,0.34,"memes,fitness,gaming"
U02991,luis77,Bosnia and Herzegovina,29,trend_hopper,2026-01-20,0.5,0.06,"anime,food,gaming"
U02992,markhall,Dominica,44,binge_user,2026-02-25,0.84,0.07,"anime,tech,fitness"
U02993,bfernandez,Macao,33,active_engager,2025-10-31,0.67,0.21,"anime,gaming,food"
U02994,richardwilliams,Equatorial Guinea,39,trend_hopper,2025-04-17,0.4,0.08,"tech,music,food"
U02995,edwardbennett,British Virgin Islands,21,active_engager,2025-09-03,0.65,0.29,"music,sports,food"
U02996,caitlincox,Kuwait,39,trend_hopper,2026-01-01,0.57,0.1,"music,tech,food"
U02997,fthomas,United Kingdom,38,binge_user,2025-06-02,0.96,0.13,"gaming,tech,music"
U02998,kaitlynmartinez,Cocos (Keeling) Islands,21,active_engager,2025-05-17,0.59,0.24,"music,finance,memes"
U02999,mwalsh,Gibraltar,39,passive_scroller,2026-01-11,0.33,0.04,"finance,tech,sports"
U03000,desiree61,Colombia,35,binge_user,2025-04-07,0.93,0.09,"food,gaming,tech"
U03001,mhood,Bhutan,42,binge_user,2025-02-26,0.89,0.14,"finance,tech,memes"
U03002,rachel08,Romania,37,trend_hopper,2025-08-04,0.31,0.06,"memes,finance,music"
U03003,gabriela19,Armenia,21,trend_hopper,2026-02-20,0.31,0.1,"anime,gaming,sports"
U03004,bfaulkner,Tanzania,45,binge_user,2025-09-05,0.82,0.15,"anime,sports,gaming"
U03005,melaniebrown,Algeria,30,passive_scroller,2025-06-13,0.3,0.05,"tech,memes,sports"
U03006,bchaney,Mongolia,40,active_engager,2025-02-28,0.41,0.25,"tech,sports,memes"
U03007,greenemalik,Falkland Islands (Malvinas),26,passive_scroller,2025-03-08,0.18,0.02,"fitness,food,memes"
U03008,murphyangie,Bangladesh,31,binge_user,2025-08-01,0.82,0.15,"music,finance,gaming"
U03009,mariabishop,Turkmenistan,45,active_engager,2025-04-15,0.65,0.31,"tech,memes,gaming"
U03010,jrussell,Ireland,21,passive_scroller,2025-04-22,0.13,0.01,"anime,fitness,gaming"
U03011,johnsonjesus,Saint Lucia,40,passive_scroller,2025-02-25,0.29,0.02,"sports,food,tech"
U03012,rnixon,Belarus,38,passive_scroller,2025-12-14,0.11,0.05,"music,tech,gaming"
U03013,johngood,Zambia,29,passive_scroller,2025-07-04,0.36,0.03,"tech,music,sports"
U03014,laura58,Trinidad and Tobago,21,passive_scroller,2025-11-21,0.35,0.03,"tech,fitness,memes"
U03015,ebates,Guernsey,30,active_engager,2025-11-11,0.41,0.2,"memes,finance,tech"
U03016,poconnor,Uzbekistan,32,passive_scroller,2025-07-24,0.37,0.02,"food,tech,finance"
U03017,taylorking,El Salvador,28,active_engager,2025-07-08,0.53,0.32,"food,sports,gaming"
U03018,laraemily,Spain,18,binge_user,2025-04-09,0.78,0.11,"anime,finance,gaming"
U03019,tchambers,New Caledonia,23,trend_hopper,2025-09-28,0.48,0.1,"finance,music,memes"
U03020,murphymichelle,Argentina,38,trend_hopper,2025-08-08,0.56,0.11,"anime,tech,gaming"
U03021,derrick01,Belgium,34,binge_user,2026-01-27,0.81,0.12,"fitness,gaming,music"
U03022,nicole71,Tanzania,28,trend_hopper,2025-01-03,0.51,0.06,"music,fitness,tech"
U03023,daniel12,Burkina Faso,40,active_engager,2025-02-16,0.55,0.31,"sports,memes,music"
U03024,edwardclark,Timor-Leste,35,passive_scroller,2025-10-10,0.15,0.02,"tech,fitness,gaming"
U03025,whuang,Tanzania,22,active_engager,2025-06-05,0.45,0.33,"fitness,memes,gaming"
U03026,dennis55,Korea,22,trend_hopper,2026-03-22,0.37,0.07,"memes,anime,finance"
U03027,robertwiley,British Indian Ocean Territory (Chagos Archipelago),22,active_engager,2025-09-22,0.51,0.21,"tech,anime,finance"
U03028,emily79,Philippines,35,active_engager,2026-04-14,0.7,0.32,"anime,gaming,music"
U03029,james09,Tanzania,39,trend_hopper,2025-08-13,0.43,0.06,"anime,fitness,gaming"
U03030,kennethhill,Belarus,37,passive_scroller,2025-05-20,0.3,0.02,"gaming,anime,tech"
U03031,rtodd,British Virgin Islands,19,binge_user,2025-05-19,0.73,0.08,"finance,memes,music"
U03032,alexanderrobertson,Switzerland,40,trend_hopper,2025-03-11,0.59,0.07,"tech,finance,food"
U03033,robert15,Saint Kitts and Nevis,36,trend_hopper,2025-05-19,0.58,0.07,"food,finance,fitness"
U03034,pamelanash,Palestinian Territory,22,active_engager,2025-01-19,0.44,0.24,"food,anime,music"
U03035,schultzshelly,Jordan,30,binge_user,2025-01-29,0.72,0.15,"sports,memes,music"
U03036,spierce,Egypt,30,binge_user,2026-01-13,0.76,0.08,"fitness,tech,music"
U03037,mwebster,Equatorial Guinea,18,trend_hopper,2025-04-29,0.39,0.08,"fitness,finance,sports"
U03038,hudsoncynthia,Turks and Caicos Islands,27,trend_hopper,2025-06-14,0.54,0.1,"anime,food,memes"
U03039,christianvaldez,Ukraine,18,passive_scroller,2026-04-07,0.13,0.05,"gaming,food,music"
U03040,nancy41,Nepal,21,active_engager,2025-10-16,0.44,0.28,"finance,tech,fitness"
U03041,hannahdean,Jersey,42,active_engager,2026-02-02,0.63,0.29,"memes,fitness,food"
U03042,andrealarsen,Antarctica (the territory South of 60 deg S),41,trend_hopper,2026-02-07,0.6,0.09,"finance,fitness,music"
U03043,jeffrey18,Madagascar,42,trend_hopper,2025-03-17,0.56,0.09,"memes,finance,gaming"
U03044,angelmathis,Tokelau,42,passive_scroller,2025-01-25,0.23,0.01,"sports,gaming,memes"
U03045,anthony01,Armenia,28,trend_hopper,2025-07-17,0.59,0.08,"gaming,tech,sports"
U03046,randolphautumn,Argentina,39,trend_hopper,2026-01-28,0.35,0.09,"tech,gaming,anime"
U03047,christopher58,Cocos (Keeling) Islands,43,passive_scroller,2025-05-21,0.15,0.03,"gaming,memes,sports"
U03048,tiffany65,Australia,32,active_engager,2026-02-09,0.5,0.24,"music,tech,anime"
U03049,andrewbenson,American Samoa,42,passive_scroller,2025-01-15,0.37,0.02,"anime,sports,fitness"
U03050,jamiejones,Nauru,32,passive_scroller,2025-08-04,0.34,0.02,"sports,anime,tech"
U03051,mweeks,El Salvador,24,binge_user,2025-05-12,0.89,0.11,"anime,finance,gaming"
U03052,danielphillips,Dominican Republic,38,trend_hopper,2026-04-10,0.43,0.07,"tech,music,gaming"
U03053,ycallahan,Ghana,27,trend_hopper,2026-02-08,0.36,0.11,"food,tech,music"
U03054,emily48,Swaziland,23,active_engager,2025-11-15,0.44,0.25,"finance,sports,memes"
U03055,shanefrost,Puerto Rico,21,trend_hopper,2025-02-10,0.43,0.12,"music,fitness,food"
U03056,davidkerr,Turkey,21,active_engager,2025-12-13,0.51,0.25,"sports,music,finance"
U03057,alexestes,Spain,19,binge_user,2025-12-17,0.84,0.15,"finance,music,gaming"
U03058,michelle76,Taiwan,35,passive_scroller,2026-04-03,0.37,0.05,"music,fitness,sports"
U03059,gordontara,Monaco,21,binge_user,2025-04-18,0.92,0.08,"gaming,fitness,anime"
U03060,gblackwell,Brunei Darussalam,36,binge_user,2025-10-19,0.87,0.1,"sports,food,music"
U03061,robert11,Wallis and Futuna,38,passive_scroller,2025-05-10,0.37,0.03,"food,tech,sports"
U03062,charlesmcmahon,French Polynesia,22,trend_hopper,2025-07-03,0.34,0.1,"tech,food,finance"
U03063,walshjoshua,Saint Barthelemy,22,trend_hopper,2026-03-02,0.59,0.09,"tech,music,fitness"
U03064,michaelsmith,French Southern Territories,28,passive_scroller,2026-02-03,0.24,0.04,"memes,finance,fitness"
U03065,nwallace,Canada,25,passive_scroller,2025-08-20,0.28,0.04,"gaming,sports,memes"
U03066,wilcoxmary,British Virgin Islands,18,active_engager,2026-02-01,0.66,0.16,"sports,tech,music"
U03067,uturner,Mauritania,44,passive_scroller,2025-04-22,0.24,0.02,"gaming,music,tech"
U03068,austinharper,Sri Lanka,44,binge_user,2026-04-17,0.9,0.13,"anime,fitness,finance"
U03069,jefferyhicks,British Virgin Islands,19,trend_hopper,2025-09-08,0.59,0.11,"finance,food,gaming"
U03070,crystalhall,Dominica,33,passive_scroller,2025-03-26,0.23,0.02,"food,memes,fitness"
U03071,nelsonpaul,Syrian Arab Republic,39,passive_scroller,2025-04-04,0.11,0.04,"finance,gaming,fitness"
U03072,anitahart,British Indian Ocean Territory (Chagos Archipelago),45,passive_scroller,2025-04-13,0.2,0.03,"fitness,anime,finance"
U03073,roger24,Afghanistan,42,trend_hopper,2025-06-24,0.51,0.08,"sports,tech,fitness"
U03074,melissaaguilar,Kyrgyz Republic,30,active_engager,2025-12-10,0.59,0.32,"anime,fitness,tech"
U03075,floresjoseph,Bouvet Island (Bouvetoya),37,trend_hopper,2025-12-05,0.44,0.11,"memes,finance,music"
U03076,jaredknight,Israel,39,active_engager,2025-11-01,0.55,0.21,"anime,music,food"
U03077,patelgabriella,Egypt,37,active_engager,2026-02-28,0.65,0.34,"memes,gaming,music"
U03078,rhonda28,Taiwan,30,active_engager,2025-12-13,0.4,0.3,"gaming,sports,anime"
U03079,sbush,Latvia,36,trend_hopper,2025-01-06,0.42,0.06,"memes,sports,finance"
U03080,ronaldwilliams,Guadeloupe,40,trend_hopper,2025-12-30,0.57,0.11,"sports,memes,food"
U03081,michaelmorgan,Wallis and Futuna,20,trend_hopper,2025-07-17,0.55,0.07,"anime,finance,food"
U03082,gonzalesbenjamin,Cook Islands,37,trend_hopper,2025-02-18,0.54,0.05,"anime,finance,tech"
U03083,nhubbard,Israel,41,passive_scroller,2026-04-11,0.35,0.02,"fitness,sports,tech"
U03084,julie25,Lithuania,31,passive_scroller,2025-12-12,0.18,0.04,"sports,anime,gaming"
U03085,colleenjohnson,Madagascar,35,passive_scroller,2025-10-31,0.12,0.04,"music,memes,tech"
U03086,williamschristine,Romania,30,binge_user,2025-11-29,0.95,0.11,"gaming,fitness,food"
U03087,christine42,Bahrain,30,trend_hopper,2025-04-07,0.37,0.06,"gaming,music,sports"
U03088,megan72,Costa Rica,18,trend_hopper,2025-01-15,0.59,0.11,"music,finance,gaming"
U03089,gregorypark,Latvia,28,trend_hopper,2025-04-04,0.46,0.09,"fitness,finance,tech"
U03090,fbowen,Honduras,31,passive_scroller,2025-12-08,0.27,0.02,"food,sports,anime"
U03091,danieldavid,Sao Tome and Principe,29,binge_user,2025-04-23,0.8,0.06,"gaming,anime,tech"
U03092,andrewpowell,Bhutan,29,active_engager,2025-01-14,0.43,0.22,"finance,fitness,sports"
U03093,powelljoseph,Saint Barthelemy,38,binge_user,2025-02-25,0.72,0.1,"memes,tech,fitness"
U03094,virginia00,Paraguay,25,binge_user,2026-04-26,0.87,0.13,"sports,anime,memes"
U03095,michelle10,Belize,43,active_engager,2025-06-19,0.68,0.18,"fitness,music,sports"
U03096,nicholas09,Eritrea,42,passive_scroller,2025-09-13,0.35,0.02,"tech,gaming,anime"
U03097,jason16,Saint Martin,22,active_engager,2025-05-27,0.48,0.16,"gaming,food,fitness"
U03098,ygarrett,Kenya,26,passive_scroller,2025-06-30,0.25,0.02,"music,gaming,fitness"
U03099,john18,United States Minor Outlying Islands,44,passive_scroller,2026-02-04,0.14,0.05,"sports,food,anime"
U03100,kellytodd,Mongolia,18,active_engager,2025-12-08,0.44,0.2,"finance,anime,tech"
U03101,rodriguezjason,Andorra,39,active_engager,2026-01-13,0.58,0.18,"gaming,anime,memes"
U03102,dawn94,Guinea-Bissau,27,active_engager,2025-05-18,0.53,0.22,"sports,gaming,finance"
U03103,ann97,Niger,31,binge_user,2025-05-09,0.78,0.09,"fitness,food,tech"
U03104,benjaminorozco,San Marino,18,active_engager,2025-09-27,0.59,0.15,"memes,tech,food"
U03105,amandadavis,Angola,35,trend_hopper,2025-06-02,0.53,0.11,"tech,food,sports"
U03106,hortiz,Central African Republic,42,binge_user,2025-05-17,0.7,0.09,"fitness,memes,gaming"
U03107,jesus42,Netherlands Antilles,28,trend_hopper,2025-03-26,0.49,0.08,"memes,music,food"
U03108,shelby89,Bahrain,42,active_engager,2025-10-09,0.43,0.28,"tech,fitness,finance"
U03109,lopezmalik,Macao,36,active_engager,2025-11-16,0.61,0.17,"fitness,music,finance"
U03110,garciaeric,Bangladesh,22,passive_scroller,2025-09-24,0.39,0.05,"sports,finance,tech"
U03111,ljones,Kiribati,35,trend_hopper,2026-02-09,0.44,0.12,"finance,tech,music"
U03112,gary17,Samoa,19,trend_hopper,2026-01-11,0.35,0.07,"anime,finance,music"
U03113,foxross,Niger,38,binge_user,2025-01-16,0.91,0.14,"gaming,fitness,memes"
U03114,fbradley,Somalia,38,binge_user,2025-09-24,0.97,0.06,"tech,fitness,memes"
U03115,brandon59,French Polynesia,44,active_engager,2025-04-04,0.63,0.26,"food,gaming,tech"
U03116,alison93,Syrian Arab Republic,42,passive_scroller,2026-02-05,0.25,0.05,"finance,fitness,tech"
U03117,ojensen,Libyan Arab Jamahiriya,19,trend_hopper,2025-06-16,0.49,0.11,"food,memes,gaming"
U03118,jeffrey01,Reunion,29,passive_scroller,2025-05-14,0.28,0.02,"tech,gaming,finance"
U03119,zallen,Barbados,29,active_engager,2025-12-03,0.48,0.3,"memes,music,anime"
U03120,silvaaaron,Bulgaria,32,trend_hopper,2026-02-17,0.48,0.09,"fitness,anime,memes"
U03121,brandyfox,Sudan,31,active_engager,2025-07-14,0.48,0.21,"sports,music,tech"
U03122,michaelsmith,Gambia,20,binge_user,2025-07-27,0.73,0.1,"memes,tech,sports"
U03123,justin52,Wallis and Futuna,36,binge_user,2025-12-15,0.7,0.05,"tech,anime,food"
U03124,jeanette53,Cambodia,19,binge_user,2026-01-29,0.92,0.11,"gaming,anime,fitness"
U03125,dawnrivera,Spain,19,binge_user,2025-10-07,0.85,0.13,"anime,sports,fitness"
U03126,veronica15,Cook Islands,23,passive_scroller,2025-11-12,0.14,0.02,"anime,finance,food"
U03127,david11,Mexico,39,trend_hopper,2025-06-06,0.45,0.08,"fitness,tech,anime"
U03128,derrick48,Namibia,20,trend_hopper,2025-12-19,0.32,0.05,"anime,sports,gaming"
U03129,drewmoore,Venezuela,22,passive_scroller,2025-07-13,0.16,0.04,"gaming,sports,food"
U03130,devin40,Palau,30,passive_scroller,2025-01-07,0.19,0.03,"food,anime,gaming"
U03131,michael90,Uganda,35,trend_hopper,2025-01-11,0.47,0.1,"sports,tech,anime"
U03132,xpratt,Micronesia,23,passive_scroller,2025-03-11,0.4,0.04,"fitness,gaming,food"
U03133,boydnatasha,Turks and Caicos Islands,44,binge_user,2025-12-23,0.81,0.12,"gaming,anime,sports"
U03134,kristendecker,Congo,31,binge_user,2025-05-30,0.8,0.13,"fitness,food,gaming"
U03135,vpope,Vietnam,26,active_engager,2025-03-06,0.64,0.21,"gaming,tech,food"
U03136,shannonrowland,Mexico,25,binge_user,2025-07-24,0.87,0.09,"anime,music,fitness"
U03137,stephanie34,Cook Islands,40,trend_hopper,2025-04-21,0.32,0.12,"sports,memes,finance"
U03138,shawedward,Botswana,20,binge_user,2026-02-13,0.72,0.14,"fitness,anime,gaming"
U03139,marktate,Peru,45,passive_scroller,2025-04-03,0.23,0.01,"finance,anime,food"
U03140,stephaniewebb,Nigeria,23,trend_hopper,2026-03-18,0.47,0.07,"anime,memes,sports"
U03141,laura03,Martinique,18,active_engager,2025-06-11,0.44,0.18,"sports,finance,fitness"
U03142,gonzalezvincent,Vietnam,43,active_engager,2025-05-20,0.67,0.3,"fitness,music,food"
U03143,beth14,Egypt,30,trend_hopper,2025-03-02,0.53,0.06,"sports,memes,gaming"
U03144,clarkchristopher,Finland,37,binge_user,2026-02-05,0.96,0.12,"music,finance,memes"
U03145,breanna63,British Virgin Islands,36,active_engager,2025-05-31,0.52,0.21,"finance,anime,food"
U03146,karen15,Uzbekistan,22,active_engager,2025-08-23,0.68,0.26,"music,anime,fitness"
U03147,jessicasawyer,French Southern Territories,20,binge_user,2026-04-21,0.76,0.12,"gaming,anime,finance"
U03148,monroeadrian,Antigua and Barbuda,39,active_engager,2026-01-21,0.61,0.21,"finance,gaming,music"
U03149,ryan78,Gabon,39,binge_user,2025-01-31,0.81,0.1,"memes,gaming,sports"
U03150,byrdrandall,Bermuda,39,trend_hopper,2025-09-05,0.56,0.09,"finance,sports,music"
U03151,hancockthomas,Lao People's Democratic Republic,38,trend_hopper,2025-11-10,0.31,0.06,"finance,fitness,memes"
U03152,erica28,Niue,27,active_engager,2026-03-14,0.45,0.17,"fitness,finance,memes"
U03153,benjamin29,Australia,22,active_engager,2025-11-21,0.55,0.21,"gaming,anime,fitness"
U03154,dgriffith,Lebanon,36,passive_scroller,2026-03-23,0.27,0.04,"finance,memes,food"
U03155,davidsonkyle,Sweden,32,passive_scroller,2026-03-12,0.4,0.02,"music,gaming,food"
U03156,powellalexis,San Marino,42,active_engager,2025-08-22,0.47,0.23,"tech,memes,sports"
U03157,jnelson,Fiji,19,passive_scroller,2025-06-25,0.31,0.01,"music,gaming,finance"
U03158,icrane,Saint Lucia,45,active_engager,2025-09-19,0.51,0.23,"sports,fitness,music"
U03159,christophertaylor,Christmas Island,42,binge_user,2025-10-11,0.91,0.06,"memes,tech,music"
U03160,johnelliott,Kiribati,21,trend_hopper,2025-12-31,0.32,0.08,"anime,memes,tech"
U03161,williamduarte,Wallis and Futuna,27,passive_scroller,2025-10-30,0.28,0.05,"tech,memes,gaming"
U03162,rebecca05,Wallis and Futuna,40,binge_user,2026-01-11,0.81,0.11,"food,tech,gaming"
U03163,kevin89,Saint Lucia,42,trend_hopper,2025-11-20,0.39,0.08,"anime,gaming,food"
U03164,maxwelljennifer,British Virgin Islands,25,active_engager,2025-06-07,0.66,0.34,"finance,memes,gaming"
U03165,morganwendy,Benin,29,binge_user,2025-11-11,0.91,0.1,"food,gaming,finance"
U03166,combstiffany,Mongolia,44,binge_user,2025-04-02,0.77,0.13,"finance,food,music"
U03167,bdavidson,Sao Tome and Principe,25,passive_scroller,2026-01-28,0.36,0.04,"food,sports,music"
U03168,jeffreywilson,Mexico,45,active_engager,2025-05-24,0.69,0.19,"music,tech,gaming"
U03169,davidhernandez,Bolivia,25,binge_user,2025-09-11,0.84,0.12,"anime,music,gaming"
U03170,barrtammy,Suriname,28,binge_user,2026-02-08,0.97,0.14,"gaming,music,sports"
U03171,hbautista,Morocco,36,passive_scroller,2026-03-16,0.22,0.02,"anime,music,sports"
U03172,oharris,French Polynesia,26,binge_user,2026-05-01,0.99,0.05,"music,memes,anime"
U03173,tbrown,Angola,26,trend_hopper,2025-11-25,0.54,0.07,"fitness,tech,sports"
U03174,katie25,Mozambique,36,binge_user,2025-12-05,0.98,0.11,"memes,finance,anime"
U03175,douglaskristen,Greece,31,active_engager,2026-02-04,0.47,0.29,"finance,food,memes"
U03176,rjackson,Antarctica (the territory South of 60 deg S),43,trend_hopper,2025-04-03,0.43,0.05,"gaming,tech,music"
U03177,youngjeremy,Qatar,18,binge_user,2025-03-31,0.99,0.08,"finance,food,music"
U03178,newmanbrandy,Rwanda,28,passive_scroller,2026-01-26,0.4,0.03,"music,sports,anime"
U03179,cherylcarter,Armenia,42,binge_user,2025-04-30,0.87,0.15,"tech,food,anime"
U03180,katie44,Uzbekistan,32,active_engager,2025-08-20,0.54,0.34,"anime,tech,memes"
U03181,amy30,Kuwait,18,binge_user,2025-08-10,0.88,0.11,"gaming,tech,fitness"
U03182,xmay,Mayotte,43,binge_user,2025-09-04,0.9,0.11,"finance,gaming,food"
U03183,vmullins,Brazil,38,binge_user,2025-07-12,0.92,0.1,"sports,finance,gaming"
U03184,kristinreed,El Salvador,25,passive_scroller,2025-03-01,0.2,0.05,"anime,fitness,sports"
U03185,whitneyjones,Netherlands,18,trend_hopper,2025-06-08,0.39,0.11,"anime,finance,memes"
U03186,robert96,Peru,27,trend_hopper,2025-07-03,0.56,0.09,"gaming,memes,food"
U03187,jennifernelson,Niue,19,passive_scroller,2025-11-10,0.19,0.02,"food,sports,finance"
U03188,agrimes,Bahamas,27,trend_hopper,2026-02-27,0.34,0.12,"food,fitness,finance"
U03189,wmarks,Belgium,36,passive_scroller,2025-12-02,0.15,0.04,"anime,fitness,food"
U03190,elijahroberson,Germany,35,passive_scroller,2025-11-01,0.39,0.04,"music,gaming,sports"
U03191,ashleymartin,Rwanda,43,trend_hopper,2026-02-26,0.49,0.06,"music,memes,gaming"
U03192,msimmons,Mauritania,30,passive_scroller,2025-11-27,0.17,0.01,"anime,fitness,music"
U03193,woodandrew,Niger,21,passive_scroller,2025-11-25,0.36,0.02,"anime,music,sports"
U03194,ramirezalisha,Netherlands Antilles,40,passive_scroller,2026-01-09,0.3,0.04,"tech,food,finance"
U03195,markhenry,Tonga,27,passive_scroller,2025-02-12,0.15,0.03,"food,anime,gaming"
U03196,harringtoneric,Dominica,38,active_engager,2025-02-17,0.51,0.32,"fitness,tech,gaming"
U03197,catherine30,Singapore,36,active_engager,2025-04-12,0.64,0.33,"anime,tech,memes"
U03198,nathancollins,Nicaragua,27,passive_scroller,2025-01-09,0.38,0.01,"memes,food,gaming"
U03199,taylorangela,Austria,21,binge_user,2025-06-12,0.76,0.15,"sports,music,memes"
U03200,baldwinkimberly,Lesotho,45,active_engager,2025-09-28,0.67,0.15,"memes,food,fitness"
U03201,qmccoy,Svalbard & Jan Mayen Islands,33,trend_hopper,2025-06-25,0.51,0.1,"gaming,tech,food"
U03202,tayloredward,Cuba,42,binge_user,2025-04-27,0.74,0.08,"sports,gaming,fitness"
U03203,cartercarolyn,Iran,36,active_engager,2025-08-01,0.41,0.19,"fitness,gaming,memes"
U03204,smithkatie,Montenegro,35,trend_hopper,2025-09-15,0.57,0.07,"fitness,finance,tech"
U03205,patricia32,Austria,44,trend_hopper,2025-12-13,0.55,0.06,"finance,tech,fitness"
U03206,delliott,Jordan,34,binge_user,2026-04-25,0.88,0.1,"memes,anime,fitness"
U03207,louis92,Poland,45,trend_hopper,2025-09-28,0.59,0.05,"sports,memes,anime"
U03208,brownstanley,Pakistan,24,binge_user,2025-07-31,0.93,0.12,"food,fitness,finance"
U03209,rclark,Mayotte,34,passive_scroller,2025-02-24,0.39,0.02,"music,finance,fitness"
U03210,colebrian,Germany,43,passive_scroller,2026-01-03,0.2,0.01,"finance,music,fitness"
U03211,bcox,Norfolk Island,42,active_engager,2025-04-15,0.67,0.26,"fitness,memes,music"
U03212,vholmes,Belarus,42,trend_hopper,2026-02-26,0.34,0.08,"memes,sports,gaming"
U03213,mileskyle,Kuwait,22,passive_scroller,2025-08-06,0.12,0.05,"music,anime,memes"
U03214,graymonica,Western Sahara,28,passive_scroller,2025-05-29,0.21,0.03,"memes,tech,finance"
U03215,jeanette72,Turkmenistan,25,binge_user,2025-10-10,0.97,0.1,"fitness,finance,music"
U03216,jill37,Brazil,25,active_engager,2025-11-09,0.69,0.22,"tech,music,fitness"
U03217,hendersonjustin,Sri Lanka,40,active_engager,2025-01-05,0.51,0.19,"food,music,anime"
U03218,murillopeter,Cocos (Keeling) Islands,31,trend_hopper,2025-05-15,0.39,0.08,"fitness,gaming,anime"
U03219,awilliams,Eritrea,34,active_engager,2025-08-18,0.53,0.22,"memes,food,finance"
U03220,vasquezchristine,Moldova,24,trend_hopper,2025-01-27,0.36,0.07,"memes,tech,gaming"
U03221,jeremiah45,Liberia,43,passive_scroller,2025-08-03,0.25,0.04,"gaming,memes,music"
U03222,staceyguerrero,Cocos (Keeling) Islands,45,binge_user,2026-01-09,0.82,0.08,"fitness,tech,music"
U03223,canderson,Bhutan,31,binge_user,2025-08-18,0.76,0.07,"gaming,music,tech"
U03224,jonessydney,Guatemala,26,active_engager,2025-10-06,0.62,0.3,"tech,fitness,memes"
U03225,vmartinez,Kenya,27,active_engager,2025-02-12,0.5,0.21,"anime,memes,tech"
U03226,dolsen,Madagascar,35,passive_scroller,2026-02-04,0.11,0.03,"gaming,music,fitness"
U03227,duncanangela,Kiribati,27,trend_hopper,2025-01-10,0.39,0.07,"anime,tech,finance"
U03228,weeksdonna,Anguilla,20,binge_user,2025-05-23,0.96,0.07,"finance,sports,gaming"
U03229,carmenbarry,Venezuela,25,active_engager,2025-10-11,0.5,0.29,"anime,fitness,tech"
U03230,grodriguez,Kenya,19,active_engager,2025-04-27,0.47,0.21,"finance,tech,gaming"
U03231,jacobmoore,Kyrgyz Republic,28,active_engager,2026-03-06,0.67,0.26,"gaming,music,fitness"
U03232,bonnie46,Fiji,33,active_engager,2025-04-07,0.54,0.22,"food,fitness,tech"
U03233,chelsea76,Haiti,26,binge_user,2025-01-19,0.75,0.09,"tech,memes,gaming"
U03234,clarkekelly,Bouvet Island (Bouvetoya),29,active_engager,2026-03-14,0.57,0.27,"sports,fitness,food"
U03235,jeffshaw,Israel,39,active_engager,2025-05-13,0.59,0.24,"gaming,food,finance"
U03236,greertimothy,Congo,32,trend_hopper,2025-07-05,0.5,0.05,"anime,memes,fitness"
U03237,destinyspencer,Northern Mariana Islands,34,trend_hopper,2026-03-31,0.33,0.11,"sports,finance,tech"
U03238,deborah51,Sri Lanka,22,trend_hopper,2026-03-24,0.42,0.11,"anime,memes,tech"
U03239,simmonsmanuel,Algeria,34,active_engager,2025-03-01,0.53,0.26,"gaming,memes,anime"
U03240,uduran,Korea,21,passive_scroller,2025-08-14,0.27,0.04,"fitness,food,memes"
U03241,justin66,Germany,23,binge_user,2026-04-28,0.83,0.1,"memes,food,tech"
U03242,david46,Samoa,35,active_engager,2026-01-25,0.49,0.27,"sports,food,music"
U03243,craig53,Equatorial Guinea,19,trend_hopper,2025-02-09,0.4,0.09,"memes,food,tech"
U03244,jessicamontes,Cape Verde,25,active_engager,2025-10-20,0.7,0.31,"memes,fitness,food"
U03245,jacqueline84,Sao Tome and Principe,22,active_engager,2026-01-23,0.5,0.27,"memes,tech,finance"
U03246,greeneaustin,Mozambique,37,active_engager,2026-02-19,0.41,0.26,"anime,fitness,sports"
U03247,garciasydney,Jamaica,20,binge_user,2025-08-14,0.79,0.09,"fitness,sports,food"
U03248,brandirhodes,Falkland Islands (Malvinas),41,passive_scroller,2025-05-06,0.22,0.01,"tech,music,fitness"
U03249,klutz,Netherlands Antilles,43,trend_hopper,2026-04-27,0.32,0.12,"music,gaming,anime"
U03250,ajohnson,Armenia,39,trend_hopper,2025-11-13,0.47,0.1,"tech,memes,fitness"
U03251,xpage,Costa Rica,22,active_engager,2025-02-09,0.44,0.16,"fitness,gaming,memes"
U03252,sgutierrez,Faroe Islands,18,active_engager,2025-01-06,0.41,0.17,"anime,gaming,sports"
U03253,ofreeman,Sudan,24,passive_scroller,2025-10-07,0.28,0.05,"food,music,fitness"
U03254,edavis,Costa Rica,22,passive_scroller,2026-02-21,0.2,0.03,"tech,memes,fitness"
U03255,joseph60,Northern Mariana Islands,38,active_engager,2026-02-08,0.47,0.16,"tech,fitness,memes"
U03256,wallrachael,Uruguay,37,binge_user,2025-08-29,0.98,0.05,"fitness,gaming,anime"
U03257,tonyadixon,Marshall Islands,39,passive_scroller,2026-01-11,0.2,0.03,"gaming,sports,finance"
U03258,melissaford,Tuvalu,42,trend_hopper,2025-02-10,0.47,0.1,"fitness,tech,sports"
U03259,elizabethlindsey,Tuvalu,45,active_engager,2025-11-30,0.55,0.19,"tech,finance,food"
U03260,justinhopkins,Christmas Island,37,passive_scroller,2026-01-26,0.1,0.03,"food,music,gaming"
U03261,crystal93,Benin,25,binge_user,2026-01-31,0.88,0.06,"anime,food,sports"
U03262,downsjesse,Grenada,28,passive_scroller,2025-03-11,0.38,0.03,"finance,tech,gaming"
U03263,paul87,Canada,22,active_engager,2025-10-08,0.41,0.33,"gaming,anime,tech"
U03264,myersmolly,United Arab Emirates,45,trend_hopper,2025-06-11,0.52,0.06,"sports,gaming,food"
U03265,amorgan,Andorra,19,binge_user,2025-04-22,0.96,0.11,"finance,gaming,anime"
U03266,mcclainashley,North Macedonia,26,active_engager,2025-03-27,0.42,0.25,"gaming,anime,memes"
U03267,ymoore,Bermuda,42,binge_user,2025-09-24,0.97,0.11,"tech,anime,finance"
U03268,stantontracy,Tuvalu,19,trend_hopper,2026-03-09,0.39,0.09,"sports,fitness,gaming"
U03269,goodmandaniel,Timor-Leste,22,passive_scroller,2025-09-23,0.28,0.03,"food,sports,memes"
U03270,millerdana,Czech Republic,38,passive_scroller,2025-06-25,0.13,0.03,"gaming,finance,music"
U03271,gburton,Solomon Islands,24,trend_hopper,2026-03-22,0.54,0.11,"food,tech,gaming"
U03272,douglas65,Faroe Islands,34,active_engager,2025-01-23,0.48,0.31,"gaming,finance,memes"
U03273,sheri11,Slovenia,19,passive_scroller,2025-04-06,0.38,0.03,"memes,tech,food"
U03274,nguyenmeghan,New Caledonia,22,passive_scroller,2026-03-31,0.29,0.05,"tech,music,gaming"
U03275,gutierrezstephen,Sierra Leone,20,trend_hopper,2025-12-22,0.35,0.1,"tech,music,memes"
U03276,fwong,Jamaica,23,trend_hopper,2026-04-19,0.46,0.11,"music,finance,food"
U03277,tinahoward,Turks and Caicos Islands,21,trend_hopper,2026-01-14,0.47,0.08,"food,sports,fitness"
U03278,brownandrew,Montserrat,20,trend_hopper,2025-01-11,0.47,0.05,"anime,tech,memes"
U03279,walkerholly,Iceland,42,trend_hopper,2025-05-25,0.56,0.09,"fitness,food,memes"
U03280,shawn97,India,41,active_engager,2025-02-23,0.54,0.32,"fitness,music,finance"
U03281,gcooper,Cocos (Keeling) Islands,21,trend_hopper,2026-01-16,0.36,0.1,"music,anime,gaming"
U03282,rjohnson,Belize,26,binge_user,2025-06-03,0.86,0.07,"gaming,tech,sports"
U03283,thomasriley,Morocco,44,trend_hopper,2025-01-23,0.46,0.09,"memes,gaming,anime"
U03284,jamie44,Maldives,19,binge_user,2025-12-13,0.81,0.12,"sports,memes,gaming"
U03285,wilsonamanda,Montenegro,32,binge_user,2025-05-26,0.71,0.15,"anime,fitness,tech"
U03286,morganjane,Saint Barthelemy,37,passive_scroller,2025-01-29,0.2,0.04,"gaming,anime,memes"
U03287,nathanstone,Algeria,21,active_engager,2025-08-08,0.61,0.25,"tech,gaming,anime"
U03288,rbrown,Saint Vincent and the Grenadines,37,binge_user,2025-11-04,0.94,0.11,"gaming,music,finance"
U03289,kenneth35,Mayotte,40,active_engager,2025-09-28,0.61,0.17,"music,food,tech"
U03290,istuart,Holy See (Vatican City State),24,trend_hopper,2025-08-02,0.58,0.11,"gaming,memes,anime"
U03291,michaeldunlap,United Kingdom,26,trend_hopper,2026-02-24,0.51,0.09,"fitness,music,tech"
U03292,tara02,Mauritania,34,passive_scroller,2026-02-11,0.11,0.04,"music,anime,fitness"
U03293,toddwhitney,Montenegro,19,binge_user,2025-05-26,0.71,0.08,"gaming,food,fitness"
U03294,awilson,Israel,42,binge_user,2025-10-18,0.71,0.1,"sports,anime,fitness"
U03295,qhowell,Hong Kong,25,active_engager,2025-08-05,0.63,0.29,"gaming,memes,anime"
U03296,revans,Jersey,26,binge_user,2025-10-12,0.91,0.08,"food,fitness,sports"
U03297,armstrongwilliam,Nepal,39,trend_hopper,2025-03-04,0.49,0.09,"finance,memes,music"
U03298,pamelasolomon,South Georgia and the South Sandwich Islands,28,trend_hopper,2025-08-19,0.33,0.1,"sports,tech,memes"
U03299,tkelly,Bolivia,44,binge_user,2026-02-21,0.84,0.11,"fitness,sports,food"
U03300,zachary93,Tuvalu,31,active_engager,2025-02-17,0.41,0.18,"sports,music,anime"
U03301,francisnatasha,Haiti,23,binge_user,2025-11-29,0.78,0.12,"memes,gaming,music"
U03302,brownpriscilla,Lebanon,39,active_engager,2026-04-28,0.62,0.31,"fitness,finance,sports"
U03303,nixonjill,Cape Verde,31,passive_scroller,2025-06-18,0.39,0.02,"memes,food,music"
U03304,sdudley,Mozambique,35,passive_scroller,2025-08-17,0.39,0.04,"gaming,memes,tech"
U03305,iroberts,Macao,30,passive_scroller,2025-02-16,0.32,0.02,"fitness,food,gaming"
U03306,snixon,Bahrain,43,binge_user,2025-03-04,0.79,0.11,"fitness,food,finance"
U03307,vaughnmelissa,Turkey,25,trend_hopper,2026-02-22,0.48,0.08,"music,fitness,gaming"
U03308,ashleybrooks,Guyana,40,trend_hopper,2025-04-28,0.44,0.08,"tech,food,gaming"
U03309,donna55,United Arab Emirates,42,trend_hopper,2026-03-03,0.47,0.09,"music,tech,gaming"
U03310,carolinemercado,Vanuatu,40,binge_user,2025-02-20,0.89,0.07,"fitness,tech,music"
U03311,christophergreene,Honduras,39,binge_user,2025-12-12,0.96,0.07,"gaming,fitness,music"
U03312,ecobb,Mayotte,42,passive_scroller,2026-04-17,0.26,0.05,"tech,memes,gaming"
U03313,vincentfoster,Finland,44,active_engager,2025-03-15,0.43,0.3,"music,tech,memes"
U03314,edwin32,Switzerland,42,binge_user,2026-01-27,0.7,0.13,"tech,sports,finance"
U03315,summermiller,Aruba,28,passive_scroller,2026-04-22,0.24,0.04,"gaming,tech,food"
U03316,kirsten35,Luxembourg,20,active_engager,2025-12-26,0.52,0.21,"finance,tech,memes"
U03317,kellyreeves,Bahamas,22,binge_user,2025-08-23,0.81,0.1,"anime,memes,music"
U03318,williamsonvictor,Sierra Leone,39,active_engager,2025-07-26,0.47,0.24,"fitness,tech,gaming"
U03319,hillchristine,French Polynesia,25,binge_user,2025-10-11,0.78,0.07,"gaming,anime,finance"
U03320,juancarpenter,Liberia,21,active_engager,2025-08-11,0.42,0.26,"fitness,food,memes"
U03321,michellewood,United States Virgin Islands,29,trend_hopper,2025-02-08,0.56,0.1,"food,music,sports"
U03322,brittany02,Romania,45,trend_hopper,2026-02-17,0.56,0.1,"finance,music,fitness"
U03323,thomas01,China,45,binge_user,2025-09-16,0.77,0.07,"sports,anime,gaming"
U03324,robin27,Thailand,31,passive_scroller,2026-02-06,0.35,0.02,"finance,tech,anime"
U03325,bgarcia,Ghana,24,binge_user,2025-04-09,0.71,0.08,"fitness,anime,gaming"
U03326,hullmary,Romania,38,active_engager,2025-05-30,0.6,0.23,"sports,gaming,finance"
U03327,vwarner,Heard Island and McDonald Islands,41,passive_scroller,2025-06-11,0.23,0.01,"music,anime,food"
U03328,hflores,Saudi Arabia,37,active_engager,2025-02-13,0.42,0.32,"gaming,tech,anime"
U03329,fstewart,Mongolia,28,binge_user,2025-09-04,0.84,0.14,"food,anime,sports"
U03330,riverascott,Jersey,38,binge_user,2025-11-18,0.99,0.11,"food,memes,tech"
U03331,adam15,Nicaragua,38,active_engager,2025-01-05,0.45,0.33,"fitness,music,sports"
U03332,edwardcallahan,Cameroon,22,passive_scroller,2025-09-25,0.19,0.03,"finance,sports,memes"
U03333,dsmith,Barbados,41,active_engager,2026-04-28,0.48,0.24,"finance,fitness,music"
U03334,jacqueline78,Germany,35,passive_scroller,2025-05-12,0.32,0.02,"finance,gaming,food"
U03335,robinsonlance,Colombia,27,trend_hopper,2026-04-24,0.39,0.08,"gaming,memes,music"
U03336,edward38,Honduras,34,passive_scroller,2026-04-20,0.29,0.04,"food,anime,tech"
U03337,nking,New Zealand,30,active_engager,2025-10-23,0.68,0.24,"sports,food,music"
U03338,angela70,Uzbekistan,23,passive_scroller,2025-10-22,0.36,0.04,"music,sports,food"
U03339,bryanjackson,Rwanda,45,passive_scroller,2026-04-20,0.34,0.01,"music,anime,food"
U03340,twilliams,Indonesia,25,active_engager,2025-10-21,0.68,0.29,"gaming,music,food"
U03341,jbowen,Western Sahara,39,passive_scroller,2026-04-19,0.34,0.03,"finance,fitness,tech"
U03342,bdickerson,Palestinian Territory,42,active_engager,2026-02-06,0.45,0.3,"memes,anime,gaming"
U03343,stevenmartinez,Botswana,30,active_engager,2025-09-10,0.6,0.28,"anime,tech,food"
U03344,leslie13,French Guiana,22,passive_scroller,2026-03-03,0.26,0.04,"memes,tech,music"
U03345,edwardsmith,Greece,25,binge_user,2025-11-04,0.87,0.09,"fitness,music,memes"
U03346,jamescindy,Saint Helena,18,passive_scroller,2025-04-10,0.3,0.03,"memes,food,fitness"
U03347,donna93,Palestinian Territory,21,trend_hopper,2026-02-05,0.32,0.1,"memes,sports,food"
U03348,zruiz,Malaysia,28,trend_hopper,2026-01-22,0.6,0.11,"anime,tech,memes"
U03349,nguyenjustin,France,34,binge_user,2025-06-09,0.89,0.12,"anime,food,sports"
U03350,maria47,Sudan,30,active_engager,2025-12-29,0.69,0.32,"fitness,sports,music"
U03351,malvarado,Burkina Faso,22,binge_user,2025-01-16,0.81,0.1,"food,fitness,finance"
U03352,griffinrobert,Cameroon,33,passive_scroller,2025-11-29,0.24,0.03,"finance,music,food"
U03353,colliersuzanne,Saint Lucia,31,passive_scroller,2025-06-29,0.18,0.04,"anime,finance,tech"
U03354,kellycantu,Mali,25,active_engager,2026-03-10,0.5,0.31,"music,gaming,food"
U03355,jacksonconnie,Kazakhstan,29,active_engager,2025-01-28,0.64,0.17,"sports,gaming,memes"
U03356,birdgary,Papua New Guinea,32,trend_hopper,2025-04-24,0.59,0.06,"finance,music,fitness"
U03357,melissamueller,Swaziland,41,trend_hopper,2026-03-27,0.47,0.07,"fitness,gaming,music"
U03358,christine16,Montserrat,42,active_engager,2025-02-08,0.52,0.32,"music,food,sports"
U03359,caitlin60,Mayotte,20,active_engager,2025-06-08,0.45,0.33,"tech,anime,gaming"
U03360,meltonbrian,Chad,38,active_engager,2025-09-18,0.48,0.34,"sports,tech,fitness"
U03361,rogersjoshua,Qatar,24,active_engager,2025-06-30,0.51,0.34,"memes,tech,anime"
U03362,portersteven,United States Minor Outlying Islands,39,trend_hopper,2025-01-16,0.46,0.1,"memes,gaming,food"
U03363,cunninghamjeremy,Samoa,35,binge_user,2025-03-28,0.83,0.1,"gaming,music,fitness"
U03364,nortonlauren,Cameroon,34,passive_scroller,2026-03-04,0.27,0.03,"music,tech,finance"
U03365,danielellis,Iceland,18,active_engager,2025-05-13,0.64,0.28,"gaming,anime,food"
U03366,kathleen15,Tajikistan,37,binge_user,2025-11-17,0.94,0.13,"tech,anime,memes"
U03367,paul49,Saint Kitts and Nevis,45,binge_user,2025-11-24,0.87,0.12,"sports,memes,anime"
U03368,imorris,New Caledonia,37,trend_hopper,2025-10-10,0.55,0.07,"finance,memes,food"
U03369,michael58,Luxembourg,26,passive_scroller,2025-08-24,0.39,0.03,"gaming,memes,sports"
U03370,donna18,Slovenia,41,passive_scroller,2025-08-22,0.26,0.03,"anime,music,tech"
U03371,ralexander,Croatia,18,passive_scroller,2025-07-09,0.26,0.02,"memes,food,tech"
U03372,petersnina,Ukraine,24,binge_user,2025-10-13,0.89,0.11,"memes,tech,anime"
U03373,dawnflores,Japan,23,trend_hopper,2025-10-16,0.41,0.06,"memes,fitness,sports"
U03374,kathleensantos,Micronesia,21,passive_scroller,2025-08-17,0.12,0.01,"fitness,gaming,sports"
U03375,wfrye,Costa Rica,43,passive_scroller,2025-04-16,0.17,0.04,"tech,gaming,anime"
U03376,syoder,Iraq,22,binge_user,2025-02-23,0.93,0.11,"anime,fitness,finance"
U03377,stantonmelissa,Nauru,24,trend_hopper,2025-02-13,0.31,0.09,"anime,sports,food"
U03378,maurice31,Western Sahara,29,active_engager,2026-01-04,0.52,0.19,"tech,memes,food"
U03379,mcdonaldpatrick,Brunei Darussalam,37,passive_scroller,2025-12-19,0.34,0.04,"food,memes,gaming"
U03380,alison86,Cameroon,23,passive_scroller,2025-07-08,0.11,0.02,"tech,gaming,food"
U03381,wigginssherri,Netherlands,27,binge_user,2026-03-08,0.96,0.13,"gaming,food,anime"
U03382,anthony52,United States of America,20,active_engager,2025-11-12,0.7,0.27,"memes,fitness,food"
U03383,james40,Samoa,36,active_engager,2025-09-05,0.68,0.25,"fitness,anime,tech"
U03384,cynthiarobinson,France,40,trend_hopper,2025-02-16,0.58,0.08,"music,gaming,sports"
U03385,wongpatrick,Saint Lucia,18,trend_hopper,2025-08-21,0.55,0.09,"finance,food,tech"
U03386,kennethgarcia,Mozambique,25,passive_scroller,2025-08-11,0.35,0.03,"finance,gaming,fitness"
U03387,victoria77,Bolivia,25,binge_user,2025-05-07,0.77,0.06,"sports,music,tech"
U03388,tclay,Nepal,45,trend_hopper,2025-01-07,0.38,0.08,"fitness,gaming,anime"
U03389,christina29,Malaysia,33,passive_scroller,2025-11-01,0.22,0.04,"memes,music,sports"
U03390,douglasbrown,French Guiana,24,trend_hopper,2025-04-13,0.57,0.09,"sports,gaming,food"
U03391,benjaminrhodes,Cayman Islands,21,binge_user,2025-11-10,0.76,0.06,"anime,memes,food"
U03392,hgross,Saint Kitts and Nevis,42,binge_user,2025-08-23,0.97,0.15,"anime,food,fitness"
U03393,anitaperez,Saint Martin,33,binge_user,2025-02-01,0.94,0.12,"sports,music,food"
U03394,stacy03,Colombia,40,active_engager,2025-11-10,0.59,0.34,"finance,memes,gaming"
U03395,jessicapeterson,Honduras,29,active_engager,2025-01-03,0.58,0.2,"sports,food,anime"
U03396,david23,Macao,35,active_engager,2025-11-10,0.64,0.23,"memes,food,tech"
U03397,igreen,Mozambique,44,active_engager,2025-08-21,0.52,0.27,"tech,finance,anime"
U03398,harry22,Niger,21,trend_hopper,2025-12-29,0.52,0.1,"finance,sports,fitness"
U03399,beth53,French Guiana,29,binge_user,2026-03-02,0.99,0.14,"food,fitness,sports"
U03400,gabrielfrederick,Zimbabwe,44,binge_user,2025-08-01,0.84,0.09,"sports,gaming,fitness"
U03401,sophiajones,Tonga,32,trend_hopper,2026-03-17,0.47,0.05,"anime,fitness,memes"
U03402,madison36,Thailand,27,active_engager,2025-12-10,0.62,0.16,"gaming,music,anime"
U03403,rick90,Egypt,24,trend_hopper,2025-08-21,0.54,0.1,"sports,tech,fitness"
U03404,james11,Taiwan,44,binge_user,2025-10-29,0.73,0.08,"food,gaming,music"
U03405,jennifer20,Slovenia,39,trend_hopper,2025-12-03,0.52,0.06,"tech,fitness,anime"
U03406,shawnmolina,Iraq,23,trend_hopper,2026-03-20,0.43,0.11,"anime,music,gaming"
U03407,donna31,Kenya,39,trend_hopper,2025-05-11,0.52,0.09,"finance,fitness,food"
U03408,vlam,Malawi,32,passive_scroller,2026-03-06,0.39,0.03,"sports,music,food"
U03409,thompsonmichael,Iceland,26,trend_hopper,2025-04-12,0.58,0.05,"food,finance,memes"
U03410,amandaschmidt,Sao Tome and Principe,19,passive_scroller,2025-10-29,0.22,0.03,"memes,music,fitness"
U03411,jenniferbrandt,Northern Mariana Islands,35,trend_hopper,2025-03-13,0.49,0.07,"music,memes,tech"
U03412,penningtonholly,Latvia,25,active_engager,2026-03-18,0.69,0.25,"memes,fitness,anime"
U03413,jjimenez,Mauritania,24,active_engager,2026-04-30,0.59,0.16,"fitness,memes,music"
U03414,cynthiamcmahon,Libyan Arab Jamahiriya,36,trend_hopper,2025-10-17,0.36,0.07,"food,finance,music"
U03415,valerie03,Andorra,19,active_engager,2025-11-16,0.64,0.23,"music,anime,finance"
U03416,wwebster,Uruguay,44,active_engager,2025-11-30,0.43,0.15,"finance,tech,gaming"
U03417,michellecasey,Palestinian Territory,35,trend_hopper,2026-04-15,0.47,0.06,"gaming,music,finance"
U03418,donna86,Norway,33,binge_user,2025-07-22,0.71,0.08,"tech,sports,gaming"
U03419,perrythomas,Malawi,44,active_engager,2025-11-04,0.41,0.17,"music,tech,fitness"
U03420,matthewtaylor,Dominica,42,active_engager,2025-10-06,0.57,0.34,"tech,memes,sports"
U03421,thorntonalexandra,Argentina,24,binge_user,2026-02-23,0.75,0.13,"gaming,anime,memes"
U03422,bwells,Jordan,26,binge_user,2025-09-23,0.87,0.11,"fitness,tech,gaming"
U03423,christopher71,French Polynesia,29,trend_hopper,2025-05-24,0.58,0.09,"finance,anime,food"
U03424,nicholas74,United Arab Emirates,44,binge_user,2025-05-22,0.71,0.1,"sports,tech,food"
U03425,rnguyen,Azerbaijan,25,binge_user,2025-04-23,0.71,0.1,"fitness,sports,food"
U03426,dgomez,Grenada,32,active_engager,2025-01-27,0.42,0.15,"food,tech,fitness"
U03427,flawson,Poland,22,active_engager,2026-03-05,0.64,0.32,"anime,finance,tech"
U03428,mmartin,Liechtenstein,39,active_engager,2025-08-13,0.48,0.33,"memes,anime,music"
U03429,matthewbell,Tanzania,41,trend_hopper,2025-04-27,0.42,0.06,"finance,music,memes"
U03430,vbraun,United Kingdom,40,active_engager,2025-02-13,0.54,0.28,"gaming,memes,food"
U03431,faithclark,Myanmar,28,passive_scroller,2025-03-12,0.22,0.01,"finance,gaming,tech"
U03432,serranodominique,Luxembourg,20,passive_scroller,2026-03-16,0.1,0.02,"anime,finance,food"
U03433,susan26,United Kingdom,44,binge_user,2025-05-30,0.85,0.13,"sports,tech,finance"
U03434,aaron84,Antigua and Barbuda,25,trend_hopper,2025-07-17,0.52,0.08,"food,finance,fitness"
U03435,zhenderson,El Salvador,37,binge_user,2026-03-29,0.78,0.07,"music,memes,anime"
U03436,abarrett,Sudan,24,trend_hopper,2025-08-15,0.4,0.09,"sports,tech,gaming"
U03437,valeriesmith,Philippines,28,active_engager,2026-03-08,0.4,0.35,"gaming,food,music"
U03438,teresamclean,Guyana,29,binge_user,2025-02-05,0.74,0.12,"memes,food,anime"
U03439,samantha22,Colombia,39,binge_user,2025-03-08,0.99,0.14,"anime,tech,gaming"
U03440,lori32,Saint Kitts and Nevis,37,trend_hopper,2026-02-03,0.57,0.07,"food,gaming,finance"
U03441,sarah63,Netherlands Antilles,31,active_engager,2025-09-17,0.62,0.33,"food,sports,tech"
U03442,brittanysantiago,Chad,19,binge_user,2025-12-08,0.77,0.14,"finance,anime,music"
U03443,vmiller,Mali,18,trend_hopper,2025-09-18,0.57,0.1,"gaming,music,finance"
U03444,yhardin,French Southern Territories,35,binge_user,2026-03-09,0.93,0.06,"memes,sports,tech"
U03445,maypatrick,Gabon,35,active_engager,2025-10-23,0.65,0.33,"food,music,tech"
U03446,andrea37,Liechtenstein,33,binge_user,2026-03-12,0.87,0.15,"music,fitness,food"
U03447,anne92,Samoa,22,trend_hopper,2025-05-31,0.32,0.07,"memes,finance,tech"
U03448,tlawson,Azerbaijan,32,passive_scroller,2025-12-12,0.24,0.05,"sports,anime,finance"
U03449,olong,Bahamas,18,trend_hopper,2026-04-09,0.55,0.1,"food,tech,gaming"
U03450,gregorydickerson,Cayman Islands,36,active_engager,2025-11-17,0.62,0.21,"food,memes,sports"
U03451,connorfisher,Macao,38,passive_scroller,2025-11-02,0.24,0.02,"music,tech,gaming"
U03452,caldwellkimberly,Luxembourg,45,binge_user,2025-02-12,0.81,0.14,"fitness,anime,food"
U03453,hernandezjohn,Cameroon,44,trend_hopper,2026-03-06,0.59,0.07,"finance,food,tech"
U03454,matthew90,Finland,24,passive_scroller,2025-01-28,0.19,0.03,"gaming,memes,tech"
U03455,ycarey,Chile,42,trend_hopper,2026-03-21,0.46,0.08,"food,gaming,memes"
U03456,john94,France,32,passive_scroller,2026-01-19,0.33,0.04,"anime,sports,fitness"
U03457,melissaavila,Reunion,37,binge_user,2026-03-29,0.76,0.09,"fitness,food,memes"
U03458,loveryan,Nauru,20,binge_user,2025-12-07,0.9,0.05,"finance,gaming,music"
U03459,kanderson,Zambia,25,active_engager,2025-09-01,0.68,0.16,"sports,music,food"
U03460,rebecca90,Iraq,22,trend_hopper,2025-11-02,0.36,0.07,"gaming,anime,fitness"
U03461,ewhite,Costa Rica,42,binge_user,2025-04-12,0.89,0.13,"finance,sports,tech"
U03462,jonesshelley,Oman,30,trend_hopper,2025-02-11,0.41,0.06,"music,finance,anime"
U03463,cameron71,Antigua and Barbuda,29,active_engager,2025-10-10,0.6,0.25,"finance,memes,food"
U03464,paul15,Czech Republic,28,active_engager,2025-10-01,0.68,0.29,"sports,memes,music"
U03465,aliciakramer,Gibraltar,29,passive_scroller,2025-03-27,0.36,0.03,"food,gaming,sports"
U03466,robert94,Serbia,29,passive_scroller,2026-04-20,0.31,0.02,"tech,sports,music"
U03467,paulsnyder,Burkina Faso,43,active_engager,2026-03-08,0.69,0.25,"anime,gaming,sports"
U03468,etucker,Cape Verde,43,binge_user,2025-03-14,0.7,0.08,"finance,sports,fitness"
U03469,amberbailey,Burundi,42,active_engager,2026-01-08,0.44,0.28,"anime,finance,gaming"
U03470,deborahyu,Mali,19,active_engager,2025-05-28,0.59,0.19,"memes,anime,tech"
U03471,pearsongary,Cocos (Keeling) Islands,21,binge_user,2025-03-21,0.78,0.05,"gaming,food,memes"
U03472,daniellecarlson,Uganda,42,trend_hopper,2025-02-07,0.34,0.07,"finance,tech,sports"
U03473,rebeccarobinson,United States of America,39,passive_scroller,2026-02-18,0.26,0.04,"sports,anime,food"
U03474,kimberlycarpenter,South Georgia and the South Sandwich Islands,41,passive_scroller,2026-04-11,0.14,0.03,"food,tech,anime"
U03475,cole78,Cameroon,33,active_engager,2025-05-01,0.7,0.24,"memes,music,food"
U03476,hhinton,Sierra Leone,42,trend_hopper,2025-02-12,0.51,0.08,"memes,sports,anime"
U03477,hsmith,Bolivia,19,passive_scroller,2025-03-08,0.23,0.03,"finance,tech,gaming"
U03478,eric28,Guadeloupe,22,passive_scroller,2025-12-01,0.12,0.05,"finance,gaming,anime"
U03479,michael94,Antigua and Barbuda,22,trend_hopper,2025-04-12,0.5,0.1,"food,finance,memes"
U03480,kelli66,Oman,32,binge_user,2026-02-15,0.85,0.12,"memes,tech,music"
U03481,bryantmary,Czech Republic,21,active_engager,2025-09-28,0.58,0.35,"music,food,memes"
U03482,dyerjacqueline,Sudan,29,binge_user,2026-01-13,0.97,0.07,"food,sports,fitness"
U03483,olopez,Cyprus,22,active_engager,2025-10-21,0.4,0.33,"memes,fitness,sports"
U03484,dmoon,Gibraltar,41,binge_user,2025-09-06,0.71,0.09,"finance,anime,food"
U03485,smithangela,Wallis and Futuna,41,active_engager,2025-07-24,0.66,0.15,"sports,music,gaming"
U03486,aguilarkatie,Taiwan,31,active_engager,2025-06-08,0.6,0.2,"anime,tech,fitness"
U03487,tommykelly,Suriname,32,passive_scroller,2025-07-20,0.11,0.04,"anime,food,music"
U03488,lori45,Saint Martin,38,active_engager,2025-07-08,0.54,0.21,"anime,sports,memes"
U03489,luis33,Sudan,18,trend_hopper,2025-02-23,0.52,0.1,"sports,food,tech"
U03490,phernandez,Korea,39,binge_user,2025-04-29,0.91,0.11,"finance,sports,food"
U03491,yhernandez,Argentina,30,active_engager,2025-02-05,0.56,0.19,"tech,anime,music"
U03492,santanatina,Russian Federation,20,active_engager,2025-05-07,0.47,0.2,"sports,food,finance"
U03493,ayerscathy,Saint Martin,32,passive_scroller,2025-09-13,0.24,0.03,"music,gaming,finance"
U03494,robersonnicholas,Mauritius,42,trend_hopper,2025-04-13,0.54,0.07,"gaming,anime,tech"
U03495,chelsea51,Uruguay,41,active_engager,2025-12-14,0.68,0.29,"tech,food,sports"
U03496,melissa34,Kyrgyz Republic,28,trend_hopper,2025-01-20,0.49,0.11,"tech,anime,memes"
U03497,gabriella58,Cameroon,21,passive_scroller,2026-01-31,0.37,0.05,"tech,gaming,finance"
U03498,sarnold,Suriname,38,active_engager,2025-06-18,0.67,0.27,"finance,sports,memes"
U03499,taylorerickson,Turks and Caicos Islands,28,trend_hopper,2026-03-31,0.51,0.11,"tech,memes,sports"
U03500,kennethchase,El Salvador,40,binge_user,2025-02-04,0.82,0.1,"finance,anime,fitness"
U03501,zwilliamson,Belarus,37,active_engager,2025-07-15,0.54,0.21,"food,fitness,tech"
U03502,kevin50,Maldives,31,active_engager,2025-04-30,0.53,0.22,"fitness,memes,anime"
U03503,ksoto,Brunei Darussalam,39,trend_hopper,2025-01-11,0.33,0.12,"sports,gaming,fitness"
U03504,usmith,Rwanda,31,binge_user,2025-08-17,0.78,0.12,"gaming,memes,tech"
U03505,vwalsh,Bangladesh,23,passive_scroller,2025-10-25,0.17,0.04,"sports,gaming,finance"
U03506,iquinn,Mozambique,27,passive_scroller,2025-04-24,0.27,0.03,"music,food,memes"
U03507,marcmurray,Lesotho,18,trend_hopper,2026-02-01,0.42,0.06,"music,sports,finance"
U03508,harveyjohn,Chile,30,trend_hopper,2026-04-05,0.57,0.11,"sports,anime,music"
U03509,brandonbarnes,Nigeria,20,active_engager,2025-11-21,0.58,0.23,"finance,food,fitness"
U03510,woodcrystal,Algeria,40,trend_hopper,2026-03-07,0.47,0.05,"music,fitness,tech"
U03511,charlottefisher,Latvia,44,passive_scroller,2026-03-16,0.36,0.04,"tech,sports,food"
U03512,marypatterson,Belgium,24,trend_hopper,2025-05-08,0.42,0.05,"tech,sports,memes"
U03513,sheltonlauren,British Virgin Islands,33,binge_user,2026-04-28,0.78,0.14,"tech,finance,food"
U03514,nbowen,Nicaragua,40,trend_hopper,2025-08-14,0.5,0.07,"gaming,memes,music"
U03515,dwaynegomez,Afghanistan,45,active_engager,2025-08-25,0.49,0.23,"memes,anime,gaming"
U03516,gardnerthomas,Nepal,25,binge_user,2025-12-30,0.78,0.09,"fitness,sports,finance"
U03517,adambird,Palau,26,active_engager,2025-02-28,0.58,0.23,"anime,fitness,music"
U03518,dgonzales,Gibraltar,27,trend_hopper,2025-04-24,0.44,0.09,"anime,sports,memes"
U03519,cindyyang,Mongolia,39,active_engager,2025-10-15,0.53,0.16,"fitness,food,sports"
U03520,gjimenez,Qatar,37,binge_user,2026-04-16,0.8,0.15,"food,memes,fitness"
U03521,opowell,Malta,21,active_engager,2026-02-23,0.69,0.32,"music,gaming,finance"
U03522,swansonzachary,Argentina,23,passive_scroller,2025-08-05,0.36,0.05,"memes,food,sports"
U03523,icunningham,Kenya,22,active_engager,2026-02-24,0.59,0.21,"memes,finance,food"
U03524,gregoryjohnson,Mexico,22,passive_scroller,2025-05-05,0.13,0.03,"memes,anime,sports"
U03525,ian07,Sudan,25,passive_scroller,2025-07-01,0.37,0.05,"gaming,sports,memes"
U03526,kruegergeorge,Cuba,37,trend_hopper,2025-11-27,0.58,0.07,"anime,tech,food"
U03527,urivera,Saint Kitts and Nevis,19,active_engager,2025-02-09,0.67,0.34,"music,memes,sports"
U03528,valdezdarren,United Arab Emirates,23,binge_user,2025-07-01,0.9,0.06,"gaming,fitness,sports"
U03529,melinda03,Svalbard & Jan Mayen Islands,41,passive_scroller,2025-11-03,0.3,0.05,"food,tech,sports"
U03530,znewman,Lesotho,42,passive_scroller,2025-09-05,0.34,0.05,"gaming,sports,fitness"
U03531,tyrone11,Greece,42,trend_hopper,2025-04-27,0.41,0.11,"music,anime,sports"
U03532,urobertson,Gambia,35,binge_user,2026-01-16,0.9,0.07,"sports,tech,gaming"
U03533,natalie92,Grenada,30,passive_scroller,2026-04-10,0.23,0.02,"fitness,memes,gaming"
U03534,carloswoodard,Lithuania,38,trend_hopper,2026-04-13,0.55,0.07,"anime,memes,gaming"
U03535,mbush,Algeria,43,binge_user,2025-03-27,0.99,0.14,"anime,food,gaming"
U03536,myersmark,Burundi,44,passive_scroller,2025-08-01,0.38,0.04,"memes,finance,anime"
U03537,zhill,Zimbabwe,25,binge_user,2026-02-24,0.81,0.06,"anime,fitness,sports"
U03538,lbecker,Colombia,26,passive_scroller,2026-04-11,0.3,0.01,"memes,food,music"
U03539,wmitchell,Mongolia,34,passive_scroller,2025-08-23,0.23,0.04,"food,tech,finance"
U03540,jvilla,Northern Mariana Islands,23,active_engager,2025-08-11,0.52,0.17,"food,fitness,sports"
U03541,andrea48,Morocco,19,trend_hopper,2026-04-06,0.51,0.06,"fitness,music,food"
U03542,ugomez,Mozambique,40,active_engager,2025-08-30,0.46,0.22,"finance,gaming,music"
U03543,gallagherandrea,Rwanda,25,active_engager,2025-02-10,0.57,0.16,"food,tech,fitness"
U03544,hamiltondonna,New Zealand,19,passive_scroller,2026-04-13,0.38,0.03,"food,tech,sports"
U03545,tranmichelle,Denmark,32,passive_scroller,2025-10-23,0.28,0.05,"sports,anime,food"
U03546,gabriellesmith,Qatar,42,passive_scroller,2026-02-15,0.14,0.03,"gaming,sports,tech"
U03547,jenniferramirez,Turks and Caicos Islands,18,active_engager,2025-03-15,0.63,0.35,"anime,sports,fitness"
U03548,jacob42,Saint Martin,38,binge_user,2025-07-18,0.89,0.06,"finance,music,anime"
U03549,tabithahall,New Caledonia,26,active_engager,2025-02-26,0.52,0.17,"tech,fitness,music"
U03550,michaeljohnson,Yemen,28,trend_hopper,2025-03-07,0.58,0.1,"sports,gaming,finance"
U03551,kanderson,Bhutan,35,passive_scroller,2026-01-10,0.26,0.04,"memes,sports,fitness"
U03552,jennifer35,Kiribati,32,binge_user,2025-08-28,0.71,0.06,"music,gaming,fitness"
U03553,edward81,Anguilla,35,passive_scroller,2025-03-01,0.28,0.05,"tech,food,gaming"
U03554,ryangardner,Cape Verde,20,active_engager,2025-08-07,0.6,0.27,"music,tech,sports"
U03555,andrew28,South Georgia and the South Sandwich Islands,29,binge_user,2025-05-04,0.81,0.08,"music,tech,memes"
U03556,tacevedo,Chile,27,passive_scroller,2025-07-27,0.32,0.02,"fitness,finance,music"
U03557,fordalexis,Antigua and Barbuda,23,active_engager,2026-01-08,0.5,0.32,"music,fitness,finance"
U03558,elizabethmurray,Ghana,24,passive_scroller,2025-12-18,0.23,0.01,"finance,fitness,memes"
U03559,mooreisaac,Bosnia and Herzegovina,23,trend_hopper,2025-12-30,0.36,0.07,"memes,music,tech"
U03560,ihernandez,Yemen,22,trend_hopper,2026-03-26,0.46,0.08,"music,food,fitness"
U03561,stephaniewagner,Armenia,40,binge_user,2026-02-17,0.71,0.09,"anime,fitness,finance"
U03562,martinezderrick,Zambia,29,trend_hopper,2025-01-06,0.37,0.07,"finance,music,anime"
U03563,sethscott,Kiribati,33,active_engager,2026-04-10,0.5,0.23,"tech,fitness,music"
U03564,michaelhunter,Niger,31,passive_scroller,2025-12-20,0.3,0.02,"music,food,fitness"
U03565,sswanson,Andorra,18,binge_user,2025-02-21,0.8,0.11,"anime,memes,sports"
U03566,lbutler,Sao Tome and Principe,20,binge_user,2025-04-06,0.79,0.09,"food,sports,anime"
U03567,james70,Romania,32,trend_hopper,2025-02-20,0.38,0.11,"memes,finance,anime"
U03568,rjohnston,Ethiopia,26,trend_hopper,2026-01-19,0.51,0.07,"memes,food,music"
U03569,ian22,Bahamas,22,binge_user,2025-11-26,0.72,0.06,"gaming,tech,finance"
U03570,benjaminglenn,Suriname,41,active_engager,2025-01-30,0.48,0.16,"music,memes,finance"
U03571,hornryan,Hungary,30,binge_user,2025-09-05,0.97,0.14,"memes,gaming,finance"
U03572,wreed,Vanuatu,28,binge_user,2026-04-15,0.84,0.11,"finance,memes,sports"
U03573,brandon14,Iraq,45,active_engager,2025-08-20,0.67,0.23,"anime,food,music"
U03574,uwerner,Cocos (Keeling) Islands,37,trend_hopper,2025-09-06,0.44,0.09,"fitness,gaming,sports"
U03575,jessica95,Kyrgyz Republic,31,active_engager,2025-05-25,0.67,0.35,"tech,fitness,sports"
U03576,fmartin,Cyprus,27,passive_scroller,2026-02-17,0.22,0.04,"fitness,anime,tech"
U03577,paulawalters,Azerbaijan,35,binge_user,2025-08-30,0.7,0.1,"tech,memes,anime"
U03578,sheryl72,Uzbekistan,36,binge_user,2026-02-18,0.97,0.13,"finance,gaming,tech"
U03579,romeroelizabeth,New Caledonia,19,binge_user,2025-09-22,0.89,0.06,"finance,food,anime"
U03580,mlyons,Argentina,40,active_engager,2025-04-12,0.47,0.25,"food,anime,finance"
U03581,jeffreymorales,Saint Kitts and Nevis,30,trend_hopper,2025-07-10,0.55,0.1,"food,sports,anime"
U03582,zlopez,Liberia,39,active_engager,2026-03-19,0.54,0.24,"fitness,finance,memes"
U03583,cookdavid,Eritrea,41,active_engager,2025-03-19,0.68,0.16,"music,food,tech"
U03584,ugomez,Chile,32,passive_scroller,2025-10-19,0.39,0.04,"fitness,sports,finance"
U03585,wbeck,Niger,29,passive_scroller,2025-04-29,0.1,0.02,"music,memes,tech"
U03586,david27,Guinea-Bissau,30,active_engager,2025-11-13,0.57,0.19,"food,sports,anime"
U03587,hcollins,United States of America,37,trend_hopper,2025-05-29,0.35,0.09,"sports,tech,music"
U03588,ashley32,North Macedonia,33,binge_user,2025-12-06,0.93,0.12,"anime,memes,food"
U03589,gary88,Hong Kong,24,trend_hopper,2025-08-16,0.53,0.06,"food,fitness,memes"
U03590,hamptonmelissa,Honduras,23,trend_hopper,2025-12-08,0.3,0.07,"gaming,memes,music"
U03591,adamjoseph,Gabon,33,binge_user,2025-01-09,0.84,0.05,"memes,gaming,sports"
U03592,richardbrown,Martinique,18,trend_hopper,2025-06-14,0.55,0.08,"memes,tech,food"
U03593,hendersontheresa,Djibouti,30,active_engager,2026-03-27,0.67,0.34,"finance,memes,anime"
U03594,aaron75,Thailand,32,passive_scroller,2026-03-01,0.39,0.01,"fitness,memes,tech"
U03595,palmerjonathan,Taiwan,39,trend_hopper,2025-05-29,0.4,0.08,"memes,music,sports"
U03596,garciacaleb,Brunei Darussalam,40,active_engager,2025-04-08,0.67,0.29,"memes,anime,tech"
U03597,barbara57,Austria,23,active_engager,2026-01-24,0.42,0.3,"finance,food,tech"
U03598,brownvanessa,Malawi,23,active_engager,2025-01-03,0.67,0.25,"music,memes,gaming"
U03599,qdunn,Singapore,32,binge_user,2025-10-21,0.72,0.1,"food,tech,anime"
U03600,bill43,Portugal,41,trend_hopper,2026-04-12,0.39,0.1,"gaming,fitness,sports"
U03601,louis39,United States Minor Outlying Islands,25,trend_hopper,2025-04-26,0.49,0.1,"music,gaming,food"
U03602,jonesalexander,Oman,39,active_engager,2026-02-21,0.65,0.22,"food,memes,tech"
U03603,goodwindaniel,Saint Vincent and the Grenadines,26,binge_user,2025-12-26,0.85,0.07,"memes,tech,finance"
U03604,gbrooks,Guatemala,19,passive_scroller,2025-03-03,0.34,0.05,"gaming,food,finance"
U03605,shane89,Cyprus,19,passive_scroller,2026-04-11,0.16,0.05,"finance,music,food"
U03606,hernandezevan,Netherlands,26,active_engager,2025-03-13,0.4,0.17,"gaming,fitness,sports"
U03607,cartergina,French Guiana,23,passive_scroller,2025-08-18,0.36,0.04,"gaming,fitness,sports"
U03608,carlacox,Falkland Islands (Malvinas),33,active_engager,2025-01-19,0.61,0.29,"music,food,tech"
U03609,johnmoran,San Marino,31,passive_scroller,2026-03-08,0.2,0.05,"memes,music,food"
U03610,riosbruce,North Macedonia,45,binge_user,2025-12-14,0.95,0.14,"music,tech,memes"
U03611,aaron59,Burundi,31,passive_scroller,2025-09-19,0.16,0.02,"sports,anime,tech"
U03612,imueller,Slovakia (Slovak Republic),37,passive_scroller,2026-03-15,0.19,0.04,"finance,sports,fitness"
U03613,james66,Armenia,27,active_engager,2026-04-25,0.58,0.31,"fitness,gaming,sports"
U03614,dawn16,Israel,23,binge_user,2025-03-10,0.81,0.12,"memes,sports,gaming"
U03615,ronaldpeterson,Mongolia,37,passive_scroller,2025-02-12,0.1,0.03,"sports,gaming,anime"
U03616,frank31,Burkina Faso,19,passive_scroller,2025-11-15,0.18,0.03,"sports,food,finance"
U03617,gibbspeter,Central African Republic,38,passive_scroller,2025-01-17,0.1,0.03,"tech,music,sports"
U03618,edward93,Mauritius,45,binge_user,2026-02-15,0.87,0.15,"food,gaming,finance"
U03619,ksingh,Oman,44,passive_scroller,2025-01-13,0.28,0.04,"music,food,tech"
U03620,sampsonlogan,Sao Tome and Principe,33,active_engager,2025-11-17,0.51,0.26,"tech,music,anime"
U03621,kellis,Somalia,28,binge_user,2025-06-15,0.71,0.12,"sports,food,tech"
U03622,jessicasparks,San Marino,23,passive_scroller,2025-08-01,0.37,0.02,"fitness,anime,gaming"
U03623,dstevens,Hong Kong,27,binge_user,2025-08-22,0.79,0.15,"memes,food,finance"
U03624,joseph16,Philippines,18,active_engager,2026-04-13,0.56,0.33,"gaming,food,fitness"
U03625,imiller,Burkina Faso,27,passive_scroller,2025-03-02,0.39,0.02,"finance,fitness,sports"
U03626,coopershelia,Netherlands,25,binge_user,2025-05-17,0.75,0.12,"anime,music,finance"
U03627,raymond04,Saint Martin,44,trend_hopper,2026-04-23,0.45,0.11,"memes,music,finance"
U03628,mrogers,Mauritania,44,passive_scroller,2025-12-08,0.33,0.03,"fitness,tech,memes"
U03629,millermichelle,Australia,27,trend_hopper,2025-11-17,0.49,0.11,"tech,memes,anime"
U03630,deborah06,Nepal,20,active_engager,2025-01-08,0.46,0.32,"music,fitness,anime"
U03631,josephgallegos,Botswana,39,binge_user,2025-02-20,0.75,0.11,"tech,music,anime"
U03632,khernandez,Cameroon,24,binge_user,2025-12-04,0.97,0.12,"anime,gaming,finance"
U03633,amy64,Eritrea,43,trend_hopper,2025-04-14,0.31,0.08,"finance,sports,tech"
U03634,nicholaswilliamson,Tanzania,43,active_engager,2025-11-23,0.41,0.32,"tech,anime,finance"
U03635,jameswoodward,Estonia,33,trend_hopper,2025-06-08,0.5,0.08,"fitness,finance,music"
U03636,hannah07,Ecuador,42,binge_user,2025-02-11,0.72,0.07,"finance,memes,music"
U03637,hillyvette,Spain,36,binge_user,2025-09-02,0.76,0.15,"food,music,anime"
U03638,stacey46,French Guiana,27,binge_user,2025-03-13,0.79,0.09,"music,anime,food"
U03639,zrobbins,Rwanda,28,binge_user,2025-04-25,0.88,0.13,"fitness,food,sports"
U03640,amandaconway,Kazakhstan,31,binge_user,2026-03-25,0.92,0.09,"anime,fitness,memes"
U03641,gonzalesmichael,Costa Rica,39,active_engager,2025-08-14,0.58,0.2,"finance,food,memes"
U03642,tbrown,Russian Federation,31,active_engager,2025-12-04,0.52,0.21,"memes,finance,food"
U03643,swebster,Latvia,37,active_engager,2025-05-08,0.5,0.21,"finance,food,memes"
U03644,garzajessica,Falkland Islands (Malvinas),37,binge_user,2025-11-17,0.76,0.11,"tech,memes,anime"
U03645,ian49,Kazakhstan,32,active_engager,2025-10-18,0.59,0.24,"tech,finance,memes"
U03646,omoore,Wallis and Futuna,21,active_engager,2025-03-02,0.47,0.32,"anime,tech,finance"
U03647,chriswilson,Italy,41,passive_scroller,2025-06-14,0.11,0.02,"sports,tech,memes"
U03648,qyoung,Senegal,24,trend_hopper,2025-09-13,0.59,0.1,"sports,tech,anime"
U03649,hesstammy,Congo,39,binge_user,2025-12-08,0.95,0.11,"gaming,fitness,finance"
U03650,bdennis,Svalbard & Jan Mayen Islands,26,trend_hopper,2025-03-09,0.47,0.07,"finance,food,tech"
U03651,ericasmith,Austria,30,binge_user,2025-07-13,0.89,0.06,"finance,tech,food"
U03652,lopezaudrey,Saint Barthelemy,24,trend_hopper,2025-07-02,0.35,0.07,"anime,finance,fitness"
U03653,xfrederick,Kiribati,26,trend_hopper,2026-01-06,0.53,0.07,"memes,tech,finance"
U03654,bowmankimberly,Pakistan,28,binge_user,2025-06-14,0.84,0.13,"finance,fitness,food"
U03655,sharon02,Guadeloupe,21,active_engager,2025-02-05,0.4,0.19,"music,tech,sports"
U03656,jon88,Solomon Islands,22,trend_hopper,2025-11-23,0.43,0.1,"fitness,tech,gaming"
U03657,joseph85,Somalia,29,passive_scroller,2026-04-14,0.28,0.04,"music,memes,sports"
U03658,charles36,Seychelles,26,trend_hopper,2025-11-04,0.43,0.1,"sports,memes,finance"
U03659,rachelburns,Niue,29,passive_scroller,2025-04-02,0.38,0.02,"memes,food,gaming"
U03660,ajenkins,Thailand,20,trend_hopper,2025-07-05,0.31,0.11,"fitness,gaming,anime"
U03661,xholland,Ghana,27,passive_scroller,2026-01-28,0.13,0.04,"sports,anime,music"
U03662,wramsey,Netherlands Antilles,28,passive_scroller,2025-02-05,0.26,0.02,"anime,gaming,music"
U03663,willie51,Burundi,19,trend_hopper,2026-02-04,0.55,0.09,"fitness,tech,music"
U03664,valeriekrueger,Bangladesh,23,passive_scroller,2026-01-10,0.13,0.02,"memes,sports,food"
U03665,carlosmoore,Cocos (Keeling) Islands,37,trend_hopper,2025-01-24,0.37,0.1,"finance,anime,memes"
U03666,alexandrarodriguez,Burundi,19,binge_user,2025-07-13,0.74,0.08,"sports,memes,tech"
U03667,tuckerrobert,New Caledonia,27,passive_scroller,2025-11-01,0.1,0.02,"fitness,anime,gaming"
U03668,obrientyler,Andorra,30,passive_scroller,2026-01-11,0.36,0.02,"music,finance,memes"
U03669,pperez,Mauritania,21,trend_hopper,2025-08-02,0.51,0.06,"music,finance,tech"
U03670,hatfieldsara,Sri Lanka,20,binge_user,2025-06-22,0.82,0.07,"gaming,sports,music"
U03671,tonyayoung,Palestinian Territory,33,passive_scroller,2025-03-23,0.21,0.03,"music,fitness,tech"
U03672,kennethbarr,Montserrat,28,binge_user,2025-02-24,0.84,0.12,"food,memes,fitness"
U03673,monicashea,Solomon Islands,27,active_engager,2025-01-30,0.55,0.17,"tech,sports,gaming"
U03674,maria46,French Guiana,21,trend_hopper,2026-04-20,0.58,0.1,"finance,memes,tech"
U03675,sean57,Dominican Republic,27,binge_user,2025-11-12,0.91,0.08,"anime,food,tech"
U03676,alexamoore,Finland,23,binge_user,2025-01-07,0.76,0.11,"tech,gaming,memes"
U03677,mary35,Sierra Leone,30,trend_hopper,2025-08-07,0.45,0.07,"memes,music,finance"
U03678,taylor40,Sweden,26,passive_scroller,2025-10-24,0.38,0.02,"anime,sports,food"
U03679,gbrown,Guam,19,passive_scroller,2025-11-29,0.2,0.04,"music,tech,food"
U03680,krussell,Armenia,34,passive_scroller,2026-03-11,0.33,0.04,"fitness,sports,food"
U03681,kellyrobert,Turkmenistan,41,passive_scroller,2026-04-19,0.31,0.03,"gaming,food,anime"
U03682,patricia17,Somalia,25,trend_hopper,2025-07-07,0.47,0.08,"fitness,gaming,music"
U03683,lawrence09,Liberia,38,trend_hopper,2025-05-13,0.47,0.1,"tech,gaming,anime"
U03684,anna70,Papua New Guinea,18,binge_user,2025-11-06,0.74,0.09,"sports,fitness,finance"
U03685,kcombs,Aruba,27,binge_user,2025-02-04,0.96,0.09,"tech,sports,gaming"
U03686,zmckinney,Spain,29,passive_scroller,2025-08-19,0.4,0.02,"music,tech,fitness"
U03687,lisa11,Monaco,33,active_engager,2026-02-23,0.58,0.25,"anime,music,sports"
U03688,williamswilliam,Saint Lucia,44,trend_hopper,2025-05-18,0.46,0.08,"gaming,fitness,anime"
U03689,boneill,Bosnia and Herzegovina,18,trend_hopper,2025-10-30,0.5,0.11,"sports,food,anime"
U03690,dcallahan,Nicaragua,32,active_engager,2025-06-10,0.62,0.3,"food,music,fitness"
U03691,ccole,Serbia,30,passive_scroller,2025-09-08,0.1,0.04,"memes,sports,gaming"
U03692,spatrick,Bolivia,44,binge_user,2025-03-03,0.88,0.14,"finance,tech,music"
U03693,ryandickerson,Botswana,44,binge_user,2025-01-29,0.72,0.08,"tech,music,finance"
U03694,lchapman,Central African Republic,34,active_engager,2026-03-20,0.56,0.22,"food,gaming,tech"
U03695,iwilson,Netherlands,33,passive_scroller,2025-02-17,0.39,0.03,"fitness,food,anime"
U03696,jessicawilson,Ghana,40,trend_hopper,2025-12-01,0.56,0.08,"memes,music,fitness"
U03697,larsonryan,Hong Kong,42,trend_hopper,2026-03-20,0.55,0.11,"finance,anime,sports"
U03698,brianna97,Congo,18,passive_scroller,2025-12-19,0.37,0.04,"fitness,anime,food"
U03699,dhartman,Oman,20,active_engager,2026-02-13,0.42,0.28,"food,memes,tech"
U03700,barberkimberly,Kyrgyz Republic,23,trend_hopper,2026-02-17,0.52,0.05,"sports,food,finance"
U03701,heidiwilliams,Bosnia and Herzegovina,34,binge_user,2025-04-26,0.83,0.07,"finance,tech,gaming"
U03702,michaelsmith,Nepal,40,trend_hopper,2025-01-08,0.59,0.12,"tech,anime,memes"
U03703,adamsjoseph,Hungary,18,active_engager,2026-02-28,0.6,0.3,"tech,anime,finance"
U03704,kathrynpatterson,Turks and Caicos Islands,40,trend_hopper,2025-09-24,0.55,0.08,"food,music,anime"
U03705,jmoore,Falkland Islands (Malvinas),40,passive_scroller,2026-02-20,0.18,0.02,"gaming,anime,memes"
U03706,tblack,Pitcairn Islands,25,active_engager,2025-02-01,0.49,0.3,"gaming,food,tech"
U03707,michael41,Egypt,41,passive_scroller,2026-03-20,0.24,0.04,"memes,food,finance"
U03708,thomaskimberly,Bahamas,30,binge_user,2025-07-19,0.99,0.1,"memes,fitness,finance"
U03709,hoganmatthew,Switzerland,29,binge_user,2026-04-18,0.97,0.12,"fitness,tech,memes"
U03710,rsutton,Papua New Guinea,29,trend_hopper,2026-01-06,0.59,0.07,"tech,food,music"
U03711,kimberly60,Turks and Caicos Islands,33,active_engager,2025-08-22,0.52,0.32,"food,fitness,memes"
U03712,kflores,Tajikistan,39,active_engager,2026-03-13,0.59,0.24,"memes,music,food"
U03713,donaldholt,Bermuda,29,trend_hopper,2025-04-03,0.58,0.11,"gaming,fitness,sports"
U03714,loriharmon,Anguilla,40,passive_scroller,2025-08-06,0.37,0.02,"fitness,music,gaming"
U03715,upope,Bulgaria,33,passive_scroller,2026-02-02,0.2,0.03,"memes,finance,music"
U03716,ggould,Kazakhstan,38,binge_user,2025-10-01,0.83,0.06,"finance,sports,tech"
U03717,cynthiaharmon,Morocco,39,trend_hopper,2025-08-03,0.56,0.11,"food,gaming,memes"
U03718,haroldrose,Benin,32,binge_user,2026-01-11,0.71,0.15,"food,memes,tech"
U03719,mackenzieroberts,French Polynesia,35,binge_user,2025-01-07,0.93,0.12,"finance,sports,fitness"
U03720,dnelson,Iraq,25,trend_hopper,2025-08-08,0.59,0.11,"music,fitness,tech"
U03721,martinezjuan,El Salvador,25,binge_user,2025-05-31,0.7,0.12,"finance,sports,memes"
U03722,traceynunez,Equatorial Guinea,21,active_engager,2025-08-31,0.6,0.22,"food,music,finance"
U03723,james64,Liechtenstein,21,passive_scroller,2025-02-05,0.17,0.01,"finance,food,sports"
U03724,wilsondestiny,Algeria,36,binge_user,2025-06-18,0.97,0.05,"food,sports,anime"
U03725,theodore52,Malta,20,passive_scroller,2026-02-13,0.17,0.05,"music,gaming,memes"
U03726,tonyastein,Tajikistan,28,active_engager,2026-02-09,0.5,0.3,"memes,food,fitness"
U03727,wrichmond,Paraguay,43,trend_hopper,2025-06-03,0.48,0.1,"sports,music,food"
U03728,carrillomark,Nepal,41,trend_hopper,2025-02-13,0.38,0.11,"gaming,memes,food"
U03729,bonniesanchez,New Zealand,29,trend_hopper,2026-01-10,0.46,0.06,"music,memes,tech"
U03730,michaelshepherd,Liechtenstein,36,passive_scroller,2025-07-31,0.35,0.05,"sports,tech,memes"
U03731,robinsonalan,Morocco,33,passive_scroller,2025-08-19,0.36,0.01,"music,gaming,food"
U03732,floydbrian,Madagascar,18,binge_user,2026-02-04,0.8,0.09,"sports,food,memes"
U03733,peterperry,Saint Barthelemy,34,active_engager,2025-09-16,0.56,0.33,"music,finance,sports"
U03734,ggonzalez,Singapore,32,binge_user,2025-10-04,0.9,0.13,"anime,fitness,finance"
U03735,mark75,Armenia,28,binge_user,2025-05-05,0.94,0.05,"sports,tech,fitness"
U03736,ashleykirsten,Gibraltar,25,passive_scroller,2025-01-23,0.34,0.02,"music,finance,tech"
U03737,brandonberger,United States Virgin Islands,34,binge_user,2025-07-07,0.78,0.05,"gaming,memes,fitness"
U03738,iadams,Korea,41,passive_scroller,2025-04-13,0.24,0.02,"music,tech,memes"
U03739,ypeters,Lebanon,36,binge_user,2026-04-03,0.83,0.13,"music,tech,food"
U03740,hallmitchell,Bermuda,37,binge_user,2025-06-23,0.74,0.11,"fitness,tech,music"
U03741,phillipgonzales,Gambia,36,active_engager,2025-08-05,0.45,0.27,"tech,music,fitness"
U03742,mduncan,Greenland,23,passive_scroller,2025-11-16,0.3,0.02,"gaming,sports,fitness"
U03743,wjames,Canada,29,passive_scroller,2025-11-27,0.16,0.03,"fitness,tech,finance"
U03744,samanthahowell,Syrian Arab Republic,37,trend_hopper,2025-04-19,0.45,0.12,"sports,gaming,fitness"
U03745,wintersjoseph,Senegal,19,binge_user,2025-07-11,0.95,0.1,"fitness,memes,tech"
U03746,monicastewart,Guadeloupe,44,trend_hopper,2025-01-18,0.33,0.09,"fitness,memes,finance"
U03747,oavila,Saudi Arabia,37,passive_scroller,2025-01-17,0.27,0.03,"sports,food,gaming"
U03748,roy19,Guadeloupe,34,active_engager,2025-02-05,0.43,0.26,"tech,fitness,finance"
U03749,wgarcia,San Marino,36,trend_hopper,2025-06-27,0.59,0.06,"anime,food,finance"
U03750,qheath,Ukraine,43,passive_scroller,2025-09-25,0.2,0.02,"gaming,tech,music"
U03751,qjacobson,Egypt,36,trend_hopper,2026-02-20,0.48,0.09,"sports,tech,food"
U03752,caseyhartman,Sierra Leone,24,trend_hopper,2025-09-18,0.42,0.1,"sports,music,tech"
U03753,tgallagher,Chad,33,active_engager,2025-01-03,0.49,0.33,"memes,music,tech"
U03754,stacyholden,Belize,41,binge_user,2025-01-08,0.75,0.11,"anime,memes,tech"
U03755,angela10,Morocco,19,trend_hopper,2025-05-31,0.57,0.09,"music,memes,food"
U03756,jacob35,Ecuador,25,trend_hopper,2025-08-16,0.48,0.06,"memes,gaming,anime"
U03757,amyharris,Bahrain,37,passive_scroller,2025-05-26,0.13,0.05,"memes,gaming,fitness"
U03758,salazarhannah,Burundi,21,active_engager,2025-05-16,0.49,0.27,"finance,music,gaming"
U03759,hernandezandrea,Montserrat,21,trend_hopper,2025-06-12,0.48,0.08,"food,gaming,memes"
U03760,austinherrera,Burundi,44,trend_hopper,2025-01-20,0.33,0.06,"finance,music,anime"
U03761,chelseasmith,Gambia,37,active_engager,2025-03-16,0.63,0.25,"anime,sports,music"
U03762,warrentravis,Zimbabwe,21,binge_user,2025-04-19,0.78,0.1,"finance,tech,fitness"
U03763,jessicaorr,Saint Martin,34,trend_hopper,2025-09-18,0.34,0.08,"fitness,memes,sports"
U03764,thomasjulie,Nepal,35,trend_hopper,2026-01-19,0.39,0.08,"food,tech,sports"
U03765,woodamy,Italy,24,active_engager,2025-09-13,0.54,0.23,"food,tech,music"
U03766,michael05,Tonga,21,trend_hopper,2025-01-14,0.52,0.09,"memes,music,sports"
U03767,pcarrillo,Somalia,30,passive_scroller,2025-11-16,0.37,0.04,"anime,tech,food"
U03768,angela02,Zimbabwe,39,trend_hopper,2026-04-22,0.55,0.11,"fitness,finance,memes"
U03769,annettejones,San Marino,45,active_engager,2025-08-28,0.4,0.16,"tech,music,gaming"
U03770,tylerdeleon,Saudi Arabia,32,active_engager,2025-12-04,0.49,0.17,"anime,music,tech"
U03771,gomezstephanie,Montserrat,34,binge_user,2026-01-06,0.97,0.14,"fitness,food,anime"
U03772,james75,Burundi,44,passive_scroller,2025-06-30,0.17,0.03,"gaming,anime,tech"
U03773,mooremaria,Sierra Leone,37,active_engager,2025-12-06,0.68,0.25,"memes,tech,anime"
U03774,lauramarshall,Iceland,42,trend_hopper,2025-11-11,0.49,0.09,"gaming,anime,tech"
U03775,brittney53,Serbia,38,passive_scroller,2025-10-18,0.29,0.02,"finance,sports,food"
U03776,mccoyvirginia,Chad,22,passive_scroller,2025-04-21,0.11,0.01,"tech,gaming,food"
U03777,jade54,Singapore,22,active_engager,2025-12-04,0.49,0.16,"memes,fitness,finance"
U03778,frostdavid,United Arab Emirates,29,active_engager,2025-06-21,0.54,0.3,"tech,memes,finance"
U03779,michellenewton,Qatar,35,active_engager,2025-08-02,0.57,0.16,"tech,gaming,anime"
U03780,campbellisaiah,Lithuania,32,active_engager,2025-05-14,0.41,0.31,"finance,memes,food"
U03781,byrdjoseph,Nepal,34,binge_user,2026-05-01,0.98,0.06,"sports,food,memes"
U03782,davidjefferson,Sao Tome and Principe,29,trend_hopper,2025-05-17,0.33,0.09,"anime,music,gaming"
U03783,ihamilton,United States of America,41,active_engager,2026-01-03,0.66,0.24,"anime,food,tech"
U03784,jessicapatterson,Cape Verde,23,binge_user,2025-09-28,0.73,0.06,"food,finance,anime"
U03785,bbennett,Aruba,23,binge_user,2025-03-23,0.74,0.06,"memes,gaming,anime"
U03786,ifreeman,Bulgaria,34,trend_hopper,2026-03-12,0.4,0.12,"sports,music,memes"
U03787,erikbrewer,Micronesia,34,active_engager,2026-03-22,0.54,0.15,"music,gaming,sports"
U03788,dylan07,Guinea,45,binge_user,2026-01-21,0.77,0.11,"memes,sports,food"
U03789,theresa97,Central African Republic,30,passive_scroller,2025-06-01,0.11,0.03,"memes,music,sports"
U03790,nicholas42,Tunisia,26,trend_hopper,2025-08-17,0.43,0.11,"food,finance,fitness"
U03791,barbaramerritt,Ecuador,36,passive_scroller,2025-01-14,0.21,0.05,"fitness,sports,music"
U03792,kaylaroberts,Mauritius,27,active_engager,2025-06-08,0.51,0.27,"food,tech,anime"
U03793,joseph85,Papua New Guinea,21,active_engager,2026-02-18,0.46,0.28,"gaming,sports,anime"
U03794,yalvarez,Uganda,27,binge_user,2026-03-26,0.96,0.1,"sports,music,memes"
U03795,ginaking,Tokelau,25,trend_hopper,2025-10-25,0.59,0.08,"finance,fitness,food"
U03796,stanleykurt,San Marino,26,binge_user,2026-02-05,0.87,0.1,"fitness,tech,finance"
U03797,theresascott,United States Minor Outlying Islands,35,binge_user,2026-04-20,0.92,0.13,"finance,gaming,sports"
U03798,jonesjohn,Mali,36,trend_hopper,2026-04-29,0.43,0.12,"music,food,finance"
U03799,abowman,Mauritania,18,trend_hopper,2025-02-19,0.52,0.09,"tech,fitness,sports"
U03800,stephenmiller,Hungary,29,passive_scroller,2025-04-02,0.22,0.04,"finance,tech,memes"
U03801,carolkelley,Lao People's Democratic Republic,33,active_engager,2026-03-27,0.52,0.17,"finance,tech,food"
U03802,mendezmichael,Papua New Guinea,42,binge_user,2025-04-05,0.98,0.08,"food,tech,memes"
U03803,adam45,American Samoa,32,trend_hopper,2026-02-09,0.34,0.11,"food,fitness,anime"
U03804,nmayo,Guam,31,binge_user,2026-02-08,0.92,0.06,"sports,gaming,memes"
U03805,tara47,Papua New Guinea,19,trend_hopper,2026-04-19,0.57,0.06,"memes,sports,finance"
U03806,virginia24,Panama,38,binge_user,2026-02-28,0.88,0.1,"memes,fitness,tech"
U03807,shelly41,Falkland Islands (Malvinas),19,trend_hopper,2025-04-29,0.5,0.06,"fitness,music,sports"
U03808,conleycarrie,Philippines,38,trend_hopper,2025-11-20,0.39,0.08,"memes,food,fitness"
U03809,carolyn27,Moldova,28,active_engager,2026-01-13,0.52,0.27,"food,fitness,finance"
U03810,jennifer06,India,28,binge_user,2025-11-08,0.76,0.1,"anime,food,tech"
U03811,jacksonjoe,Costa Rica,39,active_engager,2025-04-22,0.45,0.29,"food,finance,anime"
U03812,robertsrobert,Malawi,44,active_engager,2025-01-02,0.49,0.24,"gaming,food,tech"
U03813,fchaney,New Zealand,33,trend_hopper,2025-06-17,0.41,0.05,"gaming,anime,tech"
U03814,teresahughes,Georgia,43,passive_scroller,2025-08-22,0.35,0.03,"memes,fitness,food"
U03815,jacquelinevargas,Burundi,21,binge_user,2025-08-28,0.98,0.13,"music,fitness,finance"
U03816,duncanjimmy,Northern Mariana Islands,36,binge_user,2025-10-19,0.79,0.09,"finance,anime,music"
U03817,steelejohn,Italy,38,passive_scroller,2025-03-04,0.21,0.02,"fitness,sports,anime"
U03818,jmoore,Uganda,26,trend_hopper,2025-12-24,0.5,0.08,"fitness,sports,food"
U03819,martinkristen,India,40,passive_scroller,2025-07-22,0.19,0.03,"gaming,fitness,finance"
U03820,levinedebra,Sweden,36,passive_scroller,2025-11-24,0.4,0.04,"sports,anime,music"
U03821,davischristian,Bermuda,21,binge_user,2025-04-13,0.85,0.11,"memes,sports,tech"
U03822,stephanie15,Finland,37,trend_hopper,2025-11-07,0.43,0.11,"sports,music,food"
U03823,peterrodriguez,Venezuela,36,active_engager,2025-11-08,0.45,0.16,"music,fitness,tech"
U03824,catherinehumphrey,Haiti,19,binge_user,2025-05-23,0.82,0.13,"fitness,music,gaming"
U03825,woodssamuel,Benin,34,binge_user,2025-05-29,0.92,0.12,"anime,tech,music"
U03826,kyle35,Japan,36,passive_scroller,2025-10-20,0.38,0.03,"fitness,finance,food"
U03827,hmcpherson,Senegal,21,active_engager,2025-03-15,0.5,0.28,"music,fitness,memes"
U03828,sbanks,Samoa,39,passive_scroller,2025-01-01,0.26,0.04,"tech,memes,food"
U03829,fduncan,Cape Verde,19,binge_user,2025-04-02,0.82,0.12,"fitness,memes,gaming"
U03830,osbornekevin,Sao Tome and Principe,30,passive_scroller,2025-10-17,0.37,0.03,"food,tech,music"
U03831,jacoblyons,Pitcairn Islands,40,binge_user,2025-05-27,0.81,0.12,"anime,finance,memes"
U03832,robert02,Palestinian Territory,39,trend_hopper,2025-11-22,0.57,0.12,"sports,memes,finance"
U03833,regina13,El Salvador,34,trend_hopper,2025-04-06,0.55,0.1,"memes,finance,sports"
U03834,pschultz,Samoa,45,binge_user,2026-04-08,0.75,0.15,"fitness,anime,food"
U03835,steven59,Palau,20,passive_scroller,2025-10-21,0.18,0.03,"music,tech,memes"
U03836,dwilson,Afghanistan,40,passive_scroller,2026-04-28,0.28,0.04,"gaming,music,anime"
U03837,matthewbrown,Liberia,32,trend_hopper,2025-05-25,0.37,0.1,"sports,tech,anime"
U03838,jerome89,United Arab Emirates,38,trend_hopper,2026-04-25,0.54,0.06,"memes,fitness,gaming"
U03839,michaelnewton,Liechtenstein,41,active_engager,2025-09-13,0.7,0.24,"music,food,finance"
U03840,mcgeeanthony,Norfolk Island,39,trend_hopper,2026-02-07,0.49,0.1,"tech,finance,gaming"
U03841,manningmichael,Eritrea,20,passive_scroller,2025-06-11,0.39,0.03,"finance,tech,anime"
U03842,alexandravalentine,Tanzania,37,passive_scroller,2025-06-12,0.38,0.01,"food,memes,music"
U03843,clarkrebecca,Malawi,25,passive_scroller,2025-12-17,0.12,0.04,"sports,music,fitness"
U03844,rcooper,Costa Rica,32,passive_scroller,2025-09-27,0.25,0.04,"memes,finance,food"
U03845,george23,Saint Vincent and the Grenadines,31,active_engager,2026-02-21,0.47,0.17,"food,anime,fitness"
U03846,hjackson,Jersey,36,trend_hopper,2025-05-01,0.59,0.09,"sports,food,gaming"
U03847,alan78,Haiti,28,binge_user,2026-02-01,0.72,0.15,"sports,fitness,gaming"
U03848,smoore,Haiti,18,active_engager,2025-01-04,0.64,0.29,"memes,fitness,anime"
U03849,boydkeith,Guatemala,24,binge_user,2025-01-20,0.99,0.07,"sports,gaming,music"
U03850,courtneymendez,Cayman Islands,23,active_engager,2026-04-19,0.43,0.32,"food,anime,gaming"
U03851,callahanphillip,Gabon,29,active_engager,2025-12-29,0.48,0.18,"food,sports,finance"
U03852,christopherlawson,New Caledonia,31,passive_scroller,2026-04-02,0.13,0.05,"tech,anime,food"
U03853,frichardson,Dominica,42,trend_hopper,2025-08-08,0.3,0.07,"finance,anime,food"
U03854,joannefox,Japan,37,trend_hopper,2025-05-13,0.48,0.07,"food,memes,sports"
U03855,ffrancis,Saint Vincent and the Grenadines,19,active_engager,2026-02-07,0.56,0.31,"tech,fitness,gaming"
U03856,bradley22,Korea,20,active_engager,2025-07-01,0.45,0.33,"tech,finance,gaming"
U03857,justin67,Paraguay,28,trend_hopper,2026-04-10,0.45,0.08,"memes,music,fitness"
U03858,jvaldez,Monaco,37,binge_user,2025-01-28,0.95,0.14,"tech,food,fitness"
U03859,scott53,United States Virgin Islands,22,passive_scroller,2025-08-24,0.1,0.03,"gaming,tech,sports"
U03860,trevinogregory,Czech Republic,24,passive_scroller,2025-07-27,0.19,0.02,"finance,tech,anime"
U03861,joejames,Greece,29,active_engager,2026-02-02,0.59,0.3,"memes,anime,sports"
U03862,dramirez,Azerbaijan,38,passive_scroller,2026-01-26,0.13,0.02,"anime,fitness,music"
U03863,rebekahbaker,Venezuela,41,passive_scroller,2026-01-24,0.31,0.04,"finance,music,gaming"
U03864,tiffanyhawkins,Lao People's Democratic Republic,20,active_engager,2025-01-11,0.64,0.18,"music,memes,tech"
U03865,jross,Serbia,28,active_engager,2025-06-13,0.44,0.33,"gaming,finance,memes"
U03866,bentonrachel,United Arab Emirates,18,trend_hopper,2025-02-07,0.53,0.11,"finance,food,fitness"
U03867,lisa49,Falkland Islands (Malvinas),19,trend_hopper,2025-07-11,0.49,0.11,"gaming,anime,music"
U03868,lpatterson,India,20,trend_hopper,2025-12-11,0.33,0.09,"anime,food,finance"
U03869,jonestammy,Montserrat,32,binge_user,2025-04-13,0.98,0.1,"music,sports,memes"
U03870,michaelhill,Dominica,28,active_engager,2025-02-24,0.45,0.33,"food,finance,gaming"
U03871,tbrown,French Polynesia,30,binge_user,2025-11-09,0.93,0.13,"memes,sports,anime"
U03872,theresa14,Djibouti,36,binge_user,2025-12-12,0.98,0.07,"music,gaming,finance"
U03873,kallen,Svalbard & Jan Mayen Islands,44,binge_user,2026-02-20,0.96,0.05,"finance,fitness,tech"
U03874,terrychristopher,Pitcairn Islands,42,passive_scroller,2026-01-23,0.2,0.03,"memes,music,finance"
U03875,michaelharrell,Jamaica,29,trend_hopper,2025-08-22,0.41,0.08,"fitness,gaming,food"
U03876,susanjohnson,Thailand,21,trend_hopper,2026-01-27,0.48,0.1,"memes,fitness,food"
U03877,srogers,Central African Republic,40,binge_user,2026-01-12,0.85,0.1,"gaming,tech,sports"
U03878,dennisteresa,Malawi,27,active_engager,2026-02-18,0.63,0.22,"finance,music,fitness"
U03879,john18,Mauritania,21,trend_hopper,2026-03-11,0.41,0.07,"gaming,finance,fitness"
U03880,jacobgonzales,Saint Helena,40,binge_user,2025-06-11,0.92,0.13,"music,memes,sports"
U03881,farrellluke,Madagascar,29,binge_user,2025-01-25,0.98,0.09,"sports,food,finance"
U03882,victor54,Senegal,27,trend_hopper,2025-08-18,0.52,0.12,"tech,memes,food"
U03883,fstanley,Dominican Republic,43,active_engager,2026-03-14,0.66,0.33,"tech,food,music"
U03884,ian64,Luxembourg,31,passive_scroller,2025-09-14,0.11,0.01,"memes,tech,gaming"
U03885,qmendez,Egypt,34,passive_scroller,2025-01-29,0.25,0.04,"sports,memes,music"
U03886,vjones,Poland,40,binge_user,2026-05-01,0.83,0.13,"food,memes,tech"
U03887,hyoung,Sri Lanka,43,binge_user,2025-12-19,0.77,0.07,"sports,music,finance"
U03888,mitchellbrittany,Iran,37,active_engager,2026-01-05,0.53,0.21,"finance,tech,music"
U03889,bunderwood,Indonesia,33,binge_user,2025-08-11,0.9,0.12,"fitness,anime,memes"
U03890,dconley,Trinidad and Tobago,34,binge_user,2025-06-25,0.83,0.07,"anime,memes,tech"
U03891,bcurry,Tanzania,28,active_engager,2025-10-29,0.49,0.31,"gaming,tech,food"
U03892,jason08,Korea,32,binge_user,2026-01-30,0.95,0.07,"gaming,sports,food"
U03893,langchris,Cape Verde,30,trend_hopper,2025-10-03,0.51,0.05,"fitness,anime,food"
U03894,millerlaura,Zimbabwe,35,trend_hopper,2025-06-24,0.42,0.06,"food,sports,memes"
U03895,barrymorris,Sri Lanka,37,trend_hopper,2025-08-26,0.45,0.09,"gaming,finance,sports"
U03896,loribryant,Congo,44,active_engager,2026-04-17,0.62,0.29,"gaming,finance,music"
U03897,troybarker,Cayman Islands,36,active_engager,2025-07-07,0.57,0.28,"sports,food,gaming"
U03898,russell55,Zimbabwe,44,active_engager,2026-03-24,0.53,0.22,"tech,sports,finance"
U03899,smithchristopher,New Zealand,45,trend_hopper,2025-08-13,0.35,0.1,"memes,fitness,gaming"
U03900,gsmith,Brazil,41,binge_user,2025-02-23,0.99,0.09,"food,anime,sports"
U03901,wisetammy,Iran,20,active_engager,2025-01-21,0.68,0.26,"anime,finance,memes"
U03902,daltonkerry,United States of America,33,passive_scroller,2026-03-16,0.15,0.04,"anime,gaming,tech"
U03903,sophiataylor,Serbia,29,binge_user,2026-02-16,0.91,0.1,"finance,anime,food"
U03904,russelljackie,Mayotte,33,binge_user,2025-01-20,0.94,0.05,"fitness,finance,music"
U03905,eking,Ethiopia,22,trend_hopper,2025-04-24,0.35,0.07,"tech,memes,food"
U03906,kingmichelle,Swaziland,24,passive_scroller,2025-12-04,0.38,0.01,"sports,anime,memes"
U03907,nathanielroberson,Eritrea,25,active_engager,2025-07-06,0.68,0.28,"finance,tech,music"
U03908,tonyburton,Martinique,19,trend_hopper,2025-02-13,0.58,0.06,"sports,memes,tech"
U03909,joseph69,New Caledonia,37,passive_scroller,2025-07-13,0.35,0.02,"sports,anime,tech"
U03910,ellendixon,Saint Martin,45,binge_user,2025-01-26,0.9,0.08,"sports,fitness,gaming"
U03911,robinsonjoshua,Latvia,20,passive_scroller,2025-12-11,0.15,0.03,"finance,gaming,music"
U03912,hansonkrista,Mayotte,35,active_engager,2026-01-31,0.45,0.31,"food,music,sports"
U03913,pobrien,Czech Republic,32,passive_scroller,2025-07-05,0.16,0.03,"anime,tech,music"
U03914,thomas56,Gibraltar,20,trend_hopper,2025-03-26,0.45,0.06,"memes,anime,finance"
U03915,teresa54,Cambodia,33,trend_hopper,2025-09-24,0.56,0.08,"memes,anime,fitness"
U03916,autumnorr,Saint Barthelemy,32,passive_scroller,2025-07-07,0.25,0.03,"food,sports,music"
U03917,gmiller,Guinea,29,active_engager,2026-02-27,0.49,0.31,"sports,food,fitness"
U03918,wvasquez,Portugal,27,active_engager,2025-06-02,0.66,0.27,"anime,sports,tech"
U03919,kevin89,Saint Kitts and Nevis,36,passive_scroller,2026-01-13,0.1,0.03,"anime,food,gaming"
U03920,estradaadam,Faroe Islands,26,active_engager,2026-04-28,0.4,0.23,"sports,anime,finance"
U03921,margaret23,Cape Verde,20,trend_hopper,2025-01-12,0.55,0.12,"sports,gaming,food"
U03922,sanchezjeffery,Somalia,38,binge_user,2026-02-03,0.91,0.1,"memes,music,gaming"
U03923,lisatorres,Montenegro,19,passive_scroller,2025-12-17,0.2,0.03,"gaming,memes,food"
U03924,nicolasreyes,Norway,21,passive_scroller,2026-04-05,0.22,0.03,"sports,anime,gaming"
U03925,barbara40,Algeria,29,active_engager,2026-04-25,0.53,0.25,"sports,music,gaming"
U03926,sheri27,Hungary,37,passive_scroller,2025-09-23,0.35,0.05,"food,music,anime"
U03927,nmorgan,Ghana,31,active_engager,2025-09-07,0.42,0.27,"anime,fitness,music"
U03928,jamesduncan,Peru,39,trend_hopper,2025-03-07,0.42,0.07,"sports,gaming,memes"
U03929,michaelschneider,Cocos (Keeling) Islands,20,trend_hopper,2026-04-23,0.35,0.06,"gaming,music,tech"
U03930,ysmith,Zambia,33,passive_scroller,2025-08-12,0.37,0.01,"finance,memes,music"
U03931,gcameron,Brazil,42,trend_hopper,2025-12-20,0.52,0.09,"fitness,tech,anime"
U03932,annacampbell,French Guiana,42,passive_scroller,2025-01-06,0.13,0.04,"gaming,music,fitness"
U03933,tobrien,Macao,40,passive_scroller,2026-01-24,0.14,0.04,"music,sports,tech"
U03934,johngilmore,Denmark,18,binge_user,2025-01-17,0.92,0.1,"fitness,finance,tech"
U03935,jessica60,Italy,39,trend_hopper,2026-02-16,0.45,0.06,"gaming,finance,music"
U03936,wilkersonpaula,Lithuania,35,active_engager,2025-11-26,0.6,0.33,"gaming,anime,fitness"
U03937,thall,Cuba,38,passive_scroller,2025-11-04,0.24,0.04,"food,tech,anime"
U03938,upatel,Nepal,40,active_engager,2025-09-10,0.64,0.22,"music,sports,memes"
U03939,bford,Iraq,36,binge_user,2026-03-08,0.7,0.08,"memes,anime,sports"
U03940,lopezmelissa,Cape Verde,31,passive_scroller,2026-03-19,0.29,0.02,"sports,anime,food"
U03941,robertharper,Seychelles,30,active_engager,2025-09-04,0.42,0.28,"gaming,music,fitness"
U03942,leslie56,Israel,45,active_engager,2025-12-31,0.7,0.3,"tech,food,anime"
U03943,benjaminmcdowell,Egypt,19,trend_hopper,2025-01-08,0.36,0.11,"music,tech,sports"
U03944,hsteele,Yemen,42,binge_user,2025-03-17,0.97,0.11,"sports,music,anime"
U03945,georgeruiz,Monaco,43,passive_scroller,2025-11-19,0.25,0.04,"sports,gaming,fitness"
U03946,fsaunders,Hungary,29,active_engager,2025-03-18,0.62,0.18,"tech,memes,sports"
U03947,avilajohn,Angola,45,active_engager,2026-03-20,0.56,0.21,"tech,sports,finance"
U03948,shawalicia,Mauritius,30,passive_scroller,2026-01-02,0.36,0.02,"finance,sports,music"
U03949,zrobinson,Anguilla,29,trend_hopper,2025-03-29,0.44,0.06,"food,tech,memes"
U03950,oscar25,United States Virgin Islands,39,active_engager,2026-04-03,0.45,0.16,"sports,tech,gaming"
U03951,whitetaylor,Fiji,31,binge_user,2025-01-12,0.86,0.05,"sports,food,fitness"
U03952,parkertyler,Kazakhstan,40,binge_user,2025-05-01,0.98,0.12,"memes,music,finance"
U03953,jeffrey33,Madagascar,29,passive_scroller,2025-09-14,0.12,0.02,"food,music,fitness"
U03954,ymoody,Zimbabwe,45,binge_user,2025-12-11,0.76,0.05,"fitness,finance,gaming"
U03955,cooknicole,North Macedonia,25,active_engager,2026-03-29,0.64,0.23,"food,music,memes"
U03956,goodraymond,Myanmar,26,binge_user,2025-07-14,0.88,0.08,"tech,finance,food"
U03957,burnslauren,Cyprus,27,trend_hopper,2025-11-08,0.54,0.06,"memes,food,finance"
U03958,awilliams,Russian Federation,27,passive_scroller,2025-01-02,0.39,0.02,"tech,food,anime"
U03959,qtownsend,Bahrain,21,binge_user,2025-12-24,0.81,0.06,"music,memes,finance"
U03960,colleen85,Wallis and Futuna,36,binge_user,2026-02-12,0.82,0.07,"food,music,sports"
U03961,andreajohnson,Japan,44,binge_user,2025-08-06,0.8,0.11,"tech,finance,music"
U03962,olivia20,South Georgia and the South Sandwich Islands,31,passive_scroller,2026-03-21,0.16,0.03,"gaming,food,memes"
U03963,amy49,Morocco,26,passive_scroller,2026-01-31,0.25,0.03,"anime,fitness,memes"
U03964,kathy85,Tonga,32,active_engager,2025-01-23,0.5,0.27,"finance,food,tech"
U03965,scottlynch,Jersey,32,active_engager,2025-06-03,0.64,0.28,"anime,music,memes"
U03966,colemichele,Reunion,18,passive_scroller,2026-04-22,0.31,0.04,"food,fitness,gaming"
U03967,john49,China,21,active_engager,2025-01-20,0.61,0.24,"anime,sports,fitness"
U03968,mitchellmike,Pakistan,22,trend_hopper,2026-04-17,0.37,0.07,"food,tech,fitness"
U03969,bvargas,Nigeria,26,active_engager,2025-01-19,0.67,0.15,"food,tech,anime"
U03970,baileycaitlyn,Algeria,37,passive_scroller,2025-04-05,0.13,0.02,"memes,anime,food"
U03971,carriemacdonald,Northern Mariana Islands,18,trend_hopper,2025-09-16,0.58,0.09,"tech,food,music"
U03972,austincatherine,Gambia,36,passive_scroller,2025-09-28,0.14,0.03,"tech,food,music"
U03973,upetty,Turks and Caicos Islands,34,active_engager,2025-08-21,0.61,0.27,"fitness,memes,sports"
U03974,aferguson,Falkland Islands (Malvinas),23,trend_hopper,2025-07-10,0.48,0.11,"fitness,food,tech"
U03975,apatrick,Morocco,31,binge_user,2026-02-23,0.84,0.06,"finance,music,food"
U03976,ronald09,Liberia,28,passive_scroller,2025-12-22,0.21,0.04,"sports,tech,anime"
U03977,thomassexton,Iran,38,passive_scroller,2025-06-21,0.23,0.04,"finance,memes,fitness"
U03978,hernandezluis,Syrian Arab Republic,23,active_engager,2025-12-15,0.55,0.33,"tech,sports,food"
U03979,soniaarnold,Samoa,45,binge_user,2025-10-27,1.0,0.12,"gaming,fitness,sports"
U03980,kgonzales,Niue,34,active_engager,2025-08-09,0.4,0.35,"music,gaming,memes"
U03981,michelle74,Belgium,39,trend_hopper,2025-06-02,0.54,0.06,"memes,finance,anime"
U03982,ramirezbrian,Monaco,31,active_engager,2026-03-03,0.65,0.22,"anime,finance,sports"
U03983,aheath,Macao,31,trend_hopper,2025-12-22,0.43,0.05,"sports,finance,tech"
U03984,pdyer,British Indian Ocean Territory (Chagos Archipelago),21,binge_user,2025-10-19,0.8,0.06,"sports,memes,fitness"
U03985,christopherpineda,Ireland,31,passive_scroller,2026-01-29,0.36,0.04,"sports,music,memes"
U03986,brianfreeman,Marshall Islands,44,active_engager,2025-01-05,0.56,0.26,"fitness,music,memes"
U03987,michele92,Bangladesh,24,active_engager,2025-11-30,0.51,0.19,"memes,anime,finance"
U03988,brandoncastillo,Brazil,34,binge_user,2025-11-30,0.89,0.1,"memes,sports,music"
U03989,gharper,French Polynesia,41,binge_user,2025-11-02,0.7,0.11,"memes,gaming,music"
U03990,cheryl74,Azerbaijan,31,trend_hopper,2025-12-22,0.47,0.07,"finance,memes,music"
U03991,hjames,Poland,27,passive_scroller,2026-03-01,0.15,0.02,"food,fitness,finance"
U03992,luisnguyen,Germany,27,binge_user,2026-04-07,0.98,0.14,"tech,finance,food"
U03993,kmcclure,Slovenia,34,active_engager,2025-01-18,0.64,0.16,"fitness,food,gaming"
U03994,torresjames,Congo,33,active_engager,2025-07-20,0.51,0.2,"fitness,anime,food"
U03995,amoore,Bangladesh,23,active_engager,2025-06-05,0.43,0.22,"gaming,fitness,tech"
U03996,robertmorgan,Uganda,32,active_engager,2025-09-22,0.57,0.27,"memes,sports,fitness"
U03997,william92,Gibraltar,44,passive_scroller,2025-11-18,0.27,0.01,"memes,sports,food"
U03998,martinlisa,Cayman Islands,30,binge_user,2026-04-21,0.87,0.11,"music,memes,anime"
U03999,lewispatricia,Costa Rica,18,active_engager,2025-11-24,0.63,0.28,"finance,sports,music"
U04000,rsmith,Northern Mariana Islands,24,trend_hopper,2025-03-26,0.43,0.09,"food,music,tech"
U04001,heather74,Costa Rica,32,trend_hopper,2025-11-26,0.56,0.06,"fitness,food,anime"
U04002,janetnicholson,Niger,25,active_engager,2025-07-21,0.41,0.19,"anime,memes,music"
U04003,floresbenjamin,Colombia,43,active_engager,2025-04-04,0.51,0.2,"tech,memes,sports"
U04004,williemartin,Slovakia (Slovak Republic),37,binge_user,2026-01-30,0.94,0.15,"sports,tech,fitness"
U04005,matthew14,Bahamas,34,binge_user,2025-05-19,0.79,0.06,"gaming,finance,fitness"
U04006,stephanieglover,North Macedonia,38,active_engager,2025-06-15,0.45,0.2,"fitness,food,anime"
U04007,julie39,Mauritania,39,active_engager,2025-11-04,0.54,0.17,"food,gaming,memes"
U04008,framirez,Oman,40,trend_hopper,2025-06-14,0.46,0.08,"tech,finance,music"
U04009,adrian93,Oman,34,binge_user,2025-12-17,0.89,0.09,"fitness,memes,food"
U04010,faith71,Uganda,41,passive_scroller,2025-01-06,0.2,0.04,"fitness,sports,food"
U04011,jason90,Qatar,27,passive_scroller,2025-09-06,0.29,0.04,"gaming,fitness,finance"
U04012,sharonrobinson,Denmark,30,trend_hopper,2025-03-08,0.38,0.05,"food,gaming,fitness"
U04013,vbailey,Ukraine,28,binge_user,2026-04-05,0.81,0.06,"tech,food,fitness"
U04014,robert18,Nicaragua,20,passive_scroller,2025-03-26,0.31,0.03,"memes,anime,gaming"
U04015,nancydavis,Spain,29,trend_hopper,2025-03-22,0.39,0.07,"tech,fitness,anime"
U04016,rebeccamcdonald,Puerto Rico,43,trend_hopper,2025-10-08,0.52,0.09,"memes,fitness,finance"
U04017,vanceerika,Jersey,29,trend_hopper,2025-09-11,0.33,0.11,"music,finance,tech"
U04018,kristen01,Saint Barthelemy,19,trend_hopper,2026-02-11,0.39,0.05,"tech,food,finance"
U04019,ugray,Sao Tome and Principe,36,passive_scroller,2025-02-15,0.15,0.02,"fitness,anime,food"
U04020,levinetyler,Slovenia,29,binge_user,2025-11-17,0.82,0.11,"food,music,anime"
U04021,charlesdaisy,Cook Islands,43,passive_scroller,2025-08-15,0.17,0.04,"sports,fitness,gaming"
U04022,kmitchell,Malawi,28,binge_user,2025-02-20,0.97,0.11,"sports,anime,fitness"
U04023,williamsmaria,Moldova,21,passive_scroller,2025-12-16,0.27,0.05,"fitness,anime,memes"
U04024,sean09,Aruba,34,active_engager,2026-04-01,0.53,0.17,"music,food,fitness"
U04025,shelly89,Serbia,43,binge_user,2026-01-13,0.79,0.1,"anime,sports,finance"
U04026,frostjill,Qatar,32,passive_scroller,2025-03-26,0.27,0.03,"finance,sports,tech"
U04027,warnerkelly,Italy,21,trend_hopper,2025-12-12,0.42,0.06,"music,fitness,gaming"
U04028,karen26,Latvia,34,active_engager,2025-11-17,0.62,0.32,"gaming,tech,food"
U04029,zfoster,Nigeria,45,trend_hopper,2025-09-19,0.6,0.08,"sports,fitness,finance"
U04030,yalexander,Vietnam,35,active_engager,2025-05-05,0.52,0.24,"sports,memes,food"
U04031,johnswilliam,Namibia,19,binge_user,2026-01-23,0.89,0.12,"tech,gaming,food"
U04032,sheila53,Haiti,41,binge_user,2025-01-27,0.85,0.05,"food,tech,anime"
U04033,todd11,Peru,38,trend_hopper,2026-01-30,0.57,0.08,"anime,tech,fitness"
U04034,jessica15,Burkina Faso,31,active_engager,2025-06-17,0.53,0.33,"anime,food,gaming"
U04035,jhowell,Sweden,37,passive_scroller,2025-07-04,0.12,0.04,"anime,sports,tech"
U04036,cjohnson,Bermuda,27,binge_user,2025-08-03,0.76,0.09,"music,tech,finance"
U04037,petercollins,Cocos (Keeling) Islands,19,active_engager,2025-09-24,0.63,0.26,"tech,anime,music"
U04038,zwilliams,Honduras,40,binge_user,2026-04-16,1.0,0.15,"food,sports,gaming"
U04039,peter44,Nigeria,32,active_engager,2025-05-24,0.41,0.31,"anime,food,music"
U04040,donnafrench,Niue,20,binge_user,2025-11-14,0.92,0.08,"food,finance,music"
U04041,dawn66,India,26,passive_scroller,2025-04-06,0.15,0.03,"sports,fitness,gaming"
U04042,pwilson,Togo,32,trend_hopper,2025-04-01,0.49,0.12,"gaming,music,food"
U04043,yzimmerman,Morocco,25,active_engager,2026-03-31,0.69,0.29,"anime,gaming,finance"
U04044,wisepatrick,New Zealand,21,active_engager,2025-10-12,0.4,0.27,"music,tech,food"
U04045,dominguezisaac,Lithuania,45,trend_hopper,2025-02-11,0.48,0.1,"finance,anime,fitness"
U04046,nmills,Western Sahara,40,trend_hopper,2025-02-27,0.6,0.06,"fitness,food,memes"
U04047,pdickerson,South Africa,31,passive_scroller,2026-01-28,0.32,0.04,"anime,tech,finance"
U04048,jennasanders,Bahrain,21,trend_hopper,2026-04-17,0.59,0.09,"finance,tech,memes"
U04049,parsonskarla,Martinique,33,active_engager,2026-02-19,0.61,0.25,"food,fitness,music"
U04050,amoore,Nauru,26,trend_hopper,2025-07-15,0.37,0.09,"fitness,anime,food"
U04051,fbrooks,South Georgia and the South Sandwich Islands,35,passive_scroller,2026-03-04,0.24,0.04,"food,tech,music"
U04052,nancyhester,Djibouti,27,active_engager,2026-01-25,0.65,0.32,"tech,music,sports"
U04053,kathyayala,Tanzania,21,trend_hopper,2025-05-10,0.31,0.07,"food,memes,music"
U04054,ricemelissa,Saudi Arabia,23,active_engager,2025-11-15,0.66,0.2,"food,memes,gaming"
U04055,mmarshall,Western Sahara,33,binge_user,2025-03-09,0.81,0.11,"food,memes,music"
U04056,caldwellrichard,Angola,21,active_engager,2026-02-22,0.47,0.29,"memes,tech,food"
U04057,johnsondaniel,British Virgin Islands,40,passive_scroller,2025-07-24,0.3,0.03,"gaming,music,food"
U04058,ohanson,Azerbaijan,20,active_engager,2025-02-24,0.63,0.3,"tech,music,finance"
U04059,elizabethmartinez,Papua New Guinea,27,binge_user,2025-10-10,0.77,0.15,"finance,anime,gaming"
U04060,kjones,Puerto Rico,33,active_engager,2025-03-27,0.68,0.24,"anime,fitness,music"
U04061,devin26,Switzerland,33,trend_hopper,2025-06-01,0.35,0.07,"music,memes,anime"
U04062,richardlopez,Nigeria,20,trend_hopper,2025-01-17,0.47,0.08,"food,music,gaming"
U04063,colemisty,Germany,39,active_engager,2025-10-30,0.68,0.15,"memes,gaming,food"
U04064,qcarter,China,19,passive_scroller,2025-08-03,0.22,0.03,"fitness,finance,food"
U04065,xpatterson,Mayotte,30,active_engager,2025-08-27,0.41,0.3,"tech,gaming,sports"
U04066,robert48,Switzerland,34,active_engager,2026-02-18,0.49,0.25,"gaming,tech,anime"
U04067,fboyle,Saint Martin,26,trend_hopper,2025-10-09,0.37,0.07,"anime,food,fitness"
U04068,robinsondennis,Swaziland,30,trend_hopper,2025-12-09,0.31,0.12,"anime,food,music"
U04069,theresa08,Cameroon,44,binge_user,2025-03-20,0.9,0.1,"anime,finance,memes"
U04070,ajones,Albania,32,active_engager,2026-03-26,0.42,0.24,"music,tech,finance"
U04071,stephaniecummings,Guinea-Bissau,19,trend_hopper,2025-09-27,0.35,0.07,"fitness,anime,finance"
U04072,edwardrose,Vanuatu,18,active_engager,2026-01-27,0.48,0.23,"memes,gaming,finance"
U04073,psandoval,Nepal,22,binge_user,2025-11-21,0.85,0.12,"gaming,food,music"
U04074,ttrujillo,Guernsey,26,binge_user,2026-04-23,0.76,0.1,"memes,finance,food"
U04075,connie73,Aruba,30,binge_user,2025-06-25,0.74,0.09,"music,memes,tech"
U04076,weaverpaul,Japan,25,trend_hopper,2025-09-12,0.43,0.1,"anime,tech,sports"
U04077,lori33,Malta,43,active_engager,2025-12-13,0.55,0.27,"sports,anime,tech"
U04078,macdonaldkevin,British Virgin Islands,38,passive_scroller,2026-03-13,0.28,0.03,"gaming,memes,food"
U04079,jessicabrown,Saint Lucia,26,passive_scroller,2025-03-28,0.16,0.04,"sports,music,tech"
U04080,josephmartin,Wallis and Futuna,44,binge_user,2026-04-27,0.99,0.11,"music,fitness,memes"
U04081,reyesvirginia,Syrian Arab Republic,44,trend_hopper,2025-01-04,0.54,0.05,"food,music,sports"
U04082,alexanderphillips,Namibia,35,passive_scroller,2025-01-17,0.16,0.02,"tech,memes,sports"
U04083,stevenrobinson,Nigeria,23,passive_scroller,2025-02-18,0.18,0.03,"finance,sports,memes"
U04084,tammy92,South Georgia and the South Sandwich Islands,21,trend_hopper,2025-01-10,0.55,0.11,"fitness,gaming,tech"
U04085,suzanne11,Cote d'Ivoire,22,trend_hopper,2025-03-25,0.53,0.1,"finance,sports,fitness"
U04086,matthew36,Spain,43,passive_scroller,2025-11-25,0.13,0.03,"finance,sports,fitness"
U04087,goodwinjohn,Saint Barthelemy,34,binge_user,2025-01-17,1.0,0.08,"music,memes,tech"
U04088,zlang,Papua New Guinea,32,active_engager,2025-06-16,0.41,0.17,"anime,food,fitness"
U04089,destinysantiago,Comoros,30,trend_hopper,2025-04-04,0.36,0.08,"fitness,food,memes"
U04090,craigallen,Egypt,31,binge_user,2026-01-04,0.83,0.08,"sports,finance,tech"
U04091,jacksonkatherine,Nigeria,23,active_engager,2025-05-25,0.53,0.25,"sports,gaming,fitness"
U04092,sonya69,Sierra Leone,29,binge_user,2025-05-13,0.99,0.06,"gaming,memes,sports"
U04093,youngemily,Romania,21,binge_user,2025-03-07,0.9,0.12,"anime,fitness,sports"
U04094,cunninghamcindy,Lithuania,31,active_engager,2025-09-27,0.58,0.18,"music,tech,food"
U04095,kylehall,Burundi,26,trend_hopper,2025-08-31,0.34,0.12,"tech,food,memes"
U04096,xaviergarza,Kiribati,36,binge_user,2025-03-15,0.71,0.13,"memes,tech,food"
U04097,martinezmichelle,China,40,passive_scroller,2025-12-11,0.23,0.03,"sports,food,fitness"
U04098,bianca23,Antigua and Barbuda,27,active_engager,2025-06-17,0.42,0.17,"memes,tech,food"
U04099,suarezdavid,Guernsey,34,passive_scroller,2025-04-04,0.2,0.01,"music,tech,gaming"
U04100,mjohnson,Peru,39,passive_scroller,2025-11-03,0.15,0.03,"tech,food,gaming"
U04101,nsmith,Australia,31,trend_hopper,2025-07-30,0.44,0.08,"fitness,music,food"
U04102,ashleycox,Kuwait,37,trend_hopper,2025-07-29,0.55,0.1,"gaming,food,tech"
U04103,lisaknight,Papua New Guinea,43,binge_user,2026-03-30,1.0,0.08,"finance,anime,music"
U04104,christopherdavis,Saint Vincent and the Grenadines,32,passive_scroller,2026-02-09,0.13,0.04,"food,fitness,tech"
U04105,bmurray,Chile,24,trend_hopper,2025-02-05,0.49,0.07,"fitness,food,finance"
U04106,amandasmith,China,29,trend_hopper,2025-12-31,0.49,0.11,"food,music,sports"
U04107,hendrixjulian,Libyan Arab Jamahiriya,28,binge_user,2025-08-28,0.81,0.12,"memes,sports,anime"
U04108,hlawrence,Mexico,19,trend_hopper,2026-02-18,0.37,0.1,"sports,fitness,finance"
U04109,brookesutton,Costa Rica,20,binge_user,2026-04-12,0.76,0.07,"food,gaming,anime"
U04110,schaeferalison,Gibraltar,22,active_engager,2025-07-17,0.49,0.2,"music,gaming,food"
U04111,travisbrown,El Salvador,18,passive_scroller,2025-02-20,0.13,0.05,"gaming,tech,anime"
U04112,faith53,Bhutan,22,trend_hopper,2026-01-23,0.59,0.1,"music,sports,gaming"
U04113,josephwright,Pitcairn Islands,24,trend_hopper,2025-12-16,0.35,0.08,"finance,gaming,memes"
U04114,yjohnson,Taiwan,24,active_engager,2026-02-22,0.43,0.22,"gaming,tech,anime"
U04115,harry88,Niue,45,trend_hopper,2025-09-11,0.43,0.08,"sports,tech,music"
U04116,marvinayers,Gambia,25,active_engager,2026-03-15,0.63,0.25,"food,sports,anime"
U04117,lewisbrandy,Honduras,33,active_engager,2025-04-21,0.48,0.3,"finance,fitness,sports"
U04118,david42,Georgia,32,binge_user,2026-04-21,0.93,0.07,"gaming,finance,fitness"
U04119,bwright,Suriname,28,passive_scroller,2025-01-19,0.32,0.04,"memes,fitness,anime"
U04120,james43,Bahrain,45,binge_user,2025-08-22,0.98,0.14,"memes,anime,fitness"
U04121,williamsronnie,Macao,19,passive_scroller,2025-08-01,0.13,0.03,"food,music,gaming"
U04122,stephen07,Israel,31,passive_scroller,2025-07-08,0.28,0.03,"sports,tech,finance"
U04123,chasediane,Mauritius,28,trend_hopper,2026-04-26,0.46,0.08,"tech,finance,fitness"
U04124,robert48,Barbados,31,passive_scroller,2025-08-29,0.24,0.02,"tech,memes,anime"
U04125,susan01,Kenya,35,trend_hopper,2025-12-20,0.38,0.05,"gaming,sports,fitness"
U04126,turnerhaley,Hungary,30,binge_user,2026-01-26,0.93,0.09,"sports,music,finance"
U04127,matthewsroberta,Equatorial Guinea,39,active_engager,2025-03-08,0.43,0.21,"memes,sports,music"
U04128,courtneywatkins,Saint Martin,25,trend_hopper,2026-02-18,0.42,0.11,"tech,anime,gaming"
U04129,jaredguerrero,Turks and Caicos Islands,41,binge_user,2026-04-17,0.97,0.14,"fitness,tech,sports"
U04130,kaitlin55,Niger,45,active_engager,2025-06-02,0.47,0.29,"sports,fitness,finance"
U04131,parkerjames,Oman,27,trend_hopper,2025-10-07,0.49,0.06,"fitness,finance,anime"
U04132,sreid,British Virgin Islands,41,passive_scroller,2025-12-22,0.32,0.03,"finance,sports,tech"
U04133,robertskyle,Mexico,34,passive_scroller,2025-11-08,0.16,0.03,"anime,gaming,music"
U04134,atorres,Dominican Republic,44,passive_scroller,2025-01-26,0.23,0.04,"gaming,sports,tech"
U04135,markbenitez,Montserrat,44,passive_scroller,2025-08-31,0.16,0.02,"finance,food,anime"
U04136,olsonrebecca,Cayman Islands,22,trend_hopper,2025-01-06,0.48,0.06,"anime,memes,fitness"
U04137,nanderson,Serbia,32,passive_scroller,2025-06-13,0.26,0.03,"finance,gaming,sports"
U04138,kingjennifer,Dominica,38,trend_hopper,2026-02-17,0.44,0.12,"sports,fitness,food"
U04139,charles07,Slovakia (Slovak Republic),27,active_engager,2025-04-17,0.45,0.3,"sports,gaming,finance"
U04140,monicalove,Gibraltar,32,passive_scroller,2026-04-23,0.29,0.04,"food,sports,music"
U04141,john54,Antigua and Barbuda,35,trend_hopper,2026-02-04,0.53,0.07,"sports,gaming,finance"
U04142,mariehernandez,Pitcairn Islands,44,passive_scroller,2025-08-09,0.21,0.01,"memes,gaming,finance"
U04143,robinlopez,Trinidad and Tobago,29,active_engager,2026-04-28,0.41,0.32,"tech,sports,anime"
U04144,terryjones,Palau,27,active_engager,2025-06-02,0.47,0.3,"fitness,gaming,memes"
U04145,williamsmith,Peru,37,active_engager,2025-09-17,0.66,0.35,"tech,gaming,sports"
U04146,misty39,Togo,40,active_engager,2025-03-07,0.49,0.34,"fitness,gaming,memes"
U04147,bryantpatricia,Japan,32,passive_scroller,2025-05-26,0.21,0.02,"food,sports,finance"
U04148,clarkwilliam,Austria,25,passive_scroller,2025-10-25,0.29,0.05,"gaming,tech,food"
U04149,macdonaldnancy,Spain,18,trend_hopper,2025-02-12,0.35,0.11,"finance,tech,gaming"
U04150,timothy98,Guatemala,27,passive_scroller,2025-11-02,0.13,0.02,"tech,gaming,food"
U04151,hughessamantha,Bouvet Island (Bouvetoya),28,trend_hopper,2026-02-02,0.58,0.09,"anime,music,finance"
U04152,fsims,Nepal,36,trend_hopper,2025-01-29,0.42,0.05,"fitness,sports,gaming"
U04153,danielhebert,Heard Island and McDonald Islands,43,binge_user,2025-10-08,0.89,0.14,"music,sports,food"
U04154,kanderson,Uganda,38,trend_hopper,2025-10-23,0.31,0.05,"fitness,finance,gaming"
U04155,tony83,Svalbard & Jan Mayen Islands,24,passive_scroller,2025-04-10,0.15,0.04,"anime,finance,fitness"
U04156,steelecaroline,Mayotte,35,passive_scroller,2025-06-23,0.19,0.03,"music,fitness,sports"
U04157,stokescharles,Andorra,28,active_engager,2025-09-22,0.44,0.29,"food,gaming,anime"
U04158,melissamccann,Cuba,18,active_engager,2026-01-28,0.54,0.34,"sports,fitness,gaming"
U04159,campbelleric,Maldives,29,binge_user,2025-03-19,0.98,0.11,"music,tech,finance"
U04160,kristensmith,Cameroon,34,passive_scroller,2026-04-07,0.34,0.01,"finance,sports,food"
U04161,alexander78,Monaco,33,passive_scroller,2025-07-25,0.22,0.04,"tech,memes,food"
U04162,zrodgers,Russian Federation,21,active_engager,2025-12-21,0.65,0.25,"fitness,gaming,food"
U04163,stevenhansen,Comoros,45,active_engager,2025-07-03,0.66,0.24,"anime,fitness,gaming"
U04164,frank57,Paraguay,31,active_engager,2025-10-26,0.55,0.21,"sports,music,food"
U04165,johnsonbrian,Uruguay,18,passive_scroller,2026-01-15,0.27,0.05,"fitness,finance,memes"
U04166,meganbuchanan,Ukraine,32,passive_scroller,2025-03-11,0.38,0.02,"gaming,tech,finance"
U04167,ashleydavidson,Heard Island and McDonald Islands,22,passive_scroller,2026-02-15,0.19,0.04,"sports,gaming,music"
U04168,howardmichael,Guinea,39,passive_scroller,2025-04-09,0.21,0.04,"tech,finance,music"
U04169,garciatimothy,United States of America,23,passive_scroller,2025-03-02,0.29,0.03,"sports,gaming,finance"
U04170,abigail67,Australia,32,trend_hopper,2025-04-21,0.31,0.09,"sports,food,music"
U04171,iramirez,Antigua and Barbuda,41,passive_scroller,2025-03-03,0.28,0.03,"tech,food,fitness"
U04172,ncook,New Caledonia,25,trend_hopper,2026-01-05,0.48,0.07,"anime,food,sports"
U04173,morrisnicole,United States Virgin Islands,38,passive_scroller,2025-06-25,0.25,0.04,"tech,sports,food"
U04174,benjamin82,Pitcairn Islands,45,passive_scroller,2025-05-16,0.13,0.05,"memes,anime,finance"
U04175,sparkssteven,French Guiana,19,trend_hopper,2025-01-28,0.47,0.1,"anime,tech,finance"
U04176,brandonsmith,French Guiana,33,passive_scroller,2026-01-21,0.19,0.03,"tech,fitness,gaming"
U04177,jonathangoodwin,Poland,31,binge_user,2025-08-11,0.79,0.12,"finance,gaming,tech"
U04178,singram,Belarus,33,active_engager,2025-04-30,0.63,0.21,"music,memes,tech"
U04179,qgarcia,Panama,27,trend_hopper,2025-08-16,0.59,0.1,"fitness,gaming,anime"
U04180,christopher35,Greece,44,binge_user,2025-12-13,0.82,0.07,"fitness,finance,memes"
U04181,bjenkins,Belarus,36,passive_scroller,2025-08-13,0.35,0.04,"fitness,memes,gaming"
U04182,ryan31,Kuwait,36,active_engager,2025-08-13,0.66,0.18,"music,gaming,fitness"
U04183,brownjaime,Argentina,32,binge_user,2025-05-17,0.96,0.14,"tech,finance,memes"
U04184,phillipsjonathan,Mozambique,44,active_engager,2026-03-06,0.43,0.31,"finance,tech,memes"
U04185,hernandezjames,Benin,44,trend_hopper,2025-03-02,0.45,0.11,"tech,sports,food"
U04186,john47,Turks and Caicos Islands,36,passive_scroller,2025-04-28,0.39,0.04,"memes,music,sports"
U04187,obriengabriel,United States Minor Outlying Islands,32,trend_hopper,2025-02-22,0.53,0.07,"memes,tech,fitness"
U04188,brianromero,Korea,31,active_engager,2025-09-17,0.57,0.28,"music,anime,food"
U04189,zhouston,Zambia,30,trend_hopper,2026-04-13,0.35,0.05,"anime,sports,finance"
U04190,martinezrenee,Lebanon,30,trend_hopper,2025-12-09,0.56,0.1,"memes,food,music"
U04191,stephaniebell,Saint Lucia,21,active_engager,2025-06-04,0.62,0.26,"fitness,sports,tech"
U04192,danielstark,Myanmar,24,binge_user,2026-02-01,0.97,0.14,"sports,food,finance"
U04193,hartandrea,Seychelles,34,trend_hopper,2025-03-28,0.49,0.11,"fitness,finance,music"
U04194,edwardwhite,Northern Mariana Islands,35,trend_hopper,2025-08-23,0.56,0.09,"food,fitness,tech"
U04195,tracy16,Guyana,28,active_engager,2025-09-24,0.47,0.31,"music,memes,sports"
U04196,erikascott,Bahrain,27,active_engager,2025-06-24,0.48,0.22,"music,tech,sports"
U04197,reneehowell,Bahrain,22,binge_user,2025-08-25,0.81,0.09,"tech,anime,fitness"
U04198,reginalewis,Belarus,45,passive_scroller,2025-08-18,0.16,0.03,"food,finance,music"
U04199,michael70,Turks and Caicos Islands,24,active_engager,2025-10-22,0.42,0.26,"sports,finance,memes"
U04200,andrea15,American Samoa,34,active_engager,2025-12-03,0.56,0.16,"memes,sports,food"
U04201,vorozco,Netherlands,19,active_engager,2025-02-03,0.64,0.23,"food,music,fitness"
U04202,kennethhurley,Holy See (Vatican City State),39,active_engager,2025-01-07,0.6,0.2,"fitness,anime,gaming"
U04203,michelle35,Israel,44,trend_hopper,2025-01-17,0.52,0.11,"fitness,sports,finance"
U04204,washingtonmiranda,Vanuatu,39,binge_user,2025-09-20,0.98,0.12,"fitness,finance,music"
U04205,krasmussen,San Marino,41,binge_user,2026-03-10,0.77,0.11,"fitness,gaming,music"
U04206,emily25,Denmark,23,active_engager,2025-06-12,0.64,0.25,"food,finance,tech"
U04207,dana15,Singapore,26,passive_scroller,2025-02-19,0.33,0.01,"gaming,anime,music"
U04208,sandovalkrista,Cote d'Ivoire,23,binge_user,2025-02-09,0.92,0.1,"sports,music,food"
U04209,twilliams,Czech Republic,25,active_engager,2026-04-20,0.68,0.22,"anime,music,fitness"
U04210,xcooper,Syrian Arab Republic,20,trend_hopper,2025-01-07,0.47,0.06,"gaming,fitness,tech"
U04211,garciaandrea,Guinea,40,binge_user,2025-10-25,0.94,0.12,"fitness,food,tech"
U04212,jessica56,Tonga,41,binge_user,2026-04-23,0.72,0.12,"sports,food,tech"
U04213,raytammy,Indonesia,24,passive_scroller,2026-01-05,0.15,0.03,"music,finance,sports"
U04214,frazierandrew,Chad,42,binge_user,2026-01-26,0.79,0.06,"anime,gaming,tech"
U04215,vhebert,Wallis and Futuna,23,passive_scroller,2025-05-03,0.24,0.02,"tech,anime,food"
U04216,hrandall,Samoa,41,binge_user,2026-04-16,0.92,0.11,"finance,sports,music"
U04217,burnettmadeline,Niger,28,binge_user,2026-01-22,1.0,0.07,"finance,tech,anime"
U04218,camachoangela,Kazakhstan,25,trend_hopper,2026-01-22,0.56,0.06,"gaming,tech,anime"
U04219,natasha91,Kenya,40,active_engager,2026-01-11,0.45,0.16,"gaming,memes,food"
U04220,charles95,Guatemala,28,binge_user,2025-12-24,0.86,0.09,"finance,sports,food"
U04221,nflores,Saint Kitts and Nevis,22,binge_user,2025-12-10,0.85,0.14,"fitness,gaming,tech"
U04222,whiteneil,Thailand,34,passive_scroller,2026-03-23,0.29,0.04,"gaming,fitness,finance"
U04223,tiffany19,Antarctica (the territory South of 60 deg S),33,binge_user,2026-02-05,0.92,0.07,"fitness,memes,anime"
U04224,bradleywilson,Montenegro,27,passive_scroller,2026-03-30,0.1,0.02,"memes,finance,music"
U04225,kimberly85,Jersey,23,binge_user,2025-02-22,0.9,0.07,"finance,food,anime"
U04226,maria50,Aruba,30,passive_scroller,2026-03-06,0.22,0.03,"fitness,sports,gaming"
U04227,haynesaustin,Malawi,28,passive_scroller,2025-06-18,0.38,0.01,"food,gaming,anime"
U04228,jgonzales,Norfolk Island,31,active_engager,2025-03-12,0.42,0.25,"anime,music,food"
U04229,james42,Luxembourg,22,trend_hopper,2025-02-17,0.42,0.1,"finance,food,memes"
U04230,hwalker,France,35,active_engager,2025-04-11,0.51,0.2,"food,tech,sports"
U04231,kevinhahn,Malta,36,binge_user,2026-04-01,0.86,0.14,"tech,finance,food"
U04232,lopezcory,Uzbekistan,20,trend_hopper,2026-01-19,0.44,0.09,"sports,food,fitness"
U04233,suarezmary,Serbia,36,passive_scroller,2026-04-13,0.22,0.03,"music,food,memes"
U04234,nshaw,Korea,37,active_engager,2025-01-23,0.65,0.25,"tech,memes,finance"
U04235,jamie03,Ukraine,27,active_engager,2025-07-11,0.69,0.3,"food,music,anime"
U04236,onelson,British Virgin Islands,20,active_engager,2026-03-12,0.47,0.34,"finance,anime,memes"
U04237,carterrussell,Vanuatu,18,binge_user,2025-01-31,0.84,0.05,"sports,food,music"
U04238,jasminthompson,Tuvalu,35,trend_hopper,2025-02-16,0.38,0.05,"sports,anime,finance"
U04239,yvincent,Benin,30,binge_user,2025-06-05,0.89,0.08,"food,anime,gaming"
U04240,onelson,Honduras,39,passive_scroller,2025-01-09,0.13,0.03,"music,food,memes"
U04241,johnsonconnor,Djibouti,31,binge_user,2025-09-27,0.83,0.06,"music,memes,sports"
U04242,buckjudith,Reunion,30,passive_scroller,2025-04-10,0.23,0.01,"gaming,sports,memes"
U04243,jenniferbowers,Honduras,44,active_engager,2025-04-23,0.61,0.3,"memes,music,fitness"
U04244,hansenmichelle,Taiwan,37,active_engager,2025-02-04,0.66,0.15,"finance,food,gaming"
U04245,lucaswilliam,Costa Rica,33,active_engager,2025-11-16,0.42,0.18,"food,fitness,music"
U04246,kristina17,Qatar,42,binge_user,2026-02-18,0.71,0.1,"music,finance,fitness"
U04247,wcooper,Bhutan,38,trend_hopper,2025-10-07,0.49,0.11,"fitness,sports,food"
U04248,dixonmark,Mozambique,42,trend_hopper,2025-01-21,0.37,0.06,"gaming,fitness,food"
U04249,thenry,Korea,45,trend_hopper,2025-01-03,0.53,0.09,"finance,food,tech"
U04250,pittsbryce,Cayman Islands,35,binge_user,2025-01-22,0.77,0.12,"tech,food,memes"
U04251,uhebert,Guam,33,binge_user,2026-01-17,0.82,0.1,"sports,memes,music"
U04252,randychavez,Honduras,37,active_engager,2026-01-25,0.52,0.31,"fitness,gaming,memes"
U04253,christopher97,Switzerland,43,binge_user,2025-02-07,0.88,0.09,"gaming,finance,music"
U04254,robert05,Mozambique,37,trend_hopper,2025-11-11,0.46,0.1,"music,tech,food"
U04255,hickmanheather,San Marino,21,passive_scroller,2026-02-21,0.21,0.02,"finance,tech,food"
U04256,andrewhooper,Andorra,34,trend_hopper,2025-08-14,0.45,0.11,"food,gaming,finance"
U04257,annahenderson,Saint Pierre and Miquelon,20,trend_hopper,2025-05-22,0.38,0.06,"tech,memes,sports"
U04258,mark96,Guadeloupe,41,active_engager,2026-02-20,0.67,0.23,"music,finance,tech"
U04259,krausemary,Uzbekistan,37,active_engager,2025-12-18,0.55,0.28,"music,food,sports"
U04260,qleonard,Korea,24,active_engager,2025-09-14,0.65,0.18,"food,finance,music"
U04261,stephanie70,Palestinian Territory,37,active_engager,2026-02-07,0.68,0.3,"finance,anime,music"
U04262,allencallahan,Saint Lucia,37,binge_user,2026-04-11,0.73,0.14,"music,finance,tech"
U04263,areed,Andorra,27,active_engager,2025-10-25,0.55,0.32,"gaming,anime,fitness"
U04264,monica82,Croatia,38,passive_scroller,2025-07-14,0.27,0.04,"food,sports,fitness"
U04265,jaredwalters,Kuwait,22,passive_scroller,2025-12-12,0.4,0.04,"sports,fitness,memes"
U04266,scottstephanie,Guam,18,active_engager,2026-04-25,0.5,0.28,"music,memes,anime"
U04267,pedro98,Ecuador,43,trend_hopper,2025-06-11,0.48,0.1,"anime,finance,food"
U04268,mary95,Lao People's Democratic Republic,32,binge_user,2026-04-27,0.95,0.05,"anime,tech,music"
U04269,darlenedickerson,French Polynesia,41,active_engager,2025-12-04,0.6,0.22,"anime,sports,food"
U04270,ymay,Cayman Islands,24,passive_scroller,2026-04-15,0.31,0.02,"music,tech,finance"
U04271,megan95,Venezuela,18,passive_scroller,2026-01-24,0.29,0.02,"sports,food,finance"
U04272,smithkimberly,United States Virgin Islands,21,trend_hopper,2026-03-03,0.38,0.06,"gaming,sports,music"
U04273,taylorjames,Taiwan,18,passive_scroller,2025-06-01,0.37,0.02,"sports,anime,gaming"
U04274,mariahflores,Korea,33,passive_scroller,2025-04-01,0.19,0.05,"tech,sports,finance"
U04275,teresascott,Mali,30,trend_hopper,2025-07-25,0.52,0.08,"tech,fitness,anime"
U04276,qhorn,Andorra,44,trend_hopper,2025-11-01,0.36,0.07,"fitness,anime,food"
U04277,henryhoffman,Saint Barthelemy,23,binge_user,2026-01-27,0.77,0.09,"food,gaming,anime"
U04278,jasmin98,Italy,18,active_engager,2025-03-30,0.52,0.34,"music,fitness,memes"
U04279,dustinsanchez,Samoa,40,active_engager,2026-04-26,0.58,0.33,"finance,anime,sports"
U04280,melinda91,Indonesia,40,passive_scroller,2025-09-21,0.17,0.02,"music,gaming,memes"
U04281,jacquelinesmith,Bangladesh,28,active_engager,2025-03-31,0.58,0.17,"finance,tech,sports"
U04282,franksarah,British Indian Ocean Territory (Chagos Archipelago),24,active_engager,2026-02-09,0.62,0.31,"memes,fitness,sports"
U04283,wheelerluis,Jordan,21,passive_scroller,2025-06-26,0.36,0.04,"gaming,tech,finance"
U04284,arthur64,Cape Verde,41,passive_scroller,2026-01-09,0.28,0.03,"music,memes,tech"
U04285,allensierra,Macao,44,passive_scroller,2025-02-06,0.21,0.02,"anime,food,tech"
U04286,phamkevin,Algeria,29,trend_hopper,2026-01-24,0.33,0.11,"food,music,gaming"
U04287,amywilson,Niue,38,passive_scroller,2026-02-20,0.24,0.02,"anime,finance,food"
U04288,heatherbrewer,Belarus,26,trend_hopper,2025-05-07,0.37,0.12,"sports,food,fitness"
U04289,mooremark,Niue,18,passive_scroller,2025-05-07,0.14,0.01,"music,tech,gaming"
U04290,rushshannon,Cook Islands,19,trend_hopper,2025-10-11,0.38,0.07,"music,sports,gaming"
U04291,dhale,Western Sahara,31,binge_user,2025-05-09,0.8,0.13,"anime,tech,finance"
U04292,bsmith,Wallis and Futuna,28,trend_hopper,2025-01-27,0.41,0.07,"finance,memes,anime"
U04293,heatherpeterson,Ethiopia,24,binge_user,2025-05-11,0.93,0.1,"music,fitness,memes"
U04294,tiffanyjones,Tokelau,35,binge_user,2025-12-30,0.92,0.08,"fitness,finance,tech"
U04295,amanda36,Yemen,20,trend_hopper,2026-02-07,0.59,0.09,"food,anime,sports"
U04296,robert53,Syrian Arab Republic,43,active_engager,2025-12-24,0.5,0.28,"fitness,gaming,music"
U04297,kjones,Mongolia,37,binge_user,2026-02-01,0.81,0.12,"music,memes,fitness"
U04298,katelyngordon,Kyrgyz Republic,40,active_engager,2025-02-03,0.41,0.32,"food,tech,fitness"
U04299,ureyes,Cameroon,42,passive_scroller,2025-07-09,0.16,0.03,"fitness,memes,gaming"
U04300,michellelopez,Belize,43,binge_user,2025-09-25,1.0,0.11,"gaming,anime,finance"
U04301,jacobsstephen,Belize,28,active_engager,2025-11-30,0.54,0.33,"tech,gaming,fitness"
U04302,bradadams,United States Virgin Islands,31,trend_hopper,2025-06-18,0.38,0.06,"fitness,finance,memes"
U04303,amanda31,Thailand,34,trend_hopper,2026-03-16,0.51,0.05,"memes,finance,tech"
U04304,davidchan,Ethiopia,18,binge_user,2025-05-01,0.85,0.09,"tech,music,anime"
U04305,michelle85,Saint Lucia,27,passive_scroller,2026-01-20,0.31,0.03,"anime,music,food"
U04306,omartin,Jamaica,27,binge_user,2025-12-31,0.81,0.1,"food,tech,sports"
U04307,peter96,Spain,19,active_engager,2026-02-21,0.43,0.27,"music,anime,sports"
U04308,kristy57,Eritrea,44,passive_scroller,2026-02-16,0.26,0.02,"gaming,memes,sports"
U04309,ysmith,Niger,39,binge_user,2026-01-15,0.93,0.05,"food,anime,music"
U04310,kellyrose,Thailand,39,passive_scroller,2025-06-20,0.21,0.04,"sports,memes,tech"
U04311,beth42,Iceland,37,binge_user,2025-01-17,0.84,0.05,"music,anime,fitness"
U04312,scott95,Pakistan,22,active_engager,2026-03-27,0.59,0.28,"food,tech,sports"
U04313,malonejulie,Maldives,37,trend_hopper,2025-07-21,0.46,0.1,"anime,food,gaming"
U04314,ubryan,Taiwan,23,active_engager,2025-05-09,0.59,0.22,"gaming,finance,food"
U04315,maxwelllinda,Papua New Guinea,19,binge_user,2026-02-01,0.95,0.09,"finance,fitness,music"
U04316,baileyheather,Senegal,31,binge_user,2026-04-22,0.86,0.13,"music,gaming,finance"
U04317,turnercourtney,Estonia,34,trend_hopper,2025-12-24,0.36,0.08,"food,sports,tech"
U04318,carpentermeagan,Falkland Islands (Malvinas),44,trend_hopper,2025-05-17,0.48,0.1,"sports,food,tech"
U04319,jonesrichard,Saint Martin,35,trend_hopper,2025-01-09,0.44,0.09,"sports,tech,fitness"
U04320,michelesnow,Bhutan,23,active_engager,2025-09-21,0.58,0.27,"sports,tech,fitness"
U04321,curtisalexander,Bahamas,40,active_engager,2025-04-21,0.4,0.29,"tech,anime,food"
U04322,matthew41,Cameroon,33,trend_hopper,2025-07-15,0.5,0.11,"fitness,gaming,memes"
U04323,edwarddoyle,Christmas Island,34,passive_scroller,2025-03-01,0.29,0.03,"music,memes,finance"
U04324,sandralarson,Uruguay,28,binge_user,2025-01-25,0.92,0.07,"sports,memes,music"
U04325,jessica87,Montenegro,41,binge_user,2025-11-19,0.9,0.07,"sports,gaming,music"
U04326,john29,Nicaragua,22,binge_user,2026-03-29,0.83,0.08,"tech,food,music"
U04327,andreamorris,Philippines,40,binge_user,2025-03-30,0.78,0.07,"sports,music,anime"
U04328,smithmarissa,Christmas Island,37,active_engager,2026-01-25,0.47,0.24,"tech,sports,finance"
U04329,maddoxleah,Suriname,18,passive_scroller,2025-04-08,0.17,0.02,"finance,gaming,anime"
U04330,seanschultz,Honduras,26,passive_scroller,2025-06-14,0.13,0.03,"food,gaming,sports"
U04331,richarddavis,Mali,39,trend_hopper,2025-01-12,0.43,0.06,"anime,fitness,music"
U04332,navarrozachary,Grenada,31,binge_user,2025-01-26,0.89,0.06,"food,fitness,gaming"
U04333,kwalton,Nepal,33,trend_hopper,2025-04-29,0.55,0.09,"food,music,sports"
U04334,ashley76,Pakistan,23,passive_scroller,2025-12-12,0.36,0.04,"finance,food,fitness"
U04335,christopherharding,Ghana,19,trend_hopper,2025-10-31,0.59,0.08,"music,tech,fitness"
U04336,lisa93,Turks and Caicos Islands,24,passive_scroller,2025-10-04,0.12,0.04,"music,anime,tech"
U04337,shannonrichardson,Portugal,32,binge_user,2025-10-30,0.8,0.11,"memes,tech,music"
U04338,robertsonabigail,Dominican Republic,37,binge_user,2025-07-22,0.85,0.11,"fitness,finance,music"
U04339,rothkatie,Mayotte,43,trend_hopper,2025-05-26,0.51,0.1,"fitness,tech,memes"
U04340,amanda78,Benin,32,active_engager,2025-08-03,0.48,0.28,"tech,food,music"
U04341,qmarshall,Brunei Darussalam,18,passive_scroller,2025-05-30,0.34,0.03,"food,fitness,finance"
U04342,mary81,Bahamas,36,trend_hopper,2025-12-19,0.5,0.07,"sports,anime,music"
U04343,bsolomon,Saint Martin,23,passive_scroller,2026-02-19,0.24,0.02,"tech,finance,anime"
U04344,jefferyfuller,French Guiana,45,binge_user,2025-07-17,0.82,0.11,"fitness,anime,gaming"
U04345,medinaamy,Nauru,21,passive_scroller,2026-04-26,0.16,0.04,"tech,finance,anime"
U04346,steven76,Mayotte,44,active_engager,2025-06-16,0.4,0.23,"music,anime,finance"
U04347,davidpierce,British Virgin Islands,22,trend_hopper,2025-07-01,0.58,0.1,"tech,memes,finance"
U04348,carterkara,Mexico,42,passive_scroller,2025-11-27,0.2,0.04,"music,anime,finance"
U04349,markwilcox,Faroe Islands,19,binge_user,2026-04-10,0.89,0.12,"fitness,food,anime"
U04350,hayesalexandria,Turkmenistan,38,passive_scroller,2025-03-15,0.13,0.04,"music,food,memes"
U04351,gonzalezlisa,Isle of Man,23,active_engager,2025-05-10,0.49,0.27,"fitness,gaming,tech"
U04352,sjones,Taiwan,33,passive_scroller,2026-04-23,0.26,0.03,"sports,finance,gaming"
U04353,rileylisa,Saint Helena,36,trend_hopper,2026-04-02,0.48,0.07,"sports,gaming,food"
U04354,ljenkins,Colombia,18,trend_hopper,2025-05-14,0.57,0.07,"finance,anime,sports"
U04355,barry24,Bosnia and Herzegovina,34,active_engager,2025-01-22,0.64,0.29,"anime,music,sports"
U04356,michaellawson,Bolivia,36,binge_user,2025-09-07,0.9,0.14,"sports,food,tech"
U04357,qmccann,Iran,40,passive_scroller,2026-02-12,0.27,0.05,"food,memes,tech"
U04358,michaelburns,India,22,binge_user,2026-03-29,0.71,0.12,"sports,music,finance"
U04359,knoxsusan,Reunion,33,trend_hopper,2025-02-26,0.36,0.08,"sports,anime,memes"
U04360,derrickfarrell,Nicaragua,24,trend_hopper,2026-04-17,0.52,0.06,"anime,fitness,music"
U04361,joliver,Portugal,41,passive_scroller,2025-01-15,0.21,0.02,"music,memes,finance"
U04362,vramos,Nigeria,35,passive_scroller,2026-03-28,0.31,0.05,"sports,food,finance"
U04363,nathan33,Moldova,39,passive_scroller,2026-02-01,0.31,0.02,"music,tech,gaming"
U04364,hamiltonjohn,Chile,19,passive_scroller,2025-08-24,0.39,0.01,"food,fitness,finance"
U04365,michael04,Cote d'Ivoire,19,binge_user,2025-02-13,0.8,0.06,"music,anime,food"
U04366,kmorales,Sweden,26,active_engager,2026-04-26,0.6,0.15,"tech,sports,gaming"
U04367,pgolden,Suriname,39,binge_user,2026-01-14,0.85,0.09,"gaming,finance,music"
U04368,mmorse,Burundi,21,binge_user,2025-01-25,0.85,0.09,"sports,tech,anime"
U04369,obailey,Papua New Guinea,45,active_engager,2025-10-24,0.62,0.27,"tech,finance,music"
U04370,kjohnson,Montserrat,20,active_engager,2025-01-23,0.44,0.2,"anime,memes,finance"
U04371,elizabethsingleton,Gibraltar,28,binge_user,2025-02-15,0.75,0.14,"anime,finance,food"
U04372,terrellrenee,Thailand,25,active_engager,2025-09-17,0.48,0.28,"fitness,memes,finance"
U04373,zsingh,Gibraltar,41,active_engager,2026-03-08,0.66,0.17,"memes,food,gaming"
U04374,dmorris,Trinidad and Tobago,20,trend_hopper,2025-11-13,0.49,0.07,"fitness,tech,sports"
U04375,christopherwallace,Cote d'Ivoire,39,active_engager,2025-10-03,0.6,0.3,"fitness,sports,tech"
U04376,lirwin,Senegal,29,passive_scroller,2026-01-06,0.21,0.04,"tech,gaming,sports"
U04377,mtorres,Tunisia,35,trend_hopper,2025-12-19,0.47,0.1,"sports,anime,fitness"
U04378,keithdouglas,Bolivia,43,passive_scroller,2025-01-15,0.24,0.02,"fitness,sports,anime"
U04379,zjones,Cocos (Keeling) Islands,22,passive_scroller,2025-12-26,0.39,0.02,"anime,sports,food"
U04380,travismoore,North Macedonia,37,passive_scroller,2026-03-20,0.28,0.02,"food,gaming,sports"
U04381,michaelhahn,Jordan,30,trend_hopper,2025-11-21,0.3,0.09,"food,music,fitness"
U04382,pinedalaura,Djibouti,26,trend_hopper,2025-03-13,0.5,0.07,"sports,fitness,gaming"
U04383,melissajimenez,Indonesia,18,active_engager,2025-05-16,0.41,0.16,"gaming,finance,food"
U04384,alexander49,Norfolk Island,40,passive_scroller,2025-12-23,0.14,0.03,"gaming,fitness,finance"
U04385,udavis,Swaziland,29,binge_user,2025-12-27,0.8,0.1,"food,anime,tech"
U04386,vhicks,Isle of Man,27,trend_hopper,2026-05-01,0.36,0.06,"music,gaming,finance"
U04387,samanthathompson,Sao Tome and Principe,18,passive_scroller,2025-11-25,0.29,0.04,"food,fitness,music"
U04388,stephanietaylor,Hong Kong,18,binge_user,2026-02-16,0.98,0.15,"sports,music,anime"
U04389,bearddennis,India,32,active_engager,2025-02-23,0.49,0.27,"food,tech,memes"
U04390,kortega,Singapore,30,trend_hopper,2025-03-29,0.37,0.11,"fitness,sports,gaming"
U04391,markfitzpatrick,Niue,32,binge_user,2025-11-19,0.7,0.07,"fitness,food,gaming"
U04392,kwilliams,North Macedonia,24,passive_scroller,2026-02-22,0.35,0.04,"fitness,music,memes"
U04393,salvarez,Guinea-Bissau,23,active_engager,2025-12-11,0.56,0.34,"sports,gaming,fitness"
U04394,hartmanmatthew,Taiwan,31,binge_user,2025-06-16,0.96,0.13,"fitness,anime,memes"
U04395,ericbailey,Djibouti,42,active_engager,2026-01-08,0.65,0.34,"memes,gaming,music"
U04396,jeremykim,Norfolk Island,23,binge_user,2025-02-12,0.89,0.12,"memes,music,finance"
U04397,christopherwilliams,French Guiana,28,trend_hopper,2025-11-28,0.43,0.11,"fitness,music,memes"
U04398,keith57,Turks and Caicos Islands,42,binge_user,2026-02-24,0.86,0.14,"sports,food,finance"
U04399,tlarson,Armenia,25,active_engager,2025-01-13,0.69,0.33,"food,fitness,gaming"
U04400,jtorres,Denmark,41,passive_scroller,2025-01-08,0.36,0.01,"gaming,tech,fitness"
U04401,alex67,Uruguay,31,passive_scroller,2026-03-21,0.35,0.02,"tech,food,fitness"
U04402,randy08,Heard Island and McDonald Islands,29,binge_user,2026-01-01,0.85,0.12,"memes,fitness,sports"
U04403,matthew33,Burundi,29,active_engager,2025-07-20,0.44,0.22,"finance,gaming,sports"
U04404,ryan79,Guinea,21,trend_hopper,2025-12-17,0.42,0.09,"sports,gaming,tech"
U04405,craigzachary,Seychelles,21,active_engager,2025-08-26,0.55,0.19,"sports,memes,finance"
U04406,kathleenwhite,Netherlands,29,trend_hopper,2025-06-09,0.44,0.06,"gaming,music,anime"
U04407,victoriajones,Cote d'Ivoire,43,passive_scroller,2026-02-10,0.28,0.05,"sports,anime,gaming"
U04408,gary64,Guinea-Bissau,29,passive_scroller,2025-12-14,0.17,0.04,"fitness,music,gaming"
U04409,morenobradley,Spain,36,active_engager,2025-12-05,0.52,0.26,"finance,food,gaming"
U04410,meredith51,Haiti,27,passive_scroller,2025-06-05,0.27,0.03,"gaming,sports,finance"
U04411,foxhannah,Austria,37,passive_scroller,2025-01-07,0.16,0.03,"music,anime,fitness"
U04412,diazpamela,Venezuela,44,passive_scroller,2025-10-18,0.21,0.01,"memes,gaming,food"
U04413,jeffreyhoward,Barbados,26,passive_scroller,2025-09-02,0.32,0.03,"food,tech,anime"
U04414,charlesavila,Switzerland,32,trend_hopper,2025-02-11,0.53,0.06,"memes,gaming,fitness"
U04415,amy49,Dominican Republic,27,binge_user,2025-01-08,0.9,0.12,"food,anime,memes"
U04416,mwallace,Slovenia,36,active_engager,2025-02-15,0.47,0.35,"food,tech,gaming"
U04417,moorekylie,Netherlands,28,binge_user,2025-03-04,0.95,0.14,"anime,gaming,music"
U04418,richardskatherine,Namibia,24,binge_user,2025-04-29,0.7,0.13,"food,memes,tech"
U04419,parkerkayla,Dominica,38,binge_user,2025-01-25,0.99,0.09,"fitness,music,tech"
U04420,dmeza,Tanzania,44,active_engager,2025-10-12,0.59,0.3,"fitness,memes,gaming"
U04421,xoliver,Palestinian Territory,18,passive_scroller,2025-07-16,0.23,0.01,"fitness,anime,music"
U04422,murphybrian,Western Sahara,34,passive_scroller,2026-01-31,0.38,0.02,"food,finance,tech"
U04423,banksshelby,Uruguay,40,passive_scroller,2025-07-16,0.26,0.03,"finance,gaming,music"
U04424,rachael69,Greenland,36,passive_scroller,2025-07-18,0.27,0.04,"finance,memes,anime"
U04425,mooretimothy,Cameroon,25,binge_user,2025-11-08,0.86,0.07,"memes,music,tech"
U04426,dwells,Rwanda,36,active_engager,2026-03-15,0.6,0.25,"fitness,gaming,sports"
U04427,craig26,Swaziland,45,active_engager,2025-09-24,0.67,0.16,"food,memes,sports"
U04428,lawsonjonathan,Malta,39,passive_scroller,2025-02-08,0.1,0.02,"gaming,food,sports"
U04429,dbass,Botswana,42,active_engager,2026-01-20,0.69,0.34,"memes,gaming,tech"
U04430,gmclean,Ukraine,38,trend_hopper,2025-10-18,0.47,0.1,"tech,fitness,music"
U04431,hwilson,Vanuatu,45,binge_user,2026-01-04,0.99,0.15,"gaming,memes,food"
U04432,brianna55,Zimbabwe,21,trend_hopper,2025-07-11,0.47,0.09,"gaming,anime,sports"
U04433,beckymoore,Guatemala,21,active_engager,2025-02-11,0.47,0.21,"memes,finance,fitness"
U04434,joellee,Guadeloupe,37,trend_hopper,2025-05-14,0.48,0.1,"anime,fitness,memes"
U04435,jamesrichardson,United States Minor Outlying Islands,42,active_engager,2025-08-07,0.64,0.28,"gaming,food,sports"
U04436,estradalinda,Gabon,40,binge_user,2025-04-19,0.93,0.12,"music,tech,food"
U04437,laura03,Heard Island and McDonald Islands,37,trend_hopper,2026-04-05,0.52,0.11,"music,sports,food"
U04438,sarah78,Cote d'Ivoire,24,binge_user,2025-05-28,0.72,0.15,"music,memes,gaming"
U04439,johnsonmelissa,Mexico,20,trend_hopper,2026-03-06,0.36,0.09,"sports,fitness,anime"
U04440,williamchen,Philippines,36,trend_hopper,2025-09-21,0.36,0.07,"gaming,memes,sports"
U04441,elizabeth41,Portugal,26,active_engager,2025-08-30,0.55,0.32,"tech,food,gaming"
U04442,qkennedy,Italy,20,binge_user,2026-02-10,0.89,0.1,"fitness,sports,anime"
U04443,dwebb,Vietnam,27,active_engager,2025-11-19,0.49,0.22,"memes,gaming,anime"
U04444,darrenjimenez,Puerto Rico,42,passive_scroller,2025-12-08,0.29,0.02,"sports,music,food"
U04445,tiffany14,Bosnia and Herzegovina,27,binge_user,2025-03-21,0.78,0.1,"fitness,finance,food"
U04446,collinsaustin,Cape Verde,45,passive_scroller,2025-10-31,0.35,0.01,"sports,fitness,music"
U04447,miguel75,Cayman Islands,39,passive_scroller,2026-02-13,0.28,0.02,"fitness,food,gaming"
U04448,tammyblanchard,Brazil,36,trend_hopper,2025-06-07,0.55,0.1,"gaming,finance,anime"
U04449,shannonsmith,Nigeria,24,passive_scroller,2025-08-01,0.25,0.04,"finance,music,sports"
U04450,sophiasmith,Senegal,43,passive_scroller,2026-04-19,0.29,0.02,"music,sports,gaming"
U04451,darlene16,Chad,45,binge_user,2025-07-11,0.83,0.12,"gaming,tech,memes"
U04452,hbarker,Zambia,44,passive_scroller,2025-08-17,0.36,0.03,"fitness,food,gaming"
U04453,cquinn,Romania,41,active_engager,2026-02-03,0.65,0.18,"food,memes,finance"
U04454,melanie14,Central African Republic,21,active_engager,2025-03-08,0.52,0.21,"gaming,memes,fitness"
U04455,ralexander,Faroe Islands,29,binge_user,2025-07-04,0.93,0.06,"tech,finance,sports"
U04456,taylortimothy,Seychelles,29,passive_scroller,2025-07-04,0.4,0.03,"sports,memes,tech"
U04457,uhall,Dominican Republic,38,trend_hopper,2025-09-29,0.44,0.06,"tech,finance,fitness"
U04458,christine69,Kenya,37,binge_user,2025-02-15,0.93,0.08,"memes,anime,sports"
U04459,william86,Azerbaijan,23,passive_scroller,2025-05-14,0.18,0.02,"fitness,gaming,sports"
U04460,jessicathomas,Ukraine,41,binge_user,2025-02-28,0.99,0.15,"finance,food,fitness"
U04461,ninasimpson,French Polynesia,32,trend_hopper,2025-11-02,0.51,0.12,"food,tech,gaming"
U04462,rhonda66,Algeria,24,binge_user,2025-11-25,0.84,0.06,"music,fitness,food"
U04463,christopher62,Georgia,20,binge_user,2025-05-05,0.96,0.05,"tech,gaming,anime"
U04464,nicole70,Vanuatu,22,trend_hopper,2025-10-26,0.59,0.09,"finance,music,memes"
U04465,erikabutler,Niger,26,active_engager,2025-12-19,0.47,0.19,"memes,finance,gaming"
U04466,deborahpayne,Cape Verde,40,passive_scroller,2025-03-31,0.15,0.02,"tech,anime,food"
U04467,xosborn,Montserrat,25,trend_hopper,2026-02-09,0.47,0.05,"sports,finance,gaming"
U04468,gray,Slovakia (Slovak Republic),32,trend_hopper,2025-06-14,0.37,0.09,"finance,sports,memes"
U04469,zpierce,Guyana,28,trend_hopper,2025-03-24,0.53,0.05,"gaming,finance,fitness"
U04470,elliottthomas,Bolivia,40,active_engager,2025-04-22,0.51,0.28,"fitness,memes,music"
U04471,stevenrios,Jordan,28,active_engager,2026-01-02,0.51,0.16,"music,tech,sports"
U04472,ronaldgraham,Holy See (Vatican City State),22,binge_user,2025-09-22,0.73,0.05,"tech,anime,sports"
U04473,evansnatalie,Isle of Man,20,active_engager,2026-01-16,0.6,0.25,"anime,tech,memes"
U04474,clarkbradley,Maldives,36,trend_hopper,2025-12-14,0.41,0.06,"finance,music,anime"
U04475,kennethrangel,India,41,binge_user,2025-03-22,0.96,0.12,"finance,memes,anime"
U04476,camposelizabeth,Samoa,28,trend_hopper,2026-01-27,0.51,0.06,"tech,gaming,memes"
U04477,wesley00,Greenland,40,trend_hopper,2025-05-09,0.58,0.08,"sports,finance,food"
U04478,joshuamartinez,Christmas Island,33,passive_scroller,2025-01-18,0.29,0.01,"fitness,food,music"
U04479,mariamclaughlin,Belarus,32,binge_user,2025-02-20,0.97,0.12,"gaming,anime,memes"
U04480,tiffany82,Faroe Islands,33,trend_hopper,2025-07-08,0.57,0.09,"sports,anime,music"
U04481,xbooth,Greenland,34,binge_user,2025-10-25,0.95,0.14,"food,finance,fitness"
U04482,esmith,Bolivia,29,binge_user,2025-09-24,0.72,0.08,"music,food,anime"
U04483,curtis65,Namibia,22,trend_hopper,2025-04-16,0.56,0.09,"fitness,sports,food"
U04484,stevenssandra,Eritrea,25,active_engager,2025-04-04,0.45,0.3,"anime,food,tech"
U04485,oharrison,Montserrat,27,active_engager,2026-04-28,0.68,0.35,"music,memes,finance"
U04486,joel15,Sudan,39,trend_hopper,2025-04-09,0.5,0.11,"gaming,anime,food"
U04487,fbrown,Togo,31,trend_hopper,2026-02-09,0.39,0.12,"gaming,finance,food"
U04488,ramostina,Anguilla,30,binge_user,2025-03-12,0.8,0.09,"gaming,sports,memes"
U04489,jennayork,Mauritania,25,trend_hopper,2025-04-01,0.39,0.12,"food,memes,sports"
U04490,reidana,Andorra,19,active_engager,2025-11-08,0.55,0.26,"food,memes,fitness"
U04491,palmerbrenda,Guyana,24,trend_hopper,2025-05-08,0.52,0.07,"memes,fitness,anime"
U04492,robert36,Eritrea,44,binge_user,2026-03-27,0.96,0.12,"sports,anime,gaming"
U04493,paul98,Guatemala,22,passive_scroller,2026-01-28,0.32,0.04,"anime,fitness,memes"
U04494,gsmith,Barbados,41,trend_hopper,2026-04-15,0.46,0.07,"fitness,anime,sports"
U04495,whiteheather,Italy,22,trend_hopper,2025-03-07,0.5,0.06,"fitness,anime,food"
U04496,freydouglas,Sweden,44,passive_scroller,2026-01-23,0.35,0.02,"tech,music,fitness"
U04497,jasminephelps,Cook Islands,40,binge_user,2025-12-20,1.0,0.07,"finance,food,gaming"
U04498,allison69,Latvia,34,passive_scroller,2025-09-24,0.13,0.03,"memes,music,tech"
U04499,donaldwood,Luxembourg,45,trend_hopper,2025-11-12,0.39,0.09,"sports,gaming,tech"
U04500,rjohnson,United States Virgin Islands,25,active_engager,2025-10-30,0.45,0.24,"music,food,tech"
U04501,robertsbrian,Ethiopia,33,active_engager,2025-03-18,0.49,0.2,"food,tech,memes"
U04502,johnsonjoe,Turkmenistan,35,passive_scroller,2025-04-20,0.18,0.04,"memes,fitness,food"
U04503,catherine29,Singapore,44,trend_hopper,2026-01-15,0.3,0.05,"food,memes,music"
U04504,edoyle,Kuwait,22,passive_scroller,2025-06-12,0.29,0.01,"food,tech,sports"
U04505,opayne,British Indian Ocean Territory (Chagos Archipelago),29,active_engager,2025-08-24,0.56,0.29,"memes,sports,fitness"
U04506,robert82,Moldova,33,passive_scroller,2026-03-08,0.13,0.03,"gaming,music,finance"
U04507,mary28,Liberia,40,passive_scroller,2025-06-11,0.29,0.03,"anime,food,memes"
U04508,danacohen,Thailand,39,trend_hopper,2025-10-09,0.54,0.11,"fitness,finance,food"
U04509,greg65,Tajikistan,43,passive_scroller,2026-01-05,0.12,0.03,"gaming,food,sports"
U04510,smithdebbie,Australia,22,trend_hopper,2026-02-13,0.55,0.11,"memes,finance,anime"
U04511,smithjanice,France,20,trend_hopper,2026-04-12,0.3,0.1,"fitness,food,memes"
U04512,paynebrittany,British Indian Ocean Territory (Chagos Archipelago),22,trend_hopper,2026-01-25,0.58,0.05,"anime,finance,food"
U04513,zvargas,Nicaragua,45,trend_hopper,2025-10-25,0.37,0.08,"music,tech,finance"
U04514,kenneth03,Tunisia,44,active_engager,2025-06-04,0.61,0.21,"tech,music,memes"
U04515,laurenkennedy,Venezuela,41,passive_scroller,2025-06-22,0.19,0.05,"gaming,tech,anime"
U04516,wrightkaren,Northern Mariana Islands,20,binge_user,2025-05-28,0.93,0.13,"memes,fitness,gaming"
U04517,xdominguez,Tokelau,22,active_engager,2025-10-12,0.43,0.2,"music,food,sports"
U04518,martinryan,Saint Vincent and the Grenadines,28,trend_hopper,2025-09-07,0.35,0.06,"memes,gaming,food"
U04519,michael24,Dominica,42,trend_hopper,2026-03-04,0.59,0.07,"tech,anime,memes"
U04520,ehill,Cote d'Ivoire,33,passive_scroller,2026-04-01,0.4,0.02,"anime,music,gaming"
U04521,nicholasharris,Paraguay,33,passive_scroller,2025-08-20,0.32,0.04,"anime,fitness,music"
U04522,mhodge,Netherlands Antilles,34,passive_scroller,2025-02-10,0.25,0.04,"sports,fitness,music"
U04523,nnguyen,Uruguay,38,passive_scroller,2025-09-20,0.32,0.03,"memes,tech,anime"
U04524,slambert,Slovakia (Slovak Republic),22,trend_hopper,2026-04-04,0.49,0.06,"tech,memes,fitness"
U04525,william02,Sao Tome and Principe,45,trend_hopper,2026-03-13,0.32,0.06,"anime,fitness,gaming"
U04526,anthonycoleman,Solomon Islands,31,trend_hopper,2026-02-19,0.32,0.11,"memes,anime,fitness"
U04527,murraychristopher,Croatia,24,binge_user,2026-02-28,0.82,0.1,"gaming,tech,finance"
U04528,malloryvalencia,Bermuda,40,passive_scroller,2025-10-12,0.23,0.04,"fitness,food,anime"
U04529,lgriffin,Oman,22,trend_hopper,2025-09-30,0.31,0.08,"tech,gaming,fitness"
U04530,roberttorres,Malawi,30,binge_user,2025-10-06,0.89,0.13,"fitness,finance,food"
U04531,swalters,Taiwan,24,trend_hopper,2025-01-17,0.48,0.11,"anime,finance,fitness"
U04532,jimmy16,Ghana,33,passive_scroller,2025-01-04,0.13,0.02,"gaming,sports,finance"
U04533,melissabrady,Botswana,41,active_engager,2026-02-22,0.67,0.32,"music,food,sports"
U04534,yoderphillip,Northern Mariana Islands,29,passive_scroller,2025-11-18,0.39,0.05,"finance,gaming,music"
U04535,christina02,Colombia,35,trend_hopper,2025-02-07,0.47,0.1,"food,music,memes"
U04536,kenneth08,Saint Vincent and the Grenadines,27,trend_hopper,2025-02-21,0.42,0.08,"fitness,finance,sports"
U04537,whudson,Ethiopia,22,binge_user,2025-06-05,0.88,0.09,"food,memes,tech"
U04538,fieldsdonna,Palestinian Territory,23,passive_scroller,2025-11-07,0.17,0.03,"food,tech,sports"
U04539,rachelrussell,Trinidad and Tobago,42,passive_scroller,2026-04-03,0.29,0.03,"memes,anime,fitness"
U04540,eric35,Kazakhstan,30,passive_scroller,2025-11-29,0.32,0.02,"memes,finance,gaming"
U04541,bushmarissa,Mexico,43,trend_hopper,2026-01-08,0.57,0.1,"sports,gaming,anime"
U04542,nhunter,Poland,26,passive_scroller,2025-09-22,0.11,0.02,"finance,sports,anime"
U04543,smoore,United Kingdom,28,trend_hopper,2025-08-28,0.56,0.07,"music,fitness,sports"
U04544,christopheroliver,Equatorial Guinea,37,active_engager,2026-03-19,0.69,0.18,"gaming,sports,memes"
U04545,caseyellis,Jamaica,41,active_engager,2025-06-13,0.43,0.3,"food,music,memes"
U04546,moorechristopher,Cocos (Keeling) Islands,24,trend_hopper,2026-01-21,0.48,0.11,"tech,music,anime"
U04547,conraddebra,Maldives,40,binge_user,2025-08-12,0.86,0.12,"tech,anime,finance"
U04548,courtney07,Brazil,21,trend_hopper,2025-08-12,0.33,0.11,"fitness,gaming,food"
U04549,iellis,Northern Mariana Islands,20,binge_user,2025-02-20,0.87,0.09,"tech,anime,memes"
U04550,jenniferpennington,Jamaica,43,passive_scroller,2025-10-03,0.15,0.05,"memes,gaming,tech"
U04551,nle,Jamaica,36,passive_scroller,2026-03-05,0.3,0.01,"music,memes,fitness"
U04552,vsullivan,United States Virgin Islands,30,active_engager,2026-02-13,0.59,0.19,"sports,music,food"
U04553,willisjames,Isle of Man,28,passive_scroller,2025-08-27,0.37,0.05,"gaming,music,sports"
U04554,jasonnguyen,Namibia,31,active_engager,2025-12-26,0.48,0.34,"fitness,memes,finance"
U04555,dowen,Libyan Arab Jamahiriya,20,passive_scroller,2026-03-09,0.27,0.05,"tech,fitness,anime"
U04556,royzuniga,Czech Republic,32,active_engager,2025-10-26,0.52,0.18,"anime,finance,food"
U04557,elliottphillip,Sri Lanka,32,active_engager,2025-12-03,0.66,0.3,"tech,anime,music"
U04558,srivas,Malawi,26,trend_hopper,2026-01-26,0.31,0.08,"sports,anime,fitness"
U04559,crosbyjoshua,Georgia,21,passive_scroller,2025-11-26,0.26,0.03,"fitness,sports,anime"
U04560,john26,Northern Mariana Islands,45,active_engager,2025-11-26,0.62,0.21,"tech,food,gaming"
U04561,nicholas36,Croatia,36,passive_scroller,2025-06-22,0.22,0.04,"tech,memes,fitness"
U04562,longmichael,Burundi,41,active_engager,2025-01-22,0.57,0.32,"music,finance,memes"
U04563,jphillips,Romania,42,trend_hopper,2025-04-22,0.42,0.08,"anime,memes,food"
U04564,candiceaustin,Trinidad and Tobago,39,trend_hopper,2026-04-18,0.45,0.08,"sports,anime,finance"
U04565,jeremy15,United Arab Emirates,33,active_engager,2025-04-26,0.56,0.24,"gaming,anime,fitness"
U04566,elizabethwatson,Taiwan,31,binge_user,2025-09-09,0.7,0.07,"music,memes,tech"
U04567,hectorsimpson,New Caledonia,19,passive_scroller,2025-02-18,0.32,0.04,"music,gaming,food"
U04568,hamiltonjacob,British Indian Ocean Territory (Chagos Archipelago),26,trend_hopper,2026-02-03,0.56,0.1,"sports,gaming,finance"
U04569,michael34,Micronesia,29,trend_hopper,2025-03-30,0.31,0.11,"tech,food,fitness"
U04570,allentodd,Netherlands Antilles,43,trend_hopper,2025-03-31,0.57,0.07,"food,music,fitness"
U04571,toddowen,Sierra Leone,29,binge_user,2025-02-19,0.75,0.06,"tech,sports,memes"
U04572,justin34,Namibia,31,active_engager,2025-11-11,0.43,0.29,"food,fitness,music"
U04573,robertcooley,Isle of Man,29,binge_user,2025-08-23,0.74,0.13,"fitness,sports,gaming"
U04574,carlsonjames,Congo,43,active_engager,2026-03-07,0.52,0.24,"sports,food,finance"
U04575,travishannah,Switzerland,22,active_engager,2025-08-26,0.41,0.34,"food,tech,music"
U04576,fayala,Algeria,26,active_engager,2025-05-03,0.57,0.19,"finance,music,sports"
U04577,william44,Netherlands,29,passive_scroller,2025-08-10,0.38,0.02,"finance,music,sports"
U04578,michelle59,Russian Federation,38,active_engager,2026-03-05,0.53,0.28,"gaming,food,sports"
U04579,lambertmark,Norfolk Island,44,active_engager,2026-01-05,0.6,0.32,"sports,food,fitness"
U04580,clayton82,Netherlands,43,binge_user,2026-03-01,0.78,0.07,"gaming,anime,finance"
U04581,robertromero,Argentina,27,binge_user,2025-01-23,0.85,0.08,"anime,music,finance"
U04582,phamerika,Djibouti,44,active_engager,2025-08-11,0.69,0.15,"fitness,music,tech"
U04583,sarahdeleon,Dominican Republic,39,active_engager,2025-03-05,0.51,0.31,"gaming,music,fitness"
U04584,qjordan,Angola,32,active_engager,2025-02-23,0.63,0.19,"music,tech,finance"
U04585,cindy95,Pakistan,40,active_engager,2026-03-10,0.7,0.25,"fitness,music,sports"
U04586,orrlisa,Slovenia,33,binge_user,2025-01-08,0.7,0.13,"memes,anime,sports"
U04587,herrerabrandon,Norfolk Island,32,passive_scroller,2025-03-24,0.31,0.03,"food,gaming,anime"
U04588,howellbailey,United States Minor Outlying Islands,31,trend_hopper,2025-07-12,0.32,0.07,"sports,fitness,anime"
U04589,halexander,Guinea,32,binge_user,2025-07-12,0.74,0.13,"finance,food,anime"
U04590,loganmark,Tunisia,24,binge_user,2025-09-24,0.74,0.07,"gaming,music,fitness"
U04591,matthewking,Bolivia,45,trend_hopper,2025-08-18,0.46,0.09,"food,sports,anime"
U04592,julie42,Tanzania,38,active_engager,2025-02-27,0.67,0.18,"finance,food,anime"
U04593,jibarra,Venezuela,21,trend_hopper,2025-12-14,0.44,0.05,"fitness,memes,gaming"
U04594,kevin88,Panama,43,active_engager,2025-01-26,0.67,0.33,"tech,music,gaming"
U04595,patricia87,Marshall Islands,23,trend_hopper,2026-01-18,0.38,0.09,"anime,tech,finance"
U04596,harrisonandrew,Tunisia,32,active_engager,2026-03-12,0.61,0.26,"sports,music,gaming"
U04597,patrickbennett,Korea,40,active_engager,2025-06-10,0.52,0.22,"sports,gaming,food"
U04598,traviswagner,Mauritania,25,passive_scroller,2025-04-13,0.19,0.03,"food,sports,memes"
U04599,denise98,Rwanda,26,trend_hopper,2025-07-22,0.43,0.11,"fitness,tech,anime"
U04600,michelle40,Cuba,19,passive_scroller,2026-03-05,0.37,0.05,"anime,memes,tech"
U04601,james54,Angola,40,active_engager,2025-10-05,0.47,0.23,"finance,tech,memes"
U04602,mjordan,Tanzania,28,passive_scroller,2025-10-27,0.21,0.03,"memes,finance,music"
U04603,ashleyzamora,Gibraltar,30,active_engager,2025-07-10,0.59,0.24,"finance,food,fitness"
U04604,jason01,Lithuania,43,passive_scroller,2025-11-08,0.37,0.05,"sports,gaming,food"
U04605,whiteheadtamara,Jordan,40,passive_scroller,2025-03-03,0.18,0.03,"music,finance,memes"
U04606,brooke29,United Kingdom,40,trend_hopper,2025-07-30,0.44,0.11,"gaming,finance,music"
U04607,kanedennis,Greece,39,binge_user,2025-11-11,0.9,0.06,"tech,finance,anime"
U04608,carpenterbrian,French Southern Territories,19,trend_hopper,2026-03-29,0.33,0.07,"memes,food,tech"
U04609,jparker,Palau,23,trend_hopper,2026-02-21,0.38,0.07,"finance,food,fitness"
U04610,lorijenkins,Liberia,18,binge_user,2025-09-25,0.88,0.09,"tech,gaming,memes"
U04611,darrylfitzgerald,Cote d'Ivoire,38,active_engager,2026-02-18,0.68,0.33,"music,memes,finance"
U04612,johnparks,Puerto Rico,30,binge_user,2026-03-23,0.88,0.15,"memes,gaming,tech"
U04613,toddreeves,Cuba,31,binge_user,2025-01-02,0.71,0.11,"tech,music,fitness"
U04614,hcarter,Colombia,34,trend_hopper,2025-11-18,0.6,0.11,"music,tech,memes"
U04615,joseph96,Guam,44,trend_hopper,2025-12-17,0.36,0.1,"memes,anime,sports"
U04616,stacey05,Tajikistan,38,trend_hopper,2025-03-26,0.33,0.08,"music,gaming,fitness"
U04617,potterdanielle,Bangladesh,21,active_engager,2025-11-10,0.66,0.34,"gaming,tech,sports"
U04618,shawkeith,Marshall Islands,38,active_engager,2026-01-13,0.46,0.29,"sports,finance,tech"
U04619,ccherry,Georgia,42,binge_user,2025-01-24,0.85,0.09,"gaming,memes,anime"
U04620,meyerbenjamin,Indonesia,26,trend_hopper,2025-03-07,0.37,0.07,"fitness,gaming,food"
U04621,adamshannah,Grenada,25,active_engager,2026-04-19,0.41,0.21,"memes,music,fitness"
U04622,benjamin56,Cayman Islands,39,trend_hopper,2026-03-28,0.55,0.06,"food,finance,anime"
U04623,nicole88,Qatar,29,passive_scroller,2025-05-18,0.2,0.04,"fitness,anime,food"
U04624,joeltucker,Cocos (Keeling) Islands,22,active_engager,2026-03-19,0.44,0.35,"memes,sports,finance"
U04625,hross,Peru,24,binge_user,2026-02-03,0.95,0.14,"music,gaming,sports"
U04626,joshua27,Iraq,36,passive_scroller,2025-04-06,0.22,0.05,"music,memes,anime"
U04627,kelseylang,Ghana,19,active_engager,2025-07-14,0.46,0.2,"food,anime,memes"
U04628,collinskayla,North Macedonia,36,active_engager,2025-08-09,0.69,0.32,"sports,food,anime"
U04629,christopherdiaz,Saint Helena,43,trend_hopper,2025-04-07,0.46,0.12,"gaming,food,finance"
U04630,randerson,Isle of Man,31,trend_hopper,2025-08-08,0.52,0.08,"food,gaming,memes"
U04631,pturner,Tajikistan,22,binge_user,2025-12-01,0.73,0.09,"sports,finance,food"
U04632,fernando98,Guadeloupe,23,trend_hopper,2025-04-10,0.54,0.08,"fitness,anime,memes"
U04633,mbriggs,Cameroon,44,passive_scroller,2025-08-08,0.18,0.03,"gaming,tech,sports"
U04634,kathryn87,Mali,24,passive_scroller,2025-04-28,0.26,0.04,"music,fitness,finance"
U04635,vgriffith,Namibia,37,trend_hopper,2025-01-15,0.53,0.11,"sports,finance,fitness"
U04636,ngreen,Belarus,34,trend_hopper,2025-04-11,0.43,0.11,"anime,tech,gaming"
U04637,mccluremichael,New Caledonia,31,trend_hopper,2025-03-23,0.35,0.08,"finance,tech,fitness"
U04638,sextonbryan,Ghana,21,binge_user,2025-01-10,0.8,0.08,"sports,fitness,gaming"
U04639,bmooney,El Salvador,20,passive_scroller,2025-03-09,0.18,0.02,"gaming,anime,sports"
U04640,amberjohnson,Colombia,34,trend_hopper,2025-05-02,0.57,0.08,"sports,gaming,food"
U04641,lisafranco,Togo,25,passive_scroller,2025-09-10,0.18,0.03,"sports,memes,fitness"
U04642,dgarcia,Comoros,38,active_engager,2025-11-29,0.59,0.26,"tech,sports,memes"
U04643,boydabigail,Ireland,23,trend_hopper,2025-12-06,0.57,0.09,"music,anime,memes"
U04644,wrightann,Saint Pierre and Miquelon,23,passive_scroller,2025-09-13,0.38,0.03,"finance,tech,fitness"
U04645,gregory34,Cook Islands,28,passive_scroller,2026-03-08,0.25,0.04,"gaming,fitness,tech"
U04646,christopher10,Wallis and Futuna,25,trend_hopper,2026-01-22,0.37,0.08,"anime,memes,gaming"
U04647,walkerjoshua,Guinea-Bissau,26,passive_scroller,2026-04-22,0.37,0.02,"tech,memes,gaming"
U04648,kjimenez,Grenada,20,binge_user,2025-10-28,0.82,0.12,"music,finance,tech"
U04649,hbray,Mali,25,trend_hopper,2026-01-08,0.46,0.11,"music,anime,tech"
U04650,carrie04,Ukraine,39,binge_user,2025-02-25,0.89,0.14,"memes,gaming,finance"
U04651,ryanmoran,Andorra,34,trend_hopper,2026-02-11,0.49,0.07,"sports,finance,gaming"
U04652,lisasilva,Nauru,24,trend_hopper,2025-03-15,0.37,0.09,"tech,sports,fitness"
U04653,christopher82,Denmark,20,passive_scroller,2025-06-09,0.29,0.04,"music,gaming,tech"
U04654,kimberly16,Yemen,32,passive_scroller,2025-08-24,0.19,0.02,"anime,finance,fitness"
U04655,ujenkins,Nicaragua,43,binge_user,2025-07-21,0.7,0.05,"gaming,memes,anime"
U04656,osummers,Chad,44,trend_hopper,2026-03-06,0.5,0.06,"music,finance,sports"
U04657,samuel13,Antarctica (the territory South of 60 deg S),20,trend_hopper,2025-12-19,0.38,0.07,"sports,anime,finance"
U04658,daniel44,Bahamas,29,passive_scroller,2025-03-20,0.12,0.02,"anime,food,gaming"
U04659,smithabigail,Cote d'Ivoire,44,trend_hopper,2025-09-22,0.38,0.06,"music,finance,memes"
U04660,matthew32,Barbados,36,passive_scroller,2026-03-28,0.38,0.02,"fitness,sports,finance"
U04661,juliacollins,Holy See (Vatican City State),41,trend_hopper,2025-01-13,0.35,0.05,"music,gaming,fitness"
U04662,kellyhenry,Palau,24,passive_scroller,2026-02-08,0.38,0.03,"memes,fitness,sports"
U04663,chelseycurtis,Djibouti,20,trend_hopper,2025-04-25,0.42,0.12,"food,gaming,memes"
U04664,emilygarner,Niger,39,active_engager,2026-03-11,0.41,0.23,"anime,sports,tech"
U04665,butlerjordan,Guadeloupe,38,binge_user,2025-07-27,0.99,0.08,"gaming,sports,memes"
U04666,christophercoleman,Eritrea,41,passive_scroller,2025-10-03,0.16,0.03,"anime,sports,gaming"
U04667,kjordan,Denmark,43,binge_user,2025-05-19,0.98,0.08,"memes,anime,food"
U04668,cainmark,Comoros,37,passive_scroller,2025-11-01,0.35,0.03,"gaming,anime,sports"
U04669,asanchez,Montserrat,20,binge_user,2026-03-01,0.91,0.05,"sports,music,food"
U04670,jacobsjames,Libyan Arab Jamahiriya,26,passive_scroller,2025-12-18,0.36,0.03,"tech,sports,fitness"
U04671,lauriegray,Saint Lucia,31,active_engager,2025-07-06,0.58,0.29,"fitness,anime,memes"
U04672,andreaedwards,Solomon Islands,35,passive_scroller,2025-04-25,0.2,0.02,"anime,finance,memes"
U04673,jflores,Sierra Leone,24,active_engager,2025-01-08,0.57,0.26,"music,gaming,finance"
U04674,whampton,Togo,30,trend_hopper,2025-10-29,0.41,0.05,"finance,tech,music"
U04675,heather52,Poland,31,binge_user,2025-12-13,0.89,0.14,"fitness,food,memes"
U04676,michael87,Ukraine,28,trend_hopper,2025-03-22,0.41,0.1,"tech,fitness,gaming"
U04677,jonesrandall,Belgium,28,trend_hopper,2026-01-22,0.5,0.07,"memes,tech,finance"
U04678,jonathanpark,Croatia,20,binge_user,2025-05-16,0.85,0.05,"finance,tech,sports"
U04679,brandonwalker,Uganda,28,passive_scroller,2025-07-09,0.23,0.02,"tech,memes,anime"
U04680,douglasamy,Papua New Guinea,41,trend_hopper,2025-08-30,0.44,0.1,"food,anime,gaming"
U04681,ginawallace,Iran,44,passive_scroller,2025-03-27,0.31,0.01,"sports,anime,music"
U04682,william34,Lesotho,37,binge_user,2025-04-22,0.98,0.13,"anime,finance,tech"
U04683,kennethgreen,Guinea,39,binge_user,2025-06-02,0.89,0.14,"music,gaming,finance"
U04684,tiffany11,Grenada,25,active_engager,2026-02-22,0.57,0.21,"memes,food,fitness"
U04685,erinhowe,Oman,20,passive_scroller,2026-04-01,0.36,0.02,"fitness,memes,food"
U04686,wrowe,Malaysia,43,trend_hopper,2026-01-26,0.38,0.09,"tech,memes,music"
U04687,wlutz,Burundi,28,active_engager,2026-04-15,0.58,0.31,"finance,tech,sports"
U04688,cookjoseph,China,42,trend_hopper,2025-08-01,0.41,0.09,"finance,anime,sports"
U04689,stephanie91,Libyan Arab Jamahiriya,35,trend_hopper,2026-03-21,0.46,0.05,"music,food,fitness"
U04690,powerssara,Isle of Man,39,binge_user,2026-01-06,0.76,0.07,"tech,finance,gaming"
U04691,stewartchristopher,Gibraltar,31,trend_hopper,2026-03-06,0.39,0.06,"sports,finance,tech"
U04692,pbecker,Vietnam,38,passive_scroller,2025-12-27,0.23,0.02,"memes,tech,gaming"
U04693,johnsonthomas,Costa Rica,34,active_engager,2025-09-10,0.64,0.15,"music,gaming,anime"
U04694,patricklane,Saint Vincent and the Grenadines,34,trend_hopper,2025-04-03,0.48,0.07,"memes,anime,fitness"
U04695,deborah35,Tanzania,44,binge_user,2025-04-13,0.83,0.06,"food,tech,memes"
U04696,angela76,Chad,32,passive_scroller,2025-12-08,0.16,0.02,"gaming,fitness,anime"
U04697,nwright,Russian Federation,30,active_engager,2025-12-03,0.52,0.18,"anime,tech,fitness"
U04698,mmartinez,Bermuda,25,active_engager,2025-04-17,0.54,0.32,"tech,memes,finance"
U04699,spearscollin,San Marino,36,active_engager,2025-05-22,0.54,0.33,"tech,finance,anime"
U04700,nicholasarias,Belgium,34,trend_hopper,2025-07-27,0.41,0.11,"anime,music,finance"
U04701,dgarcia,Slovenia,21,passive_scroller,2025-02-16,0.18,0.04,"finance,sports,food"
U04702,megan90,Uzbekistan,31,binge_user,2025-03-08,0.78,0.13,"anime,tech,finance"
U04703,carolynthornton,Comoros,33,trend_hopper,2025-06-07,0.34,0.05,"gaming,music,sports"
U04704,newmanmichael,Cameroon,43,active_engager,2025-02-03,0.65,0.22,"gaming,finance,sports"
U04705,anthony24,Papua New Guinea,35,trend_hopper,2026-04-15,0.49,0.12,"food,tech,gaming"
U04706,reesebenjamin,Swaziland,37,trend_hopper,2025-02-02,0.51,0.09,"food,tech,sports"
U04707,walkerdanielle,Macao,23,binge_user,2026-04-12,0.89,0.11,"food,anime,tech"
U04708,kimberlydecker,Rwanda,26,trend_hopper,2025-03-12,0.47,0.09,"gaming,finance,fitness"
U04709,rodriguezandrea,Ethiopia,28,passive_scroller,2026-03-27,0.27,0.05,"finance,food,anime"
U04710,ndeleon,Sweden,24,trend_hopper,2025-06-10,0.33,0.12,"music,fitness,finance"
U04711,tonynelson,Benin,36,binge_user,2025-04-21,0.9,0.12,"fitness,anime,finance"
U04712,pacemegan,Israel,38,active_engager,2026-02-22,0.58,0.17,"gaming,fitness,tech"
U04713,emily66,Iraq,36,passive_scroller,2025-10-14,0.25,0.01,"fitness,finance,music"
U04714,michaelwest,Guinea-Bissau,30,passive_scroller,2025-02-09,0.39,0.03,"music,food,tech"
U04715,vgarcia,Myanmar,31,active_engager,2025-09-29,0.45,0.34,"music,fitness,finance"
U04716,smithdavid,Niue,25,trend_hopper,2025-05-11,0.47,0.12,"tech,gaming,fitness"
U04717,kristine09,Bouvet Island (Bouvetoya),31,active_engager,2026-03-24,0.45,0.23,"fitness,sports,finance"
U04718,duaneroberson,South Africa,25,binge_user,2026-04-14,0.77,0.08,"fitness,memes,anime"
U04719,leroyhill,Iraq,24,binge_user,2025-03-30,0.89,0.14,"music,finance,fitness"
U04720,thomas57,Bangladesh,40,trend_hopper,2025-01-13,0.31,0.05,"tech,music,memes"
U04721,samuelcollins,Saint Lucia,33,binge_user,2025-08-31,0.84,0.07,"food,finance,gaming"
U04722,urodriguez,Switzerland,42,passive_scroller,2025-03-06,0.22,0.04,"music,sports,fitness"
U04723,jack91,Qatar,43,binge_user,2025-09-17,0.78,0.06,"fitness,gaming,anime"
U04724,hernandezjennifer,Uruguay,23,active_engager,2026-03-23,0.69,0.3,"sports,fitness,finance"
U04725,reedmatthew,Greenland,35,active_engager,2026-02-05,0.42,0.23,"gaming,fitness,music"
U04726,meyeremily,Puerto Rico,35,active_engager,2026-04-20,0.46,0.2,"music,memes,finance"
U04727,matthew04,Belarus,18,active_engager,2025-09-13,0.4,0.26,"fitness,sports,gaming"
U04728,xmoore,New Caledonia,23,active_engager,2025-07-19,0.62,0.3,"gaming,finance,food"
U04729,barkerjon,Montenegro,27,binge_user,2026-01-22,0.95,0.06,"music,food,gaming"
U04730,carterbobby,Holy See (Vatican City State),24,passive_scroller,2025-02-10,0.25,0.04,"memes,food,fitness"
U04731,williamsmatthew,Andorra,36,passive_scroller,2025-06-27,0.31,0.02,"gaming,memes,sports"
U04732,nicole76,Bahamas,35,binge_user,2025-04-11,0.88,0.05,"tech,food,finance"
U04733,johnathanvargas,British Virgin Islands,39,active_engager,2025-03-01,0.61,0.16,"sports,anime,fitness"
U04734,mikelee,Palestinian Territory,43,passive_scroller,2026-01-22,0.28,0.04,"memes,food,fitness"
U04735,uthompson,Iran,32,binge_user,2025-02-18,0.73,0.07,"finance,music,food"
U04736,bleonard,Angola,28,binge_user,2025-09-14,0.94,0.11,"memes,music,tech"
U04737,jessica29,Benin,23,passive_scroller,2026-03-18,0.16,0.03,"tech,sports,anime"
U04738,suttoncarolyn,Samoa,23,passive_scroller,2025-01-13,0.3,0.01,"finance,sports,anime"
U04739,uelliott,Sao Tome and Principe,30,active_engager,2026-03-15,0.6,0.31,"tech,food,memes"
U04740,evan74,Chad,41,passive_scroller,2025-06-30,0.39,0.02,"memes,anime,sports"
U04741,garciaderrick,Switzerland,44,binge_user,2025-02-11,0.77,0.06,"food,gaming,sports"
U04742,jessicaramirez,Saint Vincent and the Grenadines,32,passive_scroller,2025-08-17,0.35,0.04,"finance,fitness,memes"
U04743,michaelsims,Iceland,31,passive_scroller,2025-02-20,0.22,0.04,"tech,gaming,anime"
U04744,hansoncarl,Iceland,44,passive_scroller,2025-07-30,0.31,0.04,"finance,sports,tech"
U04745,rodriguezcandice,Germany,36,passive_scroller,2025-06-27,0.14,0.03,"sports,gaming,food"
U04746,zacharygreen,Israel,34,active_engager,2025-01-30,0.63,0.33,"memes,music,anime"
U04747,ndyer,Martinique,30,trend_hopper,2025-05-06,0.52,0.1,"music,sports,tech"
U04748,blake45,San Marino,30,binge_user,2025-07-06,0.8,0.14,"fitness,food,finance"
U04749,mariofranco,Malawi,32,binge_user,2025-03-31,0.75,0.07,"tech,anime,sports"
U04750,kevinyu,Christmas Island,33,passive_scroller,2026-03-18,0.13,0.02,"finance,gaming,memes"
U04751,jonesannette,Luxembourg,25,active_engager,2025-03-15,0.54,0.27,"tech,sports,fitness"
U04752,susanhernandez,Montserrat,42,trend_hopper,2025-06-18,0.46,0.11,"anime,sports,food"
U04753,kimberly86,Liechtenstein,26,passive_scroller,2025-04-23,0.13,0.02,"tech,sports,gaming"
U04754,gonzalezaaron,Netherlands Antilles,27,trend_hopper,2025-11-10,0.35,0.06,"sports,finance,memes"
U04755,kharmon,Belize,35,passive_scroller,2025-07-27,0.38,0.03,"music,memes,anime"
U04756,nicholasfitzgerald,Saint Kitts and Nevis,41,passive_scroller,2026-03-11,0.11,0.04,"sports,finance,tech"
U04757,torreslauren,Guadeloupe,38,binge_user,2025-08-05,0.99,0.11,"food,memes,music"
U04758,zward,South Georgia and the South Sandwich Islands,45,binge_user,2025-08-24,0.72,0.06,"anime,fitness,food"
U04759,anna22,Belgium,34,binge_user,2025-09-14,0.81,0.14,"anime,food,music"
U04760,alewis,Egypt,39,passive_scroller,2025-01-10,0.27,0.02,"sports,finance,fitness"
U04761,whitney22,Denmark,27,trend_hopper,2026-04-03,0.52,0.1,"music,anime,tech"
U04762,rogersjesse,Montenegro,30,binge_user,2025-03-21,0.81,0.1,"gaming,finance,sports"
U04763,maryharmon,Kiribati,38,active_engager,2025-06-19,0.65,0.34,"anime,gaming,tech"
U04764,patriciaanderson,Kiribati,25,active_engager,2025-01-04,0.6,0.18,"finance,tech,sports"
U04765,anthonydiaz,Puerto Rico,24,active_engager,2025-05-31,0.42,0.29,"gaming,music,memes"
U04766,kgoodwin,Iraq,18,trend_hopper,2026-02-11,0.43,0.09,"finance,anime,tech"
U04767,margaret44,Australia,43,binge_user,2025-08-05,0.82,0.06,"sports,food,fitness"
U04768,nmartinez,Serbia,34,active_engager,2025-06-29,0.69,0.33,"sports,fitness,tech"
U04769,gwendolyn42,United States Virgin Islands,27,binge_user,2025-10-25,0.82,0.07,"fitness,memes,gaming"
U04770,barryfletcher,Turks and Caicos Islands,44,active_engager,2026-01-04,0.57,0.28,"anime,fitness,sports"
U04771,brian89,Cambodia,42,binge_user,2025-08-30,0.8,0.15,"fitness,memes,music"
U04772,uroberts,Netherlands,40,active_engager,2025-11-11,0.66,0.31,"tech,sports,finance"
U04773,amanda79,Oman,32,binge_user,2025-07-17,0.79,0.13,"fitness,music,memes"
U04774,daniel81,Timor-Leste,43,binge_user,2025-10-25,0.97,0.11,"fitness,gaming,memes"
U04775,mtucker,Mayotte,28,passive_scroller,2025-05-16,0.2,0.02,"tech,finance,anime"
U04776,aliciagoodwin,Seychelles,25,passive_scroller,2025-05-29,0.21,0.02,"gaming,fitness,food"
U04777,howellsierra,Croatia,35,active_engager,2025-01-29,0.66,0.28,"tech,food,anime"
U04778,karen15,Iraq,36,trend_hopper,2025-08-24,0.32,0.08,"tech,finance,music"
U04779,david10,Switzerland,38,binge_user,2026-03-06,0.7,0.07,"food,fitness,tech"
U04780,michellediaz,Guinea,35,binge_user,2025-02-11,0.84,0.07,"music,fitness,tech"
U04781,rscott,Kyrgyz Republic,39,active_engager,2026-04-21,0.7,0.25,"gaming,anime,music"
U04782,allenrebecca,Sweden,29,passive_scroller,2025-08-19,0.24,0.05,"finance,memes,fitness"
U04783,danny36,United Kingdom,32,trend_hopper,2026-03-13,0.47,0.08,"sports,finance,food"
U04784,hhoffman,Korea,39,active_engager,2025-12-17,0.45,0.29,"food,music,sports"
U04785,brownteresa,Saint Pierre and Miquelon,18,binge_user,2025-02-21,0.76,0.06,"memes,tech,finance"
U04786,richardmorales,Burkina Faso,41,binge_user,2025-08-21,0.81,0.07,"fitness,gaming,music"
U04787,tylerramirez,United Arab Emirates,41,trend_hopper,2025-08-11,0.6,0.06,"memes,music,food"
U04788,cookandrea,Niger,43,binge_user,2025-08-30,0.92,0.1,"food,music,memes"
U04789,johnvelasquez,Romania,42,active_engager,2026-02-18,0.54,0.22,"sports,fitness,music"
U04790,ewhite,Georgia,39,passive_scroller,2026-03-10,0.11,0.03,"tech,food,anime"
U04791,andrewrobinson,Bahrain,19,binge_user,2025-02-04,0.95,0.11,"music,fitness,gaming"
U04792,jerrysmith,United States Virgin Islands,34,trend_hopper,2025-06-24,0.51,0.09,"sports,music,tech"
U04793,mluna,Nicaragua,35,passive_scroller,2026-04-02,0.19,0.04,"anime,tech,finance"
U04794,bauerchristian,China,35,active_engager,2025-08-29,0.63,0.22,"memes,anime,tech"
U04795,jennifer90,Guernsey,30,active_engager,2025-10-06,0.47,0.27,"gaming,tech,anime"
U04796,danielwilkinson,Slovakia (Slovak Republic),43,binge_user,2026-01-06,0.71,0.07,"finance,sports,fitness"
U04797,clarkcarl,Saint Kitts and Nevis,45,binge_user,2026-01-09,0.79,0.13,"gaming,music,tech"
U04798,keith67,Western Sahara,44,trend_hopper,2026-04-30,0.53,0.07,"music,anime,sports"
U04799,lwyatt,Ghana,19,binge_user,2026-04-19,0.89,0.11,"gaming,music,memes"
U04800,haroldrich,Singapore,19,trend_hopper,2025-10-08,0.45,0.11,"memes,tech,sports"
U04801,rivaskaren,Guam,24,trend_hopper,2025-06-07,0.53,0.09,"food,anime,sports"
U04802,agamble,Cape Verde,44,passive_scroller,2025-06-07,0.33,0.03,"gaming,fitness,music"
U04803,raymondgardner,Guam,39,passive_scroller,2025-10-21,0.28,0.03,"fitness,music,tech"
U04804,wfreeman,Seychelles,27,trend_hopper,2025-04-01,0.47,0.06,"finance,anime,memes"
U04805,margaret60,Belarus,30,active_engager,2026-03-22,0.45,0.23,"tech,food,memes"
U04806,murphykyle,Tajikistan,20,binge_user,2025-09-10,0.84,0.13,"music,memes,tech"
U04807,rbarry,Moldova,23,passive_scroller,2026-03-25,0.2,0.04,"music,gaming,tech"
U04808,kimberly42,Italy,31,passive_scroller,2026-04-22,0.12,0.04,"music,gaming,tech"
U04809,kathy19,Zambia,29,trend_hopper,2025-09-14,0.42,0.08,"gaming,music,fitness"
U04810,paynedestiny,Isle of Man,27,active_engager,2025-09-02,0.59,0.29,"gaming,memes,music"
U04811,ggarcia,British Indian Ocean Territory (Chagos Archipelago),24,trend_hopper,2026-03-13,0.54,0.07,"fitness,sports,tech"
U04812,jessicaanderson,Lesotho,32,passive_scroller,2025-01-31,0.34,0.04,"tech,anime,gaming"
U04813,jennifer42,Saint Lucia,27,passive_scroller,2025-11-20,0.3,0.02,"gaming,sports,music"
U04814,kathleenkelly,Tokelau,28,passive_scroller,2026-01-13,0.19,0.02,"anime,gaming,sports"
U04815,marissa08,Kiribati,21,trend_hopper,2026-04-12,0.31,0.12,"gaming,finance,fitness"
U04816,jmorales,Benin,25,passive_scroller,2025-06-13,0.22,0.01,"music,food,memes"
U04817,qandrade,Netherlands Antilles,41,trend_hopper,2025-08-27,0.42,0.06,"anime,gaming,memes"
U04818,andrew03,Syrian Arab Republic,39,trend_hopper,2025-10-14,0.38,0.06,"gaming,fitness,memes"
U04819,jacobwalters,Saint Barthelemy,33,active_engager,2025-11-04,0.43,0.33,"memes,sports,food"
U04820,jessicamcknight,Gambia,40,binge_user,2025-03-11,0.79,0.15,"fitness,finance,gaming"
U04821,dwarner,Saudi Arabia,42,binge_user,2025-04-07,0.85,0.13,"anime,fitness,finance"
U04822,vincent59,Bouvet Island (Bouvetoya),29,binge_user,2026-02-09,0.81,0.1,"finance,sports,food"
U04823,oreed,Gambia,23,active_engager,2025-07-08,0.67,0.19,"sports,memes,finance"
U04824,rmoreno,Vietnam,28,active_engager,2025-11-30,0.45,0.26,"memes,tech,sports"
U04825,mcastro,American Samoa,28,binge_user,2025-10-27,0.87,0.06,"music,food,tech"
U04826,rachel81,Sudan,28,binge_user,2025-02-04,1.0,0.05,"food,memes,tech"
U04827,robin40,Yemen,21,passive_scroller,2025-12-08,0.39,0.04,"sports,tech,food"
U04828,jonesrobert,Switzerland,20,trend_hopper,2025-01-26,0.48,0.1,"tech,food,anime"
U04829,brownsara,Senegal,34,trend_hopper,2025-07-22,0.56,0.07,"finance,gaming,food"
U04830,sandracruz,Ethiopia,34,passive_scroller,2025-12-17,0.16,0.03,"sports,fitness,food"
U04831,kyle56,Saint Helena,42,passive_scroller,2026-04-25,0.2,0.03,"finance,music,memes"
U04832,browncharles,Colombia,23,active_engager,2025-01-13,0.49,0.35,"sports,anime,fitness"
U04833,jenniferwilliams,Guadeloupe,37,trend_hopper,2026-01-03,0.58,0.1,"memes,gaming,food"
U04834,yharris,Slovakia (Slovak Republic),33,trend_hopper,2025-08-16,0.57,0.11,"food,music,sports"
U04835,kevinpowell,Sri Lanka,43,passive_scroller,2025-05-08,0.19,0.01,"fitness,food,finance"
U04836,avaldez,Togo,34,binge_user,2025-05-28,0.78,0.13,"finance,sports,tech"
U04837,ann02,Uzbekistan,33,passive_scroller,2025-07-08,0.14,0.04,"fitness,food,music"
U04838,petersenadam,Uzbekistan,30,binge_user,2025-11-01,0.88,0.12,"food,music,finance"
U04839,glennallen,Senegal,22,active_engager,2025-11-05,0.65,0.15,"memes,gaming,finance"
U04840,howard77,Venezuela,34,passive_scroller,2025-03-09,0.16,0.04,"fitness,memes,tech"
U04841,fieldspaul,Solomon Islands,45,passive_scroller,2026-01-12,0.38,0.02,"finance,anime,fitness"
U04842,qvillarreal,Equatorial Guinea,26,active_engager,2025-03-10,0.67,0.15,"memes,tech,anime"
U04843,scottanna,Sao Tome and Principe,35,passive_scroller,2026-03-23,0.11,0.02,"gaming,anime,memes"
U04844,mitchell41,Anguilla,20,binge_user,2025-02-01,0.8,0.06,"music,sports,gaming"
U04845,connor78,Fiji,39,active_engager,2025-11-19,0.68,0.29,"anime,music,fitness"
U04846,ccompton,Suriname,42,active_engager,2025-09-16,0.66,0.22,"music,sports,food"
U04847,vwalker,Belgium,20,passive_scroller,2025-01-17,0.37,0.05,"music,gaming,finance"
U04848,pevans,Burkina Faso,24,trend_hopper,2025-09-01,0.3,0.09,"gaming,anime,memes"
U04849,mosleynicholas,Greenland,43,trend_hopper,2025-08-16,0.6,0.11,"gaming,finance,memes"
U04850,snowmark,Turkmenistan,27,binge_user,2025-05-08,0.89,0.15,"memes,music,food"
U04851,kday,Bosnia and Herzegovina,44,passive_scroller,2026-04-21,0.17,0.05,"food,sports,memes"
U04852,jeffreywilliams,Mayotte,42,trend_hopper,2026-03-10,0.34,0.06,"gaming,tech,anime"
U04853,brownjennifer,Burkina Faso,28,binge_user,2026-01-30,0.9,0.15,"gaming,anime,tech"
U04854,tracibrown,Indonesia,21,passive_scroller,2025-12-23,0.37,0.04,"gaming,memes,food"
U04855,ortizmichelle,South Georgia and the South Sandwich Islands,31,trend_hopper,2026-04-10,0.51,0.07,"memes,finance,sports"
U04856,bryantstephanie,United States Virgin Islands,23,trend_hopper,2025-01-09,0.48,0.07,"food,sports,gaming"
U04857,lindajackson,Slovenia,38,passive_scroller,2025-11-17,0.26,0.02,"sports,tech,anime"
U04858,qwilson,Belize,29,binge_user,2025-07-21,0.71,0.12,"anime,gaming,food"
U04859,michelle83,Tajikistan,41,passive_scroller,2025-02-01,0.17,0.03,"tech,music,gaming"
U04860,ian67,Nicaragua,34,trend_hopper,2025-10-09,0.36,0.11,"gaming,food,sports"
U04861,xrussell,Gabon,42,active_engager,2025-12-13,0.44,0.17,"memes,finance,gaming"
U04862,joel51,Aruba,30,active_engager,2025-08-18,0.43,0.34,"anime,memes,sports"
U04863,vcobb,Tonga,29,trend_hopper,2025-05-13,0.57,0.07,"gaming,food,anime"
U04864,xhall,Bulgaria,27,active_engager,2025-02-27,0.67,0.21,"gaming,fitness,music"
U04865,kimpeterson,Bangladesh,32,binge_user,2025-01-18,0.76,0.09,"finance,memes,gaming"
U04866,gerald07,France,32,trend_hopper,2025-04-24,0.32,0.08,"finance,anime,sports"
U04867,eric34,Timor-Leste,31,passive_scroller,2025-07-03,0.2,0.01,"sports,tech,finance"
U04868,nsparks,Latvia,31,binge_user,2026-04-14,0.95,0.07,"tech,gaming,sports"
U04869,javier62,Eritrea,22,passive_scroller,2025-10-24,0.34,0.01,"fitness,food,music"
U04870,zking,Vietnam,20,binge_user,2025-02-01,0.8,0.13,"food,music,finance"
U04871,john30,China,27,trend_hopper,2025-09-05,0.59,0.05,"fitness,gaming,sports"
U04872,woodwardmackenzie,Cuba,18,trend_hopper,2026-04-22,0.44,0.07,"fitness,tech,gaming"
U04873,zyoung,Maldives,37,passive_scroller,2026-03-07,0.22,0.04,"sports,food,memes"
U04874,wkelley,Belgium,33,active_engager,2025-02-25,0.41,0.21,"food,sports,anime"
U04875,teresabarajas,Panama,44,active_engager,2025-07-08,0.48,0.2,"gaming,memes,music"
U04876,smithmatthew,Maldives,29,active_engager,2025-02-28,0.41,0.29,"music,sports,gaming"
U04877,tracy76,Solomon Islands,33,binge_user,2025-08-19,0.9,0.06,"gaming,fitness,music"
U04878,ysoto,Lesotho,36,active_engager,2025-09-03,0.41,0.16,"memes,sports,anime"
U04879,gardnerruben,Western Sahara,30,active_engager,2025-07-05,0.57,0.35,"food,tech,sports"
U04880,jean25,Guam,19,passive_scroller,2026-02-16,0.26,0.04,"food,finance,music"
U04881,martinricky,Trinidad and Tobago,39,active_engager,2025-10-14,0.62,0.34,"memes,music,anime"
U04882,obullock,Namibia,42,binge_user,2025-09-13,0.77,0.12,"food,memes,fitness"
U04883,wallsmegan,French Southern Territories,39,trend_hopper,2026-03-04,0.43,0.1,"sports,memes,finance"
U04884,qperez,Hong Kong,37,binge_user,2025-02-14,0.97,0.07,"tech,finance,anime"
U04885,ramseynicholas,Haiti,21,active_engager,2025-10-06,0.41,0.21,"gaming,finance,music"
U04886,smithjames,Solomon Islands,18,binge_user,2025-05-25,0.74,0.12,"memes,fitness,finance"
U04887,vsanchez,Niger,20,active_engager,2025-01-24,0.54,0.19,"memes,gaming,finance"
U04888,davidaguilar,Hungary,45,trend_hopper,2025-12-28,0.32,0.09,"memes,music,gaming"
U04889,tylerphillips,Central African Republic,40,active_engager,2025-10-09,0.41,0.32,"finance,tech,music"
U04890,markmoyer,Algeria,33,binge_user,2026-01-03,0.91,0.05,"memes,fitness,tech"
U04891,amanda42,Libyan Arab Jamahiriya,38,passive_scroller,2025-10-15,0.22,0.02,"sports,tech,music"
U04892,kevinparker,Montserrat,31,active_engager,2025-03-19,0.49,0.2,"anime,memes,tech"
U04893,daniel14,Cape Verde,34,passive_scroller,2026-03-03,0.19,0.02,"anime,fitness,tech"
U04894,clandry,Dominica,24,binge_user,2025-05-12,0.79,0.05,"memes,food,anime"
U04895,jeremywu,Paraguay,20,passive_scroller,2025-11-08,0.37,0.02,"fitness,memes,music"
U04896,alexanderleah,South Georgia and the South Sandwich Islands,40,active_engager,2025-09-08,0.6,0.18,"sports,memes,music"
U04897,brownamber,Zimbabwe,35,trend_hopper,2025-04-01,0.5,0.11,"music,fitness,finance"
U04898,christine57,North Macedonia,42,passive_scroller,2025-08-05,0.14,0.03,"music,anime,food"
U04899,alexander61,Palau,29,trend_hopper,2025-05-13,0.31,0.11,"food,music,tech"
U04900,collinsangelica,Solomon Islands,44,active_engager,2025-11-05,0.68,0.27,"tech,memes,anime"
U04901,mossmegan,Belize,41,active_engager,2025-07-03,0.63,0.24,"fitness,food,sports"
U04902,denisechung,Italy,32,active_engager,2025-02-26,0.59,0.24,"fitness,sports,memes"
U04903,marywhitehead,Antarctica (the territory South of 60 deg S),38,trend_hopper,2026-03-17,0.41,0.06,"gaming,fitness,finance"
U04904,toddlynch,Albania,24,binge_user,2025-10-17,0.86,0.11,"gaming,fitness,tech"
U04905,anthonythompson,Central African Republic,40,binge_user,2026-02-12,0.97,0.1,"fitness,sports,tech"
U04906,astone,French Southern Territories,22,trend_hopper,2025-07-15,0.45,0.06,"food,sports,anime"
U04907,justin32,Afghanistan,36,trend_hopper,2025-05-15,0.44,0.08,"music,gaming,sports"
U04908,angela07,Dominican Republic,31,active_engager,2026-01-09,0.42,0.26,"tech,fitness,food"
U04909,catherinewiggins,Uganda,43,trend_hopper,2025-06-08,0.35,0.08,"food,fitness,gaming"
U04910,bwhitehead,Jersey,29,passive_scroller,2025-05-06,0.16,0.02,"finance,music,sports"
U04911,rbowen,Brazil,40,passive_scroller,2025-11-16,0.16,0.04,"anime,fitness,music"
U04912,kevin40,Guinea-Bissau,39,binge_user,2025-08-15,0.98,0.05,"memes,fitness,music"
U04913,charlesanderson,Guinea-Bissau,23,binge_user,2026-03-01,0.75,0.13,"music,fitness,tech"
U04914,orocha,Suriname,38,passive_scroller,2025-05-02,0.36,0.01,"food,memes,fitness"
U04915,preston57,China,34,trend_hopper,2026-02-15,0.52,0.07,"gaming,music,sports"
U04916,ryansanchez,Montserrat,43,passive_scroller,2025-12-29,0.22,0.02,"gaming,sports,tech"
U04917,steven45,Latvia,31,active_engager,2025-10-25,0.66,0.32,"anime,food,gaming"
U04918,geraldmartin,Argentina,40,trend_hopper,2025-03-08,0.49,0.05,"finance,fitness,music"
U04919,denniskhan,Uruguay,35,trend_hopper,2026-01-28,0.36,0.11,"gaming,anime,sports"
U04920,bradfordteresa,Maldives,35,binge_user,2025-12-18,0.94,0.06,"music,finance,memes"
U04921,blanchardkelly,Albania,44,trend_hopper,2025-03-04,0.56,0.12,"tech,fitness,food"
U04922,kevinpierce,Luxembourg,18,binge_user,2026-02-11,0.78,0.1,"finance,food,fitness"
U04923,davidsmith,Kazakhstan,43,binge_user,2025-12-28,0.99,0.1,"tech,sports,fitness"
U04924,matthew59,Solomon Islands,32,active_engager,2025-03-18,0.45,0.31,"memes,music,food"
U04925,andrew55,Uganda,37,active_engager,2026-02-11,0.64,0.3,"finance,fitness,tech"
U04926,zparrish,Samoa,35,binge_user,2025-04-20,0.76,0.12,"food,fitness,music"
U04927,brandon28,Reunion,30,passive_scroller,2025-06-04,0.11,0.03,"fitness,sports,music"
U04928,phanson,Montserrat,25,active_engager,2025-04-07,0.67,0.15,"memes,sports,anime"
U04929,larsenkenneth,Liechtenstein,33,binge_user,2025-02-22,0.71,0.12,"food,sports,memes"
U04930,seanrichardson,South Africa,28,active_engager,2025-09-03,0.65,0.32,"sports,food,finance"
U04931,ginaedwards,United Kingdom,42,passive_scroller,2025-08-23,0.12,0.01,"fitness,gaming,finance"
U04932,hgilbert,Madagascar,42,passive_scroller,2025-07-29,0.37,0.02,"food,music,finance"
U04933,travisparker,French Guiana,18,active_engager,2025-05-27,0.44,0.17,"music,fitness,memes"
U04934,brian78,Barbados,25,passive_scroller,2025-01-20,0.34,0.04,"anime,finance,memes"
U04935,campbellbarbara,Peru,21,active_engager,2026-03-22,0.69,0.19,"gaming,music,food"
U04936,michaelhernandez,Finland,28,trend_hopper,2025-06-12,0.54,0.1,"tech,music,gaming"
U04937,judithbrown,United States Virgin Islands,21,passive_scroller,2026-01-09,0.25,0.04,"anime,gaming,food"
U04938,markwilson,Turks and Caicos Islands,29,passive_scroller,2025-02-28,0.22,0.01,"memes,gaming,tech"
U04939,sarnold,Finland,23,passive_scroller,2026-01-26,0.15,0.03,"food,tech,finance"
U04940,tlittle,Russian Federation,33,active_engager,2025-05-25,0.49,0.16,"anime,memes,tech"
U04941,uhansen,Kenya,36,binge_user,2025-11-25,0.85,0.09,"anime,fitness,sports"
U04942,daniellefisher,Denmark,36,binge_user,2025-01-02,0.97,0.08,"music,anime,food"
U04943,smithwilliam,Macao,21,trend_hopper,2025-06-10,0.54,0.1,"food,memes,gaming"
U04944,zspence,Saint Helena,41,passive_scroller,2025-09-16,0.12,0.02,"music,gaming,anime"
U04945,bianca28,Bermuda,30,passive_scroller,2026-04-19,0.13,0.02,"food,memes,finance"
U04946,vmejia,Iceland,29,active_engager,2025-10-22,0.51,0.28,"memes,gaming,anime"
U04947,sanchezbrad,South Africa,36,active_engager,2025-10-07,0.46,0.3,"finance,tech,sports"
U04948,davidgonzales,Guam,35,binge_user,2026-04-22,0.94,0.08,"gaming,finance,tech"
U04949,bakerpatrick,Venezuela,43,passive_scroller,2025-08-07,0.19,0.05,"music,gaming,finance"
U04950,zsmith,Mauritania,44,passive_scroller,2026-01-16,0.2,0.03,"anime,tech,sports"
U04951,david05,Ukraine,22,passive_scroller,2025-07-09,0.19,0.03,"anime,music,finance"
U04952,yyoung,Christmas Island,36,passive_scroller,2025-06-26,0.22,0.05,"anime,sports,memes"
U04953,harrisdeborah,Kazakhstan,42,binge_user,2025-05-27,0.76,0.1,"memes,finance,food"
U04954,smithnathaniel,Sri Lanka,39,passive_scroller,2026-02-21,0.27,0.01,"food,gaming,memes"
U04955,tacevedo,Oman,25,binge_user,2025-10-09,0.94,0.09,"tech,music,memes"
U04956,melanie52,Togo,24,active_engager,2025-02-11,0.61,0.17,"anime,gaming,fitness"
U04957,zguerra,Monaco,37,trend_hopper,2026-03-25,0.56,0.11,"food,anime,sports"
U04958,sara67,Papua New Guinea,21,trend_hopper,2025-02-28,0.35,0.1,"memes,food,music"
U04959,johnmitchell,Switzerland,36,trend_hopper,2025-02-25,0.32,0.06,"memes,sports,tech"
U04960,tharvey,Australia,20,active_engager,2026-02-15,0.53,0.24,"fitness,music,food"
U04961,ddiaz,Bahrain,18,active_engager,2026-01-02,0.5,0.19,"music,tech,finance"
U04962,bpark,Nicaragua,34,passive_scroller,2025-08-10,0.34,0.05,"fitness,tech,music"
U04963,lovestephen,Palestinian Territory,24,passive_scroller,2025-10-14,0.26,0.03,"food,memes,fitness"
U04964,patrickrobertson,Turkmenistan,38,trend_hopper,2025-04-29,0.36,0.11,"gaming,anime,sports"
U04965,linda16,Haiti,28,trend_hopper,2025-04-08,0.34,0.12,"gaming,memes,finance"
U04966,alexandermichael,Netherlands Antilles,21,trend_hopper,2025-05-06,0.5,0.1,"finance,anime,food"
U04967,lisamiller,Iraq,27,binge_user,2025-10-10,0.83,0.14,"food,gaming,memes"
U04968,stephenmartinez,Jamaica,36,active_engager,2025-04-03,0.55,0.21,"tech,music,memes"
U04969,julie89,Sri Lanka,23,binge_user,2026-04-13,0.96,0.14,"fitness,finance,anime"
U04970,mathewsshawn,Dominican Republic,36,active_engager,2025-10-06,0.44,0.28,"fitness,music,sports"
U04971,andersonkyle,Brazil,19,trend_hopper,2025-02-13,0.57,0.09,"memes,tech,gaming"
U04972,tiffany46,Serbia,18,trend_hopper,2025-10-05,0.38,0.09,"finance,anime,music"
U04973,stefaniewyatt,Congo,33,passive_scroller,2025-01-11,0.22,0.03,"anime,finance,music"
U04974,allenkaren,Grenada,26,passive_scroller,2025-07-23,0.33,0.04,"music,fitness,memes"
U04975,baldwinsarah,Madagascar,28,active_engager,2025-03-28,0.68,0.17,"food,sports,finance"
U04976,michaelstewart,Ghana,30,passive_scroller,2025-10-20,0.26,0.01,"finance,gaming,anime"
U04977,bcarpenter,Switzerland,35,active_engager,2025-03-05,0.53,0.17,"fitness,gaming,anime"
U04978,lbarrett,North Macedonia,37,active_engager,2025-08-30,0.66,0.31,"finance,memes,sports"
U04979,boyledonald,Palau,37,trend_hopper,2025-04-25,0.51,0.09,"food,tech,sports"
U04980,mrose,Egypt,41,trend_hopper,2025-09-28,0.44,0.07,"memes,gaming,fitness"
U04981,michael33,Bahamas,35,binge_user,2025-01-02,0.76,0.1,"memes,gaming,fitness"
U04982,joshua04,Belarus,24,passive_scroller,2025-12-16,0.27,0.02,"anime,sports,music"
U04983,rcruz,Turks and Caicos Islands,37,passive_scroller,2026-02-22,0.27,0.02,"food,sports,tech"
U04984,vmcfarland,Qatar,35,trend_hopper,2025-11-12,0.48,0.06,"music,memes,gaming"
U04985,sandramercer,Ireland,29,binge_user,2025-05-16,0.75,0.11,"fitness,gaming,sports"
U04986,akent,Turkmenistan,30,trend_hopper,2025-09-21,0.48,0.09,"gaming,tech,fitness"
U04987,judyadams,Hong Kong,39,binge_user,2025-08-30,1.0,0.08,"gaming,anime,memes"
U04988,fclark,South Africa,19,passive_scroller,2025-11-18,0.39,0.04,"gaming,finance,sports"
U04989,frostlaurie,Denmark,27,passive_scroller,2025-07-21,0.3,0.01,"memes,fitness,food"
U04990,shannonmatthew,Cuba,39,active_engager,2025-02-14,0.68,0.34,"memes,music,sports"
U04991,smithsuzanne,Estonia,28,passive_scroller,2025-06-30,0.13,0.04,"food,music,tech"
U04992,cpowell,Tonga,41,binge_user,2025-08-12,1.0,0.13,"finance,tech,sports"
U04993,dawn08,Poland,28,binge_user,2026-03-17,0.98,0.06,"tech,sports,music"
U04994,caitlin05,Lao People's Democratic Republic,42,trend_hopper,2025-03-27,0.38,0.1,"food,memes,music"
U04995,ywheeler,Somalia,27,passive_scroller,2025-02-24,0.22,0.04,"music,tech,anime"
U04996,jeremysimmons,Austria,32,binge_user,2025-01-06,0.8,0.13,"anime,sports,finance"
U04997,bfowler,Bolivia,36,binge_user,2025-10-04,0.88,0.05,"fitness,finance,memes"
U04998,istevens,Belgium,32,trend_hopper,2025-02-28,0.48,0.07,"anime,tech,fitness"
U04999,fhorton,San Marino,34,passive_scroller,2025-09-01,0.25,0.01,"gaming,food,fitness"
U05000,kthompson,Eritrea,39,active_engager,2025-08-31,0.41,0.35,"food,tech,sports"
